
C:/Users/gabri/OneDrive/Desktop/projetosRaspberry/coresLed/build/coresLed.elf:     file format elf32-littlearm

Sections:
Idx Name          Size      VMA       LMA       File off  Algn
  0 .boot2        00000100  10000000  10000000  00001000  2**0
                  CONTENTS, ALLOC, LOAD, READONLY, CODE
  1 .text         00005fa0  10000100  10000100  00001100  2**3
                  CONTENTS, ALLOC, LOAD, READONLY, CODE
  2 .rodata       0000072c  100060a0  100060a0  000070a0  2**2
                  CONTENTS, ALLOC, LOAD, READONLY, DATA
  3 .binary_info  00000024  100067cc  100067cc  000077cc  2**2
                  CONTENTS, ALLOC, LOAD, READONLY, DATA
  4 .ram_vector_table 000000c0  20000000  20000000  0000a000  2**2
                  ALLOC
  5 .data         00001388  200000c0  100067f0  000080c0  2**4
                  CONTENTS, ALLOC, LOAD, READONLY, CODE
  6 .uninitialized_data 00000000  20001448  20001448  00009448  2**0
                  CONTENTS
  7 .scratch_x    00000000  20040000  20040000  00009448  2**0
                  CONTENTS
  8 .scratch_y    00000000  20041000  20041000  00009448  2**0
                  CONTENTS
  9 .bss          00000f60  20001448  20001448  0000a000  2**3
                  ALLOC
 10 .heap         00000800  200023a8  200023a8  00009448  2**2
                  CONTENTS, READONLY
 11 .stack_dummy  00000800  20041000  20041000  00009c60  2**5
                  CONTENTS, READONLY
 12 .ARM.attributes 00000028  00000000  00000000  0000a460  2**0
                  CONTENTS, READONLY
 13 .comment      00000045  00000000  00000000  0000a488  2**0
                  CONTENTS, READONLY
 14 .debug_line_str 000000c9  00000000  00000000  0000a4cd  2**0
                  CONTENTS, READONLY, DEBUGGING, OCTETS
 15 .debug_frame  000003e8  00000000  00000000  0000a598  2**2
                  CONTENTS, READONLY, DEBUGGING, OCTETS

C:/Users/gabri/OneDrive/Desktop/projetosRaspberry/coresLed/build/coresLed.elf:     file format elf32-littlearm


Disassembly of section .boot2:

10000000 <__boot2_start__>:
10000000:	4b32b500 	.word	0x4b32b500
10000004:	60582021 	.word	0x60582021
10000008:	21026898 	.word	0x21026898
1000000c:	60984388 	.word	0x60984388
10000010:	611860d8 	.word	0x611860d8
10000014:	4b2e6158 	.word	0x4b2e6158
10000018:	60992100 	.word	0x60992100
1000001c:	61592102 	.word	0x61592102
10000020:	22f02101 	.word	0x22f02101
10000024:	492b5099 	.word	0x492b5099
10000028:	21016019 	.word	0x21016019
1000002c:	20356099 	.word	0x20356099
10000030:	f844f000 	.word	0xf844f000
10000034:	42902202 	.word	0x42902202
10000038:	2106d014 	.word	0x2106d014
1000003c:	f0006619 	.word	0xf0006619
10000040:	6e19f834 	.word	0x6e19f834
10000044:	66192101 	.word	0x66192101
10000048:	66182000 	.word	0x66182000
1000004c:	f000661a 	.word	0xf000661a
10000050:	6e19f82c 	.word	0x6e19f82c
10000054:	6e196e19 	.word	0x6e196e19
10000058:	f0002005 	.word	0xf0002005
1000005c:	2101f82f 	.word	0x2101f82f
10000060:	d1f94208 	.word	0xd1f94208
10000064:	60992100 	.word	0x60992100
10000068:	6019491b 	.word	0x6019491b
1000006c:	60592100 	.word	0x60592100
10000070:	481b491a 	.word	0x481b491a
10000074:	21016001 	.word	0x21016001
10000078:	21eb6099 	.word	0x21eb6099
1000007c:	21a06619 	.word	0x21a06619
10000080:	f0006619 	.word	0xf0006619
10000084:	2100f812 	.word	0x2100f812
10000088:	49166099 	.word	0x49166099
1000008c:	60014814 	.word	0x60014814
10000090:	60992101 	.word	0x60992101
10000094:	2800bc01 	.word	0x2800bc01
10000098:	4700d000 	.word	0x4700d000
1000009c:	49134812 	.word	0x49134812
100000a0:	c8036008 	.word	0xc8036008
100000a4:	8808f380 	.word	0x8808f380
100000a8:	b5034708 	.word	0xb5034708
100000ac:	20046a99 	.word	0x20046a99
100000b0:	d0fb4201 	.word	0xd0fb4201
100000b4:	42012001 	.word	0x42012001
100000b8:	bd03d1f8 	.word	0xbd03d1f8
100000bc:	6618b502 	.word	0x6618b502
100000c0:	f7ff6618 	.word	0xf7ff6618
100000c4:	6e18fff2 	.word	0x6e18fff2
100000c8:	bd026e18 	.word	0xbd026e18
100000cc:	40020000 	.word	0x40020000
100000d0:	18000000 	.word	0x18000000
100000d4:	00070000 	.word	0x00070000
100000d8:	005f0300 	.word	0x005f0300
100000dc:	00002221 	.word	0x00002221
100000e0:	180000f4 	.word	0x180000f4
100000e4:	a0002022 	.word	0xa0002022
100000e8:	10000100 	.word	0x10000100
100000ec:	e000ed08 	.word	0xe000ed08
	...
100000fc:	7a4eb274 	.word	0x7a4eb274

Disassembly of section .text:

10000100 <__VECTOR_TABLE>:
10000100:	20042000 	.word	0x20042000
10000104:	100001f7 	.word	0x100001f7
10000108:	100001c3 	.word	0x100001c3
1000010c:	100001c5 	.word	0x100001c5
10000110:	100001c1 	.word	0x100001c1
10000114:	100001c1 	.word	0x100001c1
10000118:	100001c1 	.word	0x100001c1
1000011c:	100001c1 	.word	0x100001c1
10000120:	100001c1 	.word	0x100001c1
10000124:	100001c1 	.word	0x100001c1
10000128:	100001c1 	.word	0x100001c1
1000012c:	100001c7 	.word	0x100001c7
10000130:	100001c1 	.word	0x100001c1
10000134:	100001c1 	.word	0x100001c1
10000138:	100001c9 	.word	0x100001c9
1000013c:	100001cb 	.word	0x100001cb
10000140:	100001cd 	.word	0x100001cd
10000144:	100001cd 	.word	0x100001cd
10000148:	100001cd 	.word	0x100001cd
1000014c:	100001cd 	.word	0x100001cd
10000150:	100001cd 	.word	0x100001cd
10000154:	100001cd 	.word	0x100001cd
10000158:	100001cd 	.word	0x100001cd
1000015c:	100001cd 	.word	0x100001cd
10000160:	100001cd 	.word	0x100001cd
10000164:	100001cd 	.word	0x100001cd
10000168:	100001cd 	.word	0x100001cd
1000016c:	100001cd 	.word	0x100001cd
10000170:	100001cd 	.word	0x100001cd
10000174:	100001cd 	.word	0x100001cd
10000178:	100001cd 	.word	0x100001cd
1000017c:	100001cd 	.word	0x100001cd
10000180:	100001cd 	.word	0x100001cd
10000184:	100001cd 	.word	0x100001cd
10000188:	100001cd 	.word	0x100001cd
1000018c:	100001cd 	.word	0x100001cd
10000190:	100001cd 	.word	0x100001cd
10000194:	100001cd 	.word	0x100001cd
10000198:	100001cd 	.word	0x100001cd
1000019c:	100001cd 	.word	0x100001cd
100001a0:	100001cd 	.word	0x100001cd
100001a4:	100001cd 	.word	0x100001cd
100001a8:	100001cd 	.word	0x100001cd
100001ac:	100001cd 	.word	0x100001cd
100001b0:	100001cd 	.word	0x100001cd
100001b4:	100001cd 	.word	0x100001cd
100001b8:	100001cd 	.word	0x100001cd
100001bc:	100001cd 	.word	0x100001cd

100001c0 <isr_invalid>:
100001c0:	be00      	bkpt	0x0000

100001c2 <isr_nmi>:
100001c2:	be00      	bkpt	0x0000

100001c4 <isr_hardfault>:
100001c4:	be00      	bkpt	0x0000

100001c6 <isr_svcall>:
100001c6:	be00      	bkpt	0x0000

100001c8 <isr_pendsv>:
100001c8:	be00      	bkpt	0x0000

100001ca <isr_systick>:
100001ca:	be00      	bkpt	0x0000

100001cc <__unhandled_user_irq>:
100001cc:	f3ef 8005 	mrs	r0, IPSR
100001d0:	3810      	subs	r0, #16

100001d2 <unhandled_user_irq_num_in_r0>:
100001d2:	be00      	bkpt	0x0000

100001d4 <binary_info_header>:
100001d4:	7188ebf2 	.word	0x7188ebf2
100001d8:	100067cc 	.word	0x100067cc
100001dc:	100067f0 	.word	0x100067f0
100001e0:	10000234 	.word	0x10000234
100001e4:	e71aa390 	.word	0xe71aa390

100001e8 <_entry_point>:
100001e8:	2000      	movs	r0, #0
100001ea:	491f      	ldr	r1, [pc, #124]	@ (10000268 <hold_non_core0_in_bootrom+0xa>)
100001ec:	6008      	str	r0, [r1, #0]
100001ee:	c806      	ldmia	r0!, {r1, r2}
100001f0:	f381 8808 	msr	MSP, r1
100001f4:	4710      	bx	r2

100001f6 <_reset_handler>:
100001f6:	481d      	ldr	r0, [pc, #116]	@ (1000026c <hold_non_core0_in_bootrom+0xe>)
100001f8:	6800      	ldr	r0, [r0, #0]
100001fa:	2800      	cmp	r0, #0
100001fc:	d12f      	bne.n	1000025e <hold_non_core0_in_bootrom>
100001fe:	a40d      	add	r4, pc, #52	@ (adr r4, 10000234 <data_cpy_table>)
10000200:	cc0e      	ldmia	r4!, {r1, r2, r3}
10000202:	2900      	cmp	r1, #0
10000204:	d002      	beq.n	1000020c <_reset_handler+0x16>
10000206:	f000 f812 	bl	1000022e <data_cpy>
1000020a:	e7f9      	b.n	10000200 <_reset_handler+0xa>
1000020c:	4918      	ldr	r1, [pc, #96]	@ (10000270 <hold_non_core0_in_bootrom+0x12>)
1000020e:	4a19      	ldr	r2, [pc, #100]	@ (10000274 <hold_non_core0_in_bootrom+0x16>)
10000210:	2000      	movs	r0, #0
10000212:	e000      	b.n	10000216 <bss_fill_test>

10000214 <bss_fill_loop>:
10000214:	c101      	stmia	r1!, {r0}

10000216 <bss_fill_test>:
10000216:	4291      	cmp	r1, r2
10000218:	d1fc      	bne.n	10000214 <bss_fill_loop>

1000021a <platform_entry>:
1000021a:	4917      	ldr	r1, [pc, #92]	@ (10000278 <hold_non_core0_in_bootrom+0x1a>)
1000021c:	4788      	blx	r1
1000021e:	4917      	ldr	r1, [pc, #92]	@ (1000027c <hold_non_core0_in_bootrom+0x1e>)
10000220:	4788      	blx	r1
10000222:	4917      	ldr	r1, [pc, #92]	@ (10000280 <hold_non_core0_in_bootrom+0x22>)
10000224:	4788      	blx	r1
10000226:	be00      	bkpt	0x0000
10000228:	e7fd      	b.n	10000226 <platform_entry+0xc>

1000022a <data_cpy_loop>:
1000022a:	c901      	ldmia	r1!, {r0}
1000022c:	c201      	stmia	r2!, {r0}

1000022e <data_cpy>:
1000022e:	429a      	cmp	r2, r3
10000230:	d3fb      	bcc.n	1000022a <data_cpy_loop>
10000232:	4770      	bx	lr

10000234 <data_cpy_table>:
10000234:	100067f0 	.word	0x100067f0
10000238:	200000c0 	.word	0x200000c0
1000023c:	20001448 	.word	0x20001448
10000240:	10007b78 	.word	0x10007b78
10000244:	20040000 	.word	0x20040000
10000248:	20040000 	.word	0x20040000
1000024c:	10007b78 	.word	0x10007b78
10000250:	20041000 	.word	0x20041000
10000254:	20041000 	.word	0x20041000
10000258:	00000000 	.word	0x00000000
1000025c:	4770      	bx	lr

1000025e <hold_non_core0_in_bootrom>:
1000025e:	4809      	ldr	r0, [pc, #36]	@ (10000284 <hold_non_core0_in_bootrom+0x26>)
10000260:	f002 fbb8 	bl	100029d4 <rom_func_lookup>
10000264:	4700      	bx	r0
10000266:	0000      	.short	0x0000
10000268:	e000ed08 	.word	0xe000ed08
1000026c:	d0000000 	.word	0xd0000000
10000270:	20001448 	.word	0x20001448
10000274:	200023a8 	.word	0x200023a8
10000278:	10002819 	.word	0x10002819
1000027c:	100006b9 	.word	0x100006b9
10000280:	10002941 	.word	0x10002941
10000284:	00005657 	.word	0x00005657

10000288 <__bi_50>:
10000288:	50520006 5360b3ab 100061dc              ..RP..`S.a..

10000294 <__bi_38>:
10000294:	50520006 02031c86 100061ec              ..RP.....a..

100002a0 <__bi_30>:
100002a0:	50520006 9da22254 100061f8              ..RPT"...a..

100002ac <__bi_22>:
100002ac:	50520005 68f465de 10007b78              ..RP.e.hx{..

100002b8 <_init>:
100002b8:	b5f8      	push	{r3, r4, r5, r6, r7, lr}
100002ba:	46c0      	nop			@ (mov r8, r8)

100002bc <register_tm_clones>:
100002bc:	4806      	ldr	r0, [pc, #24]	@ (100002d8 <register_tm_clones+0x1c>)
100002be:	4907      	ldr	r1, [pc, #28]	@ (100002dc <register_tm_clones+0x20>)
100002c0:	1a09      	subs	r1, r1, r0
100002c2:	108b      	asrs	r3, r1, #2
100002c4:	0fc9      	lsrs	r1, r1, #31
100002c6:	18c9      	adds	r1, r1, r3
100002c8:	b510      	push	{r4, lr}
100002ca:	1049      	asrs	r1, r1, #1
100002cc:	d003      	beq.n	100002d6 <register_tm_clones+0x1a>
100002ce:	4b04      	ldr	r3, [pc, #16]	@ (100002e0 <register_tm_clones+0x24>)
100002d0:	2b00      	cmp	r3, #0
100002d2:	d000      	beq.n	100002d6 <register_tm_clones+0x1a>
100002d4:	4798      	blx	r3
100002d6:	bd10      	pop	{r4, pc}
100002d8:	20001448 	.word	0x20001448
100002dc:	20001448 	.word	0x20001448
100002e0:	00000000 	.word	0x00000000

100002e4 <frame_dummy>:
100002e4:	4b05      	ldr	r3, [pc, #20]	@ (100002fc <frame_dummy+0x18>)
100002e6:	b510      	push	{r4, lr}
100002e8:	2b00      	cmp	r3, #0
100002ea:	d003      	beq.n	100002f4 <frame_dummy+0x10>
100002ec:	4904      	ldr	r1, [pc, #16]	@ (10000300 <frame_dummy+0x1c>)
100002ee:	4805      	ldr	r0, [pc, #20]	@ (10000304 <frame_dummy+0x20>)
100002f0:	e000      	b.n	100002f4 <frame_dummy+0x10>
100002f2:	bf00      	nop
100002f4:	f7ff ffe2 	bl	100002bc <register_tm_clones>
100002f8:	bd10      	pop	{r4, pc}
100002fa:	46c0      	nop			@ (mov r8, r8)
100002fc:	00000000 	.word	0x00000000
10000300:	2000222c 	.word	0x2000222c
10000304:	100060a0 	.word	0x100060a0

10000308 <adc_gpio_init>:
10000308:	b510      	push	{r4, lr}
1000030a:	0004      	movs	r4, r0
1000030c:	211f      	movs	r1, #31
1000030e:	f000 fda9 	bl	10000e64 <gpio_set_function>
10000312:	2200      	movs	r2, #0
10000314:	0020      	movs	r0, r4
10000316:	2100      	movs	r1, #0
10000318:	f000 fdbc 	bl	10000e94 <gpio_set_pulls>
1000031c:	2100      	movs	r1, #0
1000031e:	0020      	movs	r0, r4
10000320:	f000 fdca 	bl	10000eb8 <gpio_set_input_enabled>
10000324:	bd10      	pop	{r4, pc}
10000326:	46c0      	nop			@ (mov r8, r8)

10000328 <pwm_init_buzzer>:
10000328:	b570      	push	{r4, r5, r6, lr}
1000032a:	2104      	movs	r1, #4
1000032c:	0004      	movs	r4, r0
1000032e:	f000 fd99 	bl	10000e64 <gpio_set_function>
10000332:	2005      	movs	r0, #5
10000334:	f002 f9ae 	bl	10002694 <clock_get_hz>
10000338:	21c8      	movs	r1, #200	@ 0xc8
1000033a:	02c9      	lsls	r1, r1, #11
1000033c:	f002 fba4 	bl	10002a88 <__wrap___aeabi_uidiv>
10000340:	f002 fc6c 	bl	10002c1c <__wrap___aeabi_ui2f>
10000344:	2183      	movs	r1, #131	@ 0x83
10000346:	0725      	lsls	r5, r4, #28
10000348:	05c9      	lsls	r1, r1, #23
1000034a:	f002 fc60 	bl	10002c0e <__wrap___aeabi_fmul>
1000034e:	0f6d      	lsrs	r5, r5, #29
10000350:	f002 fc8c 	bl	10002c6c <__wrap___aeabi_f2uiz>
10000354:	00aa      	lsls	r2, r5, #2
10000356:	1952      	adds	r2, r2, r5
10000358:	4b0e      	ldr	r3, [pc, #56]	@ (10000394 <pwm_init_buzzer+0x6c>)
1000035a:	0092      	lsls	r2, r2, #2
1000035c:	18d1      	adds	r1, r2, r3
1000035e:	2300      	movs	r3, #0
10000360:	600b      	str	r3, [r1, #0]
10000362:	608b      	str	r3, [r1, #8]
10000364:	60cb      	str	r3, [r1, #12]
10000366:	4b0c      	ldr	r3, [pc, #48]	@ (10000398 <pwm_init_buzzer+0x70>)
10000368:	610b      	str	r3, [r1, #16]
1000036a:	2301      	movs	r3, #1
1000036c:	6048      	str	r0, [r1, #4]
1000036e:	600b      	str	r3, [r1, #0]
10000370:	490a      	ldr	r1, [pc, #40]	@ (1000039c <pwm_init_buzzer+0x74>)
10000372:	4023      	ands	r3, r4
10000374:	468c      	mov	ip, r1
10000376:	3b01      	subs	r3, #1
10000378:	03d8      	lsls	r0, r3, #15
1000037a:	4b09      	ldr	r3, [pc, #36]	@ (100003a0 <pwm_init_buzzer+0x78>)
1000037c:	4462      	add	r2, ip
1000037e:	469c      	mov	ip, r3
10000380:	0bc0      	lsrs	r0, r0, #15
10000382:	6813      	ldr	r3, [r2, #0]
10000384:	4460      	add	r0, ip
10000386:	4018      	ands	r0, r3
10000388:	2380      	movs	r3, #128	@ 0x80
1000038a:	015b      	lsls	r3, r3, #5
1000038c:	4313      	orrs	r3, r2
1000038e:	6018      	str	r0, [r3, #0]
10000390:	bd70      	pop	{r4, r5, r6, pc}
10000392:	46c0      	nop			@ (mov r8, r8)
10000394:	40050000 	.word	0x40050000
10000398:	0000ffff 	.word	0x0000ffff
1000039c:	4005000c 	.word	0x4005000c
100003a0:	ffff0000 	.word	0xffff0000

100003a4 <beep>:
100003a4:	0003      	movs	r3, r0
100003a6:	071a      	lsls	r2, r3, #28
100003a8:	0f52      	lsrs	r2, r2, #29
100003aa:	b570      	push	{r4, r5, r6, lr}
100003ac:	0094      	lsls	r4, r2, #2
100003ae:	18a4      	adds	r4, r4, r2
100003b0:	4a0e      	ldr	r2, [pc, #56]	@ (100003ec <beep+0x48>)
100003b2:	00a4      	lsls	r4, r4, #2
100003b4:	4694      	mov	ip, r2
100003b6:	0008      	movs	r0, r1
100003b8:	2280      	movs	r2, #128	@ 0x80
100003ba:	4464      	add	r4, ip
100003bc:	07db      	lsls	r3, r3, #31
100003be:	d511      	bpl.n	100003e4 <beep+0x40>
100003c0:	4e0b      	ldr	r6, [pc, #44]	@ (100003f0 <beep+0x4c>)
100003c2:	0512      	lsls	r2, r2, #20
100003c4:	2580      	movs	r5, #128	@ 0x80
100003c6:	6823      	ldr	r3, [r4, #0]
100003c8:	016d      	lsls	r5, r5, #5
100003ca:	4053      	eors	r3, r2
100003cc:	4033      	ands	r3, r6
100003ce:	4325      	orrs	r5, r4
100003d0:	602b      	str	r3, [r5, #0]
100003d2:	f001 fc5b 	bl	10001c8c <sleep_ms>
100003d6:	6823      	ldr	r3, [r4, #0]
100003d8:	2064      	movs	r0, #100	@ 0x64
100003da:	401e      	ands	r6, r3
100003dc:	602e      	str	r6, [r5, #0]
100003de:	f001 fc55 	bl	10001c8c <sleep_ms>
100003e2:	bd70      	pop	{r4, r5, r6, pc}
100003e4:	4e03      	ldr	r6, [pc, #12]	@ (100003f4 <beep+0x50>)
100003e6:	0112      	lsls	r2, r2, #4
100003e8:	e7ec      	b.n	100003c4 <beep+0x20>
100003ea:	46c0      	nop			@ (mov r8, r8)
100003ec:	4005000c 	.word	0x4005000c
100003f0:	ffff0000 	.word	0xffff0000
100003f4:	0000ffff 	.word	0x0000ffff

100003f8 <preencher>:
100003f8:	b510      	push	{r4, lr}
100003fa:	2801      	cmp	r0, #1
100003fc:	d011      	beq.n	10000422 <preencher+0x2a>
100003fe:	2802      	cmp	r0, #2
10000400:	d002      	beq.n	10000408 <preencher+0x10>
10000402:	2803      	cmp	r0, #3
10000404:	d01a      	beq.n	1000043c <preencher+0x44>
10000406:	bd10      	pop	{r4, pc}
10000408:	2400      	movs	r4, #0
1000040a:	0020      	movs	r0, r4
1000040c:	2300      	movs	r3, #0
1000040e:	2200      	movs	r2, #0
10000410:	21ff      	movs	r1, #255	@ 0xff
10000412:	3401      	adds	r4, #1
10000414:	f000 fca6 	bl	10000d64 <npSetLED>
10000418:	2c19      	cmp	r4, #25
1000041a:	d1f6      	bne.n	1000040a <preencher+0x12>
1000041c:	f000 fcca 	bl	10000db4 <npWrite>
10000420:	e7f1      	b.n	10000406 <preencher+0xe>
10000422:	2400      	movs	r4, #0
10000424:	0020      	movs	r0, r4
10000426:	23ff      	movs	r3, #255	@ 0xff
10000428:	2200      	movs	r2, #0
1000042a:	2100      	movs	r1, #0
1000042c:	3401      	adds	r4, #1
1000042e:	f000 fc99 	bl	10000d64 <npSetLED>
10000432:	2c19      	cmp	r4, #25
10000434:	d1f6      	bne.n	10000424 <preencher+0x2c>
10000436:	f000 fcbd 	bl	10000db4 <npWrite>
1000043a:	e7e4      	b.n	10000406 <preencher+0xe>
1000043c:	2400      	movs	r4, #0
1000043e:	0020      	movs	r0, r4
10000440:	23ff      	movs	r3, #255	@ 0xff
10000442:	2200      	movs	r2, #0
10000444:	21ff      	movs	r1, #255	@ 0xff
10000446:	3401      	adds	r4, #1
10000448:	f000 fc8c 	bl	10000d64 <npSetLED>
1000044c:	2c19      	cmp	r4, #25
1000044e:	d1f6      	bne.n	1000043e <preencher+0x46>
10000450:	f000 fcb0 	bl	10000db4 <npWrite>
10000454:	e7d7      	b.n	10000406 <preencher+0xe>
10000456:	46c0      	nop			@ (mov r8, r8)

10000458 <mudar_desenho>:
10000458:	8803      	ldrh	r3, [r0, #0]
1000045a:	4893      	ldr	r0, [pc, #588]	@ (100006a8 <mudar_desenho+0x250>)
1000045c:	b510      	push	{r4, lr}
1000045e:	4283      	cmp	r3, r0
10000460:	d85d      	bhi.n	1000051e <mudar_desenho+0xc6>
10000462:	4892      	ldr	r0, [pc, #584]	@ (100006ac <mudar_desenho+0x254>)
10000464:	4283      	cmp	r3, r0
10000466:	d909      	bls.n	1000047c <mudar_desenho+0x24>
10000468:	880b      	ldrh	r3, [r1, #0]
1000046a:	4991      	ldr	r1, [pc, #580]	@ (100006b0 <mudar_desenho+0x258>)
1000046c:	428b      	cmp	r3, r1
1000046e:	d900      	bls.n	10000472 <mudar_desenho+0x1a>
10000470:	e094      	b.n	1000059c <mudar_desenho+0x144>
10000472:	4990      	ldr	r1, [pc, #576]	@ (100006b4 <mudar_desenho+0x25c>)
10000474:	428b      	cmp	r3, r1
10000476:	d800      	bhi.n	1000047a <mudar_desenho+0x22>
10000478:	e0dd      	b.n	10000636 <mudar_desenho+0x1de>
1000047a:	bd10      	pop	{r4, pc}
1000047c:	0010      	movs	r0, r2
1000047e:	f7ff ffbb 	bl	100003f8 <preencher>
10000482:	2032      	movs	r0, #50	@ 0x32
10000484:	f001 fc02 	bl	10001c8c <sleep_ms>
10000488:	2300      	movs	r3, #0
1000048a:	2200      	movs	r2, #0
1000048c:	2100      	movs	r1, #0
1000048e:	2000      	movs	r0, #0
10000490:	f000 fc68 	bl	10000d64 <npSetLED>
10000494:	2300      	movs	r3, #0
10000496:	2200      	movs	r2, #0
10000498:	2100      	movs	r1, #0
1000049a:	2004      	movs	r0, #4
1000049c:	f000 fc62 	bl	10000d64 <npSetLED>
100004a0:	2300      	movs	r3, #0
100004a2:	2200      	movs	r2, #0
100004a4:	2100      	movs	r1, #0
100004a6:	2006      	movs	r0, #6
100004a8:	f000 fc5c 	bl	10000d64 <npSetLED>
100004ac:	2300      	movs	r3, #0
100004ae:	2200      	movs	r2, #0
100004b0:	2100      	movs	r1, #0
100004b2:	2007      	movs	r0, #7
100004b4:	f000 fc56 	bl	10000d64 <npSetLED>
100004b8:	2300      	movs	r3, #0
100004ba:	2200      	movs	r2, #0
100004bc:	2100      	movs	r1, #0
100004be:	2008      	movs	r0, #8
100004c0:	f000 fc50 	bl	10000d64 <npSetLED>
100004c4:	2300      	movs	r3, #0
100004c6:	2200      	movs	r2, #0
100004c8:	2100      	movs	r1, #0
100004ca:	200a      	movs	r0, #10
100004cc:	f000 fc4a 	bl	10000d64 <npSetLED>
100004d0:	2300      	movs	r3, #0
100004d2:	2200      	movs	r2, #0
100004d4:	2100      	movs	r1, #0
100004d6:	200b      	movs	r0, #11
100004d8:	f000 fc44 	bl	10000d64 <npSetLED>
100004dc:	2300      	movs	r3, #0
100004de:	2200      	movs	r2, #0
100004e0:	2100      	movs	r1, #0
100004e2:	200c      	movs	r0, #12
100004e4:	f000 fc3e 	bl	10000d64 <npSetLED>
100004e8:	2300      	movs	r3, #0
100004ea:	2200      	movs	r2, #0
100004ec:	2100      	movs	r1, #0
100004ee:	200d      	movs	r0, #13
100004f0:	f000 fc38 	bl	10000d64 <npSetLED>
100004f4:	2300      	movs	r3, #0
100004f6:	2200      	movs	r2, #0
100004f8:	2100      	movs	r1, #0
100004fa:	200e      	movs	r0, #14
100004fc:	f000 fc32 	bl	10000d64 <npSetLED>
10000500:	2300      	movs	r3, #0
10000502:	2200      	movs	r2, #0
10000504:	2100      	movs	r1, #0
10000506:	2011      	movs	r0, #17
10000508:	f000 fc2c 	bl	10000d64 <npSetLED>
1000050c:	2300      	movs	r3, #0
1000050e:	2200      	movs	r2, #0
10000510:	2100      	movs	r1, #0
10000512:	2016      	movs	r0, #22
10000514:	f000 fc26 	bl	10000d64 <npSetLED>
10000518:	f000 fc4c 	bl	10000db4 <npWrite>
1000051c:	e7ad      	b.n	1000047a <mudar_desenho+0x22>
1000051e:	0010      	movs	r0, r2
10000520:	f7ff ff6a 	bl	100003f8 <preencher>
10000524:	2032      	movs	r0, #50	@ 0x32
10000526:	f001 fbb1 	bl	10001c8c <sleep_ms>
1000052a:	2300      	movs	r3, #0
1000052c:	2200      	movs	r2, #0
1000052e:	2100      	movs	r1, #0
10000530:	2000      	movs	r0, #0
10000532:	f000 fc17 	bl	10000d64 <npSetLED>
10000536:	2300      	movs	r3, #0
10000538:	2200      	movs	r2, #0
1000053a:	2100      	movs	r1, #0
1000053c:	2001      	movs	r0, #1
1000053e:	f000 fc11 	bl	10000d64 <npSetLED>
10000542:	2300      	movs	r3, #0
10000544:	2200      	movs	r2, #0
10000546:	2100      	movs	r1, #0
10000548:	2003      	movs	r0, #3
1000054a:	f000 fc0b 	bl	10000d64 <npSetLED>
1000054e:	2300      	movs	r3, #0
10000550:	2200      	movs	r2, #0
10000552:	2100      	movs	r1, #0
10000554:	2004      	movs	r0, #4
10000556:	f000 fc05 	bl	10000d64 <npSetLED>
1000055a:	2300      	movs	r3, #0
1000055c:	2200      	movs	r2, #0
1000055e:	2100      	movs	r1, #0
10000560:	2005      	movs	r0, #5
10000562:	f000 fbff 	bl	10000d64 <npSetLED>
10000566:	2300      	movs	r3, #0
10000568:	2200      	movs	r2, #0
1000056a:	2100      	movs	r1, #0
1000056c:	2009      	movs	r0, #9
1000056e:	f000 fbf9 	bl	10000d64 <npSetLED>
10000572:	2300      	movs	r3, #0
10000574:	2200      	movs	r2, #0
10000576:	2100      	movs	r1, #0
10000578:	2014      	movs	r0, #20
1000057a:	f000 fbf3 	bl	10000d64 <npSetLED>
1000057e:	2300      	movs	r3, #0
10000580:	2200      	movs	r2, #0
10000582:	2100      	movs	r1, #0
10000584:	2016      	movs	r0, #22
10000586:	f000 fbed 	bl	10000d64 <npSetLED>
1000058a:	2300      	movs	r3, #0
1000058c:	2200      	movs	r2, #0
1000058e:	2100      	movs	r1, #0
10000590:	2018      	movs	r0, #24
10000592:	f000 fbe7 	bl	10000d64 <npSetLED>
10000596:	f000 fc0d 	bl	10000db4 <npWrite>
1000059a:	e76e      	b.n	1000047a <mudar_desenho+0x22>
1000059c:	0010      	movs	r0, r2
1000059e:	f7ff ff2b 	bl	100003f8 <preencher>
100005a2:	2032      	movs	r0, #50	@ 0x32
100005a4:	f001 fb72 	bl	10001c8c <sleep_ms>
100005a8:	2300      	movs	r3, #0
100005aa:	2200      	movs	r2, #0
100005ac:	2100      	movs	r1, #0
100005ae:	2001      	movs	r0, #1
100005b0:	f000 fbd8 	bl	10000d64 <npSetLED>
100005b4:	2300      	movs	r3, #0
100005b6:	2200      	movs	r2, #0
100005b8:	2100      	movs	r1, #0
100005ba:	2002      	movs	r0, #2
100005bc:	f000 fbd2 	bl	10000d64 <npSetLED>
100005c0:	2300      	movs	r3, #0
100005c2:	2200      	movs	r2, #0
100005c4:	2100      	movs	r1, #0
100005c6:	2003      	movs	r0, #3
100005c8:	f000 fbcc 	bl	10000d64 <npSetLED>
100005cc:	2300      	movs	r3, #0
100005ce:	2200      	movs	r2, #0
100005d0:	2100      	movs	r1, #0
100005d2:	2005      	movs	r0, #5
100005d4:	f000 fbc6 	bl	10000d64 <npSetLED>
100005d8:	2300      	movs	r3, #0
100005da:	2200      	movs	r2, #0
100005dc:	2100      	movs	r1, #0
100005de:	2009      	movs	r0, #9
100005e0:	f000 fbc0 	bl	10000d64 <npSetLED>
100005e4:	2300      	movs	r3, #0
100005e6:	2200      	movs	r2, #0
100005e8:	2100      	movs	r1, #0
100005ea:	200f      	movs	r0, #15
100005ec:	f000 fbba 	bl	10000d64 <npSetLED>
100005f0:	2300      	movs	r3, #0
100005f2:	2200      	movs	r2, #0
100005f4:	2100      	movs	r1, #0
100005f6:	2010      	movs	r0, #16
100005f8:	f000 fbb4 	bl	10000d64 <npSetLED>
100005fc:	2300      	movs	r3, #0
100005fe:	2200      	movs	r2, #0
10000600:	2100      	movs	r1, #0
10000602:	2012      	movs	r0, #18
10000604:	f000 fbae 	bl	10000d64 <npSetLED>
10000608:	2300      	movs	r3, #0
1000060a:	2200      	movs	r2, #0
1000060c:	2100      	movs	r1, #0
1000060e:	2013      	movs	r0, #19
10000610:	f000 fba8 	bl	10000d64 <npSetLED>
10000614:	2300      	movs	r3, #0
10000616:	2200      	movs	r2, #0
10000618:	2100      	movs	r1, #0
1000061a:	2014      	movs	r0, #20
1000061c:	f000 fba2 	bl	10000d64 <npSetLED>
10000620:	2300      	movs	r3, #0
10000622:	2200      	movs	r2, #0
10000624:	2100      	movs	r1, #0
10000626:	2015      	movs	r0, #21
10000628:	f000 fb9c 	bl	10000d64 <npSetLED>
1000062c:	2300      	movs	r3, #0
1000062e:	2200      	movs	r2, #0
10000630:	2100      	movs	r1, #0
10000632:	2017      	movs	r0, #23
10000634:	e7a7      	b.n	10000586 <mudar_desenho+0x12e>
10000636:	0010      	movs	r0, r2
10000638:	f7ff fede 	bl	100003f8 <preencher>
1000063c:	2032      	movs	r0, #50	@ 0x32
1000063e:	f001 fb25 	bl	10001c8c <sleep_ms>
10000642:	2300      	movs	r3, #0
10000644:	2200      	movs	r2, #0
10000646:	2100      	movs	r1, #0
10000648:	2001      	movs	r0, #1
1000064a:	f000 fb8b 	bl	10000d64 <npSetLED>
1000064e:	2300      	movs	r3, #0
10000650:	2200      	movs	r2, #0
10000652:	2100      	movs	r1, #0
10000654:	2003      	movs	r0, #3
10000656:	f000 fb85 	bl	10000d64 <npSetLED>
1000065a:	2300      	movs	r3, #0
1000065c:	2200      	movs	r2, #0
1000065e:	2100      	movs	r1, #0
10000660:	2005      	movs	r0, #5
10000662:	f000 fb7f 	bl	10000d64 <npSetLED>
10000666:	2300      	movs	r3, #0
10000668:	2200      	movs	r2, #0
1000066a:	2100      	movs	r1, #0
1000066c:	2009      	movs	r0, #9
1000066e:	f000 fb79 	bl	10000d64 <npSetLED>
10000672:	2300      	movs	r3, #0
10000674:	2200      	movs	r2, #0
10000676:	2100      	movs	r1, #0
10000678:	200f      	movs	r0, #15
1000067a:	f000 fb73 	bl	10000d64 <npSetLED>
1000067e:	2300      	movs	r3, #0
10000680:	2200      	movs	r2, #0
10000682:	2100      	movs	r1, #0
10000684:	2013      	movs	r0, #19
10000686:	f000 fb6d 	bl	10000d64 <npSetLED>
1000068a:	2300      	movs	r3, #0
1000068c:	2200      	movs	r2, #0
1000068e:	2100      	movs	r1, #0
10000690:	2015      	movs	r0, #21
10000692:	f000 fb67 	bl	10000d64 <npSetLED>
10000696:	2300      	movs	r3, #0
10000698:	2200      	movs	r2, #0
1000069a:	2100      	movs	r1, #0
1000069c:	2017      	movs	r0, #23
1000069e:	f000 fb61 	bl	10000d64 <npSetLED>
100006a2:	f000 fb87 	bl	10000db4 <npWrite>
100006a6:	e6e8      	b.n	1000047a <mudar_desenho+0x22>
100006a8:	00000a14 	.word	0x00000a14
100006ac:	0000062b 	.word	0x0000062b
100006b0:	000009c4 	.word	0x000009c4
100006b4:	000005db 	.word	0x000005db

100006b8 <main>:
100006b8:	b5f0      	push	{r4, r5, r6, r7, lr}
100006ba:	46d6      	mov	lr, sl
100006bc:	464f      	mov	r7, r9
100006be:	4646      	mov	r6, r8
100006c0:	b5c0      	push	{r6, r7, lr}
100006c2:	4ccb      	ldr	r4, [pc, #812]	@ (100009f0 <main+0x338>)
100006c4:	27e0      	movs	r7, #224	@ 0xe0
100006c6:	44a5      	add	sp, r4
100006c8:	f002 fc52 	bl	10002f70 <stdio_init_all>
100006cc:	f004 ffce 	bl	1000566c <adc_init>
100006d0:	49c8      	ldr	r1, [pc, #800]	@ (100009f4 <main+0x33c>)
100006d2:	48c9      	ldr	r0, [pc, #804]	@ (100009f8 <main+0x340>)
100006d4:	f004 fe04 	bl	100052e0 <i2c_init>
100006d8:	2103      	movs	r1, #3
100006da:	200e      	movs	r0, #14
100006dc:	f000 fbc2 	bl	10000e64 <gpio_set_function>
100006e0:	2103      	movs	r1, #3
100006e2:	200f      	movs	r0, #15
100006e4:	f000 fbbe 	bl	10000e64 <gpio_set_function>
100006e8:	2200      	movs	r2, #0
100006ea:	2101      	movs	r1, #1
100006ec:	200e      	movs	r0, #14
100006ee:	f000 fbd1 	bl	10000e94 <gpio_set_pulls>
100006f2:	2200      	movs	r2, #0
100006f4:	2101      	movs	r1, #1
100006f6:	200f      	movs	r0, #15
100006f8:	f000 fbcc 	bl	10000e94 <gpio_set_pulls>
100006fc:	f000 f9a0 	bl	10000a40 <ssd1306_init>
10000700:	2005      	movs	r0, #5
10000702:	f000 fbed 	bl	10000ee0 <gpio_init>
10000706:	24d0      	movs	r4, #208	@ 0xd0
10000708:	2006      	movs	r0, #6
1000070a:	f000 fbe9 	bl	10000ee0 <gpio_init>
1000070e:	2320      	movs	r3, #32
10000710:	0624      	lsls	r4, r4, #24
10000712:	62a3      	str	r3, [r4, #40]	@ 0x28
10000714:	3320      	adds	r3, #32
10000716:	62a3      	str	r3, [r4, #40]	@ 0x28
10000718:	2200      	movs	r2, #0
1000071a:	2101      	movs	r1, #1
1000071c:	2005      	movs	r0, #5
1000071e:	f000 fbb9 	bl	10000e94 <gpio_set_pulls>
10000722:	2101      	movs	r1, #1
10000724:	2200      	movs	r2, #0
10000726:	2006      	movs	r0, #6
10000728:	f000 fbb4 	bl	10000e94 <gpio_set_pulls>
1000072c:	200c      	movs	r0, #12
1000072e:	f000 fbd7 	bl	10000ee0 <gpio_init>
10000732:	200d      	movs	r0, #13
10000734:	f000 fbd4 	bl	10000ee0 <gpio_init>
10000738:	2280      	movs	r2, #128	@ 0x80
1000073a:	2380      	movs	r3, #128	@ 0x80
1000073c:	0152      	lsls	r2, r2, #5
1000073e:	019b      	lsls	r3, r3, #6
10000740:	6262      	str	r2, [r4, #36]	@ 0x24
10000742:	2015      	movs	r0, #21
10000744:	6263      	str	r3, [r4, #36]	@ 0x24
10000746:	61a2      	str	r2, [r4, #24]
10000748:	61a3      	str	r3, [r4, #24]
1000074a:	f000 fbc9 	bl	10000ee0 <gpio_init>
1000074e:	2380      	movs	r3, #128	@ 0x80
10000750:	039b      	lsls	r3, r3, #14
10000752:	6263      	str	r3, [r4, #36]	@ 0x24
10000754:	2015      	movs	r0, #21
10000756:	f7ff fde7 	bl	10000328 <pwm_init_buzzer>
1000075a:	201a      	movs	r0, #26
1000075c:	f7ff fdd4 	bl	10000308 <adc_gpio_init>
10000760:	201b      	movs	r0, #27
10000762:	f7ff fdd1 	bl	10000308 <adc_gpio_init>
10000766:	2016      	movs	r0, #22
10000768:	f000 fbba 	bl	10000ee0 <gpio_init>
1000076c:	2380      	movs	r3, #128	@ 0x80
1000076e:	03db      	lsls	r3, r3, #15
10000770:	62a3      	str	r3, [r4, #40]	@ 0x28
10000772:	2200      	movs	r2, #0
10000774:	2101      	movs	r1, #1
10000776:	2016      	movs	r0, #22
10000778:	f000 fb8c 	bl	10000e94 <gpio_set_pulls>
1000077c:	2007      	movs	r0, #7
1000077e:	f000 fab1 	bl	10000ce4 <npInit>
10000782:	203c      	movs	r0, #60	@ 0x3c
10000784:	f000 faa8 	bl	10000cd8 <npSetBrightness>
10000788:	f000 faf8 	bl	10000d7c <npClear>
1000078c:	f000 fb12 	bl	10000db4 <npWrite>
10000790:	4b9a      	ldr	r3, [pc, #616]	@ (100009fc <main+0x344>)
10000792:	a801      	add	r0, sp, #4
10000794:	9301      	str	r3, [sp, #4]
10000796:	2300      	movs	r3, #0
10000798:	9302      	str	r3, [sp, #8]
1000079a:	f000 f945 	bl	10000a28 <calculate_render_area_buffer_length>
1000079e:	466b      	mov	r3, sp
100007a0:	1c9d      	adds	r5, r3, #2
100007a2:	4b97      	ldr	r3, [pc, #604]	@ (10000a00 <main+0x348>)
100007a4:	4c97      	ldr	r4, [pc, #604]	@ (10000a04 <main+0x34c>)
100007a6:	4698      	mov	r8, r3
100007a8:	4b97      	ldr	r3, [pc, #604]	@ (10000a08 <main+0x350>)
100007aa:	01ff      	lsls	r7, r7, #7
100007ac:	4699      	mov	r9, r3
100007ae:	2280      	movs	r2, #128	@ 0x80
100007b0:	2100      	movs	r1, #0
100007b2:	00d2      	lsls	r2, r2, #3
100007b4:	a808      	add	r0, sp, #32
100007b6:	f002 fab1 	bl	10002d1c <__wrap_memset>
100007ba:	6823      	ldr	r3, [r4, #0]
100007bc:	4a93      	ldr	r2, [pc, #588]	@ (10000a0c <main+0x354>)
100007be:	403b      	ands	r3, r7
100007c0:	6013      	str	r3, [r2, #0]
100007c2:	20c8      	movs	r0, #200	@ 0xc8
100007c4:	f001 fa62 	bl	10001c8c <sleep_ms>
100007c8:	2204      	movs	r2, #4
100007ca:	4b91      	ldr	r3, [pc, #580]	@ (10000a10 <main+0x358>)
100007cc:	601a      	str	r2, [r3, #0]
100007ce:	32fc      	adds	r2, #252	@ 0xfc
100007d0:	6823      	ldr	r3, [r4, #0]
100007d2:	4213      	tst	r3, r2
100007d4:	d0fc      	beq.n	100007d0 <main+0x118>
100007d6:	466a      	mov	r2, sp
100007d8:	6863      	ldr	r3, [r4, #4]
100007da:	20c8      	movs	r0, #200	@ 0xc8
100007dc:	8013      	strh	r3, [r2, #0]
100007de:	2380      	movs	r3, #128	@ 0x80
100007e0:	6822      	ldr	r2, [r4, #0]
100007e2:	015b      	lsls	r3, r3, #5
100007e4:	4053      	eors	r3, r2
100007e6:	4a89      	ldr	r2, [pc, #548]	@ (10000a0c <main+0x354>)
100007e8:	403b      	ands	r3, r7
100007ea:	6013      	str	r3, [r2, #0]
100007ec:	f001 fa4e 	bl	10001c8c <sleep_ms>
100007f0:	2204      	movs	r2, #4
100007f2:	4b87      	ldr	r3, [pc, #540]	@ (10000a10 <main+0x358>)
100007f4:	601a      	str	r2, [r3, #0]
100007f6:	32fc      	adds	r2, #252	@ 0xfc
100007f8:	6823      	ldr	r3, [r4, #0]
100007fa:	4213      	tst	r3, r2
100007fc:	d0fc      	beq.n	100007f8 <main+0x140>
100007fe:	6863      	ldr	r3, [r4, #4]
10000800:	0029      	movs	r1, r5
10000802:	802b      	strh	r3, [r5, #0]
10000804:	4643      	mov	r3, r8
10000806:	4668      	mov	r0, sp
10000808:	681a      	ldr	r2, [r3, #0]
1000080a:	f7ff fe25 	bl	10000458 <mudar_desenho>
1000080e:	2201      	movs	r2, #1
10000810:	26d0      	movs	r6, #208	@ 0xd0
10000812:	0011      	movs	r1, r2
10000814:	0636      	lsls	r6, r6, #24
10000816:	6873      	ldr	r3, [r6, #4]
10000818:	0d9b      	lsrs	r3, r3, #22
1000081a:	4019      	ands	r1, r3
1000081c:	468a      	mov	sl, r1
1000081e:	421a      	tst	r2, r3
10000820:	d100      	bne.n	10000824 <main+0x16c>
10000822:	e0a8      	b.n	10000976 <main+0x2be>
10000824:	6873      	ldr	r3, [r6, #4]
10000826:	095b      	lsrs	r3, r3, #5
10000828:	421a      	tst	r2, r3
1000082a:	d029      	beq.n	10000880 <main+0x1c8>
1000082c:	6873      	ldr	r3, [r6, #4]
1000082e:	099b      	lsrs	r3, r3, #6
10000830:	421a      	tst	r2, r3
10000832:	d025      	beq.n	10000880 <main+0x1c8>
10000834:	464b      	mov	r3, r9
10000836:	681b      	ldr	r3, [r3, #0]
10000838:	469a      	mov	sl, r3
1000083a:	2b00      	cmp	r3, #0
1000083c:	d1b7      	bne.n	100007ae <main+0xf6>
1000083e:	2380      	movs	r3, #128	@ 0x80
10000840:	019b      	lsls	r3, r3, #6
10000842:	61b3      	str	r3, [r6, #24]
10000844:	2380      	movs	r3, #128	@ 0x80
10000846:	015b      	lsls	r3, r3, #5
10000848:	61b3      	str	r3, [r6, #24]
1000084a:	ab03      	add	r3, sp, #12
1000084c:	469c      	mov	ip, r3
1000084e:	4662      	mov	r2, ip
10000850:	4b70      	ldr	r3, [pc, #448]	@ (10000a14 <main+0x35c>)
10000852:	cb43      	ldmia	r3!, {r0, r1, r6}
10000854:	c243      	stmia	r2!, {r0, r1, r6}
10000856:	4666      	mov	r6, ip
10000858:	cb03      	ldmia	r3!, {r0, r1}
1000085a:	c203      	stmia	r2!, {r0, r1}
1000085c:	4652      	mov	r2, sl
1000085e:	ce08      	ldmia	r6!, {r3}
10000860:	2105      	movs	r1, #5
10000862:	b212      	sxth	r2, r2
10000864:	a808      	add	r0, sp, #32
10000866:	f000 f963 	bl	10000b30 <ssd1306_draw_string>
1000086a:	2308      	movs	r3, #8
1000086c:	469c      	mov	ip, r3
1000086e:	44e2      	add	sl, ip
10000870:	4653      	mov	r3, sl
10000872:	2b28      	cmp	r3, #40	@ 0x28
10000874:	d1f2      	bne.n	1000085c <main+0x1a4>
10000876:	a901      	add	r1, sp, #4
10000878:	a808      	add	r0, sp, #32
1000087a:	f000 f90d 	bl	10000a98 <render_on_display>
1000087e:	e796      	b.n	100007ae <main+0xf6>
10000880:	22d0      	movs	r2, #208	@ 0xd0
10000882:	0612      	lsls	r2, r2, #24
10000884:	6853      	ldr	r3, [r2, #4]
10000886:	2101      	movs	r1, #1
10000888:	069b      	lsls	r3, r3, #26
1000088a:	d42e      	bmi.n	100008ea <main+0x232>
1000088c:	6853      	ldr	r3, [r2, #4]
1000088e:	099b      	lsrs	r3, r3, #6
10000890:	4219      	tst	r1, r3
10000892:	d12a      	bne.n	100008ea <main+0x232>
10000894:	464b      	mov	r3, r9
10000896:	681b      	ldr	r3, [r3, #0]
10000898:	2b03      	cmp	r3, #3
1000089a:	d088      	beq.n	100007ae <main+0xf6>
1000089c:	2303      	movs	r3, #3
1000089e:	4649      	mov	r1, r9
100008a0:	600b      	str	r3, [r1, #0]
100008a2:	4641      	mov	r1, r8
100008a4:	600b      	str	r3, [r1, #0]
100008a6:	2380      	movs	r3, #128	@ 0x80
100008a8:	019b      	lsls	r3, r3, #6
100008aa:	6153      	str	r3, [r2, #20]
100008ac:	2380      	movs	r3, #128	@ 0x80
100008ae:	2600      	movs	r6, #0
100008b0:	015b      	lsls	r3, r3, #5
100008b2:	6153      	str	r3, [r2, #20]
100008b4:	0030      	movs	r0, r6
100008b6:	23ff      	movs	r3, #255	@ 0xff
100008b8:	2200      	movs	r2, #0
100008ba:	21ff      	movs	r1, #255	@ 0xff
100008bc:	3601      	adds	r6, #1
100008be:	f000 fa51 	bl	10000d64 <npSetLED>
100008c2:	2e19      	cmp	r6, #25
100008c4:	d1f6      	bne.n	100008b4 <main+0x1fc>
100008c6:	f000 fa75 	bl	10000db4 <npWrite>
100008ca:	4b53      	ldr	r3, [pc, #332]	@ (10000a18 <main+0x360>)
100008cc:	2200      	movs	r2, #0
100008ce:	a808      	add	r0, sp, #32
100008d0:	2105      	movs	r1, #5
100008d2:	f000 f92d 	bl	10000b30 <ssd1306_draw_string>
100008d6:	a901      	add	r1, sp, #4
100008d8:	a808      	add	r0, sp, #32
100008da:	f000 f8dd 	bl	10000a98 <render_on_display>
100008de:	21fa      	movs	r1, #250	@ 0xfa
100008e0:	2015      	movs	r0, #21
100008e2:	0089      	lsls	r1, r1, #2
100008e4:	f7ff fd5e 	bl	100003a4 <beep>
100008e8:	e761      	b.n	100007ae <main+0xf6>
100008ea:	23d0      	movs	r3, #208	@ 0xd0
100008ec:	061b      	lsls	r3, r3, #24
100008ee:	685a      	ldr	r2, [r3, #4]
100008f0:	2101      	movs	r1, #1
100008f2:	0692      	lsls	r2, r2, #26
100008f4:	d41c      	bmi.n	10000930 <main+0x278>
100008f6:	464a      	mov	r2, r9
100008f8:	6812      	ldr	r2, [r2, #0]
100008fa:	2a01      	cmp	r2, #1
100008fc:	d100      	bne.n	10000900 <main+0x248>
100008fe:	e756      	b.n	100007ae <main+0xf6>
10000900:	464a      	mov	r2, r9
10000902:	6011      	str	r1, [r2, #0]
10000904:	4642      	mov	r2, r8
10000906:	6011      	str	r1, [r2, #0]
10000908:	2280      	movs	r2, #128	@ 0x80
1000090a:	0192      	lsls	r2, r2, #6
1000090c:	619a      	str	r2, [r3, #24]
1000090e:	2280      	movs	r2, #128	@ 0x80
10000910:	2600      	movs	r6, #0
10000912:	0152      	lsls	r2, r2, #5
10000914:	615a      	str	r2, [r3, #20]
10000916:	0030      	movs	r0, r6
10000918:	23ff      	movs	r3, #255	@ 0xff
1000091a:	2200      	movs	r2, #0
1000091c:	2100      	movs	r1, #0
1000091e:	3601      	adds	r6, #1
10000920:	f000 fa20 	bl	10000d64 <npSetLED>
10000924:	2e19      	cmp	r6, #25
10000926:	d1f6      	bne.n	10000916 <main+0x25e>
10000928:	f000 fa44 	bl	10000db4 <npWrite>
1000092c:	4b3b      	ldr	r3, [pc, #236]	@ (10000a1c <main+0x364>)
1000092e:	e7cd      	b.n	100008cc <main+0x214>
10000930:	685a      	ldr	r2, [r3, #4]
10000932:	0992      	lsrs	r2, r2, #6
10000934:	4211      	tst	r1, r2
10000936:	d000      	beq.n	1000093a <main+0x282>
10000938:	e739      	b.n	100007ae <main+0xf6>
1000093a:	464a      	mov	r2, r9
1000093c:	6812      	ldr	r2, [r2, #0]
1000093e:	2a02      	cmp	r2, #2
10000940:	d100      	bne.n	10000944 <main+0x28c>
10000942:	e734      	b.n	100007ae <main+0xf6>
10000944:	2202      	movs	r2, #2
10000946:	4649      	mov	r1, r9
10000948:	600a      	str	r2, [r1, #0]
1000094a:	4641      	mov	r1, r8
1000094c:	600a      	str	r2, [r1, #0]
1000094e:	2280      	movs	r2, #128	@ 0x80
10000950:	0152      	lsls	r2, r2, #5
10000952:	619a      	str	r2, [r3, #24]
10000954:	2280      	movs	r2, #128	@ 0x80
10000956:	2600      	movs	r6, #0
10000958:	0192      	lsls	r2, r2, #6
1000095a:	615a      	str	r2, [r3, #20]
1000095c:	0030      	movs	r0, r6
1000095e:	2300      	movs	r3, #0
10000960:	2200      	movs	r2, #0
10000962:	21ff      	movs	r1, #255	@ 0xff
10000964:	3601      	adds	r6, #1
10000966:	f000 f9fd 	bl	10000d64 <npSetLED>
1000096a:	2e19      	cmp	r6, #25
1000096c:	d1f6      	bne.n	1000095c <main+0x2a4>
1000096e:	f000 fa21 	bl	10000db4 <npWrite>
10000972:	4b2b      	ldr	r3, [pc, #172]	@ (10000a20 <main+0x368>)
10000974:	e7aa      	b.n	100008cc <main+0x214>
10000976:	f000 fa01 	bl	10000d7c <npClear>
1000097a:	f000 fa1b 	bl	10000db4 <npWrite>
1000097e:	2380      	movs	r3, #128	@ 0x80
10000980:	015b      	lsls	r3, r3, #5
10000982:	61b3      	str	r3, [r6, #24]
10000984:	2380      	movs	r3, #128	@ 0x80
10000986:	019b      	lsls	r3, r3, #6
10000988:	61b3      	str	r3, [r6, #24]
1000098a:	4652      	mov	r2, sl
1000098c:	464b      	mov	r3, r9
1000098e:	601a      	str	r2, [r3, #0]
10000990:	4643      	mov	r3, r8
10000992:	a808      	add	r0, sp, #32
10000994:	601a      	str	r2, [r3, #0]
10000996:	2105      	movs	r1, #5
10000998:	4b22      	ldr	r3, [pc, #136]	@ (10000a24 <main+0x36c>)
1000099a:	2200      	movs	r2, #0
1000099c:	f000 f8c8 	bl	10000b30 <ssd1306_draw_string>
100009a0:	a901      	add	r1, sp, #4
100009a2:	a808      	add	r0, sp, #32
100009a4:	f000 f878 	bl	10000a98 <render_on_display>
100009a8:	21fa      	movs	r1, #250	@ 0xfa
100009aa:	2015      	movs	r0, #21
100009ac:	0089      	lsls	r1, r1, #2
100009ae:	f7ff fcf9 	bl	100003a4 <beep>
100009b2:	2096      	movs	r0, #150	@ 0x96
100009b4:	0040      	lsls	r0, r0, #1
100009b6:	f001 f969 	bl	10001c8c <sleep_ms>
100009ba:	2280      	movs	r2, #128	@ 0x80
100009bc:	2100      	movs	r1, #0
100009be:	00d2      	lsls	r2, r2, #3
100009c0:	a808      	add	r0, sp, #32
100009c2:	f002 f9ab 	bl	10002d1c <__wrap_memset>
100009c6:	a901      	add	r1, sp, #4
100009c8:	a808      	add	r0, sp, #32
100009ca:	f000 f865 	bl	10000a98 <render_on_display>
100009ce:	20fa      	movs	r0, #250	@ 0xfa
100009d0:	0040      	lsls	r0, r0, #1
100009d2:	f001 f95b 	bl	10001c8c <sleep_ms>
100009d6:	2064      	movs	r0, #100	@ 0x64
100009d8:	f001 f958 	bl	10001c8c <sleep_ms>
100009dc:	2000      	movs	r0, #0
100009de:	2384      	movs	r3, #132	@ 0x84
100009e0:	00db      	lsls	r3, r3, #3
100009e2:	449d      	add	sp, r3
100009e4:	bce0      	pop	{r5, r6, r7}
100009e6:	46ba      	mov	sl, r7
100009e8:	46b1      	mov	r9, r6
100009ea:	46a8      	mov	r8, r5
100009ec:	bdf0      	pop	{r4, r5, r6, r7, pc}
100009ee:	46c0      	nop			@ (mov r8, r8)
100009f0:	fffffbe0 	.word	0xfffffbe0
100009f4:	00061a80 	.word	0x00061a80
100009f8:	20000ec0 	.word	0x20000ec0
100009fc:	07007f00 	.word	0x07007f00
10000a00:	20001d50 	.word	0x20001d50
10000a04:	4004c000 	.word	0x4004c000
10000a08:	20002388 	.word	0x20002388
10000a0c:	4004d000 	.word	0x4004d000
10000a10:	4004e000 	.word	0x4004e000
10000a14:	100062e4 	.word	0x100062e4
10000a18:	100060ac 	.word	0x100060ac
10000a1c:	100060b8 	.word	0x100060b8
10000a20:	100060c4 	.word	0x100060c4
10000a24:	100060a0 	.word	0x100060a0

10000a28 <calculate_render_area_buffer_length>:
10000a28:	7803      	ldrb	r3, [r0, #0]
10000a2a:	7842      	ldrb	r2, [r0, #1]
10000a2c:	7881      	ldrb	r1, [r0, #2]
10000a2e:	1ad2      	subs	r2, r2, r3
10000a30:	78c3      	ldrb	r3, [r0, #3]
10000a32:	3201      	adds	r2, #1
10000a34:	1a5b      	subs	r3, r3, r1
10000a36:	3301      	adds	r3, #1
10000a38:	4353      	muls	r3, r2
10000a3a:	6043      	str	r3, [r0, #4]
10000a3c:	4770      	bx	lr
10000a3e:	46c0      	nop			@ (mov r8, r8)

10000a40 <ssd1306_init>:
10000a40:	b5f0      	push	{r4, r5, r6, r7, lr}
10000a42:	4647      	mov	r7, r8
10000a44:	46ce      	mov	lr, r9
10000a46:	b580      	push	{r7, lr}
10000a48:	b08b      	sub	sp, #44	@ 0x2c
10000a4a:	ac03      	add	r4, sp, #12
10000a4c:	0022      	movs	r2, r4
10000a4e:	4b10      	ldr	r3, [pc, #64]	@ (10000a90 <ssd1306_init+0x50>)
10000a50:	2780      	movs	r7, #128	@ 0x80
10000a52:	cb23      	ldmia	r3!, {r0, r1, r5}
10000a54:	c223      	stmia	r2!, {r0, r1, r5}
10000a56:	cb23      	ldmia	r3!, {r0, r1, r5}
10000a58:	c223      	stmia	r2!, {r0, r1, r5}
10000a5a:	881b      	ldrh	r3, [r3, #0]
10000a5c:	2600      	movs	r6, #0
10000a5e:	8013      	strh	r3, [r2, #0]
10000a60:	2326      	movs	r3, #38	@ 0x26
10000a62:	446b      	add	r3, sp
10000a64:	4699      	mov	r9, r3
10000a66:	4b0b      	ldr	r3, [pc, #44]	@ (10000a94 <ssd1306_init+0x54>)
10000a68:	ad02      	add	r5, sp, #8
10000a6a:	4698      	mov	r8, r3
10000a6c:	7823      	ldrb	r3, [r4, #0]
10000a6e:	702f      	strb	r7, [r5, #0]
10000a70:	706b      	strb	r3, [r5, #1]
10000a72:	002a      	movs	r2, r5
10000a74:	2302      	movs	r3, #2
10000a76:	213c      	movs	r1, #60	@ 0x3c
10000a78:	4640      	mov	r0, r8
10000a7a:	9600      	str	r6, [sp, #0]
10000a7c:	3401      	adds	r4, #1
10000a7e:	f004 fc57 	bl	10005330 <i2c_write_blocking>
10000a82:	454c      	cmp	r4, r9
10000a84:	d1f2      	bne.n	10000a6c <ssd1306_init+0x2c>
10000a86:	b00b      	add	sp, #44	@ 0x2c
10000a88:	bcc0      	pop	{r6, r7}
10000a8a:	46b9      	mov	r9, r7
10000a8c:	46b0      	mov	r8, r6
10000a8e:	bdf0      	pop	{r4, r5, r6, r7, pc}
10000a90:	10006420 	.word	0x10006420
10000a94:	20000ec0 	.word	0x20000ec0

10000a98 <render_on_display>:
10000a98:	b5f0      	push	{r4, r5, r6, r7, lr}
10000a9a:	4657      	mov	r7, sl
10000a9c:	464e      	mov	r6, r9
10000a9e:	4645      	mov	r5, r8
10000aa0:	46de      	mov	lr, fp
10000aa2:	2321      	movs	r3, #33	@ 0x21
10000aa4:	b5e0      	push	{r5, r6, r7, lr}
10000aa6:	b087      	sub	sp, #28
10000aa8:	ac04      	add	r4, sp, #16
10000aaa:	7023      	strb	r3, [r4, #0]
10000aac:	780b      	ldrb	r3, [r1, #0]
10000aae:	4683      	mov	fp, r0
10000ab0:	7063      	strb	r3, [r4, #1]
10000ab2:	784b      	ldrb	r3, [r1, #1]
10000ab4:	468a      	mov	sl, r1
10000ab6:	70a3      	strb	r3, [r4, #2]
10000ab8:	2322      	movs	r3, #34	@ 0x22
10000aba:	70e3      	strb	r3, [r4, #3]
10000abc:	884b      	ldrh	r3, [r1, #2]
10000abe:	2700      	movs	r7, #0
10000ac0:	80a3      	strh	r3, [r4, #4]
10000ac2:	2316      	movs	r3, #22
10000ac4:	446b      	add	r3, sp
10000ac6:	4699      	mov	r9, r3
10000ac8:	2380      	movs	r3, #128	@ 0x80
10000aca:	4698      	mov	r8, r3
10000acc:	4e17      	ldr	r6, [pc, #92]	@ (10000b2c <render_on_display+0x94>)
10000ace:	ad03      	add	r5, sp, #12
10000ad0:	4642      	mov	r2, r8
10000ad2:	7823      	ldrb	r3, [r4, #0]
10000ad4:	702a      	strb	r2, [r5, #0]
10000ad6:	706b      	strb	r3, [r5, #1]
10000ad8:	002a      	movs	r2, r5
10000ada:	2302      	movs	r3, #2
10000adc:	213c      	movs	r1, #60	@ 0x3c
10000ade:	0030      	movs	r0, r6
10000ae0:	9700      	str	r7, [sp, #0]
10000ae2:	3401      	adds	r4, #1
10000ae4:	f004 fc24 	bl	10005330 <i2c_write_blocking>
10000ae8:	454c      	cmp	r4, r9
10000aea:	d1f1      	bne.n	10000ad0 <render_on_display+0x38>
10000aec:	4653      	mov	r3, sl
10000aee:	685b      	ldr	r3, [r3, #4]
10000af0:	1c5d      	adds	r5, r3, #1
10000af2:	0028      	movs	r0, r5
10000af4:	4698      	mov	r8, r3
10000af6:	f002 f8f3 	bl	10002ce0 <__wrap_malloc>
10000afa:	2340      	movs	r3, #64	@ 0x40
10000afc:	0004      	movs	r4, r0
10000afe:	4642      	mov	r2, r8
10000b00:	4659      	mov	r1, fp
10000b02:	7003      	strb	r3, [r0, #0]
10000b04:	3001      	adds	r0, #1
10000b06:	f002 f90f 	bl	10002d28 <__wrap___aeabi_memcpy>
10000b0a:	002b      	movs	r3, r5
10000b0c:	0022      	movs	r2, r4
10000b0e:	213c      	movs	r1, #60	@ 0x3c
10000b10:	0030      	movs	r0, r6
10000b12:	9700      	str	r7, [sp, #0]
10000b14:	f004 fc0c 	bl	10005330 <i2c_write_blocking>
10000b18:	0020      	movs	r0, r4
10000b1a:	f002 f8f3 	bl	10002d04 <__wrap_free>
10000b1e:	b007      	add	sp, #28
10000b20:	bcf0      	pop	{r4, r5, r6, r7}
10000b22:	46bb      	mov	fp, r7
10000b24:	46b2      	mov	sl, r6
10000b26:	46a9      	mov	r9, r5
10000b28:	46a0      	mov	r8, r4
10000b2a:	bdf0      	pop	{r4, r5, r6, r7, pc}
10000b2c:	20000ec0 	.word	0x20000ec0

10000b30 <ssd1306_draw_string>:
10000b30:	b5f0      	push	{r4, r5, r6, r7, lr}
10000b32:	46de      	mov	lr, fp
10000b34:	4657      	mov	r7, sl
10000b36:	464e      	mov	r6, r9
10000b38:	4645      	mov	r5, r8
10000b3a:	b5e0      	push	{r5, r6, r7, lr}
10000b3c:	b085      	sub	sp, #20
10000b3e:	2978      	cmp	r1, #120	@ 0x78
10000b40:	dc4d      	bgt.n	10000bde <ssd1306_draw_string+0xae>
10000b42:	2a38      	cmp	r2, #56	@ 0x38
10000b44:	dc4b      	bgt.n	10000bde <ssd1306_draw_string+0xae>
10000b46:	781c      	ldrb	r4, [r3, #0]
10000b48:	2c00      	cmp	r4, #0
10000b4a:	d048      	beq.n	10000bde <ssd1306_draw_string+0xae>
10000b4c:	2507      	movs	r5, #7
10000b4e:	17d6      	asrs	r6, r2, #31
10000b50:	4035      	ands	r5, r6
10000b52:	18aa      	adds	r2, r5, r2
10000b54:	10d2      	asrs	r2, r2, #3
10000b56:	01d2      	lsls	r2, r2, #7
10000b58:	9202      	str	r2, [sp, #8]
10000b5a:	4a29      	ldr	r2, [pc, #164]	@ (10000c00 <ssd1306_draw_string+0xd0>)
10000b5c:	9203      	str	r2, [sp, #12]
10000b5e:	4a29      	ldr	r2, [pc, #164]	@ (10000c04 <ssd1306_draw_string+0xd4>)
10000b60:	4693      	mov	fp, r2
10000b62:	e02a      	b.n	10000bba <ssd1306_draw_string+0x8a>
10000b64:	3c30      	subs	r4, #48	@ 0x30
10000b66:	2c09      	cmp	r4, #9
10000b68:	d840      	bhi.n	10000bec <ssd1306_draw_string+0xbc>
10000b6a:	24ff      	movs	r4, #255	@ 0xff
10000b6c:	4022      	ands	r2, r4
10000b6e:	3a15      	subs	r2, #21
10000b70:	465c      	mov	r4, fp
10000b72:	00d2      	lsls	r2, r2, #3
10000b74:	5ca4      	ldrb	r4, [r4, r2]
10000b76:	445a      	add	r2, fp
10000b78:	46a2      	mov	sl, r4
10000b7a:	7854      	ldrb	r4, [r2, #1]
10000b7c:	7917      	ldrb	r7, [r2, #4]
10000b7e:	46a1      	mov	r9, r4
10000b80:	7894      	ldrb	r4, [r2, #2]
10000b82:	7956      	ldrb	r6, [r2, #5]
10000b84:	46a0      	mov	r8, r4
10000b86:	78d4      	ldrb	r4, [r2, #3]
10000b88:	7995      	ldrb	r5, [r2, #6]
10000b8a:	46a4      	mov	ip, r4
10000b8c:	79d2      	ldrb	r2, [r2, #7]
10000b8e:	9201      	str	r2, [sp, #4]
10000b90:	4654      	mov	r4, sl
10000b92:	9a02      	ldr	r2, [sp, #8]
10000b94:	188a      	adds	r2, r1, r2
10000b96:	5484      	strb	r4, [r0, r2]
10000b98:	464c      	mov	r4, r9
10000b9a:	1882      	adds	r2, r0, r2
10000b9c:	7054      	strb	r4, [r2, #1]
10000b9e:	4644      	mov	r4, r8
10000ba0:	7094      	strb	r4, [r2, #2]
10000ba2:	4664      	mov	r4, ip
10000ba4:	70d4      	strb	r4, [r2, #3]
10000ba6:	9c01      	ldr	r4, [sp, #4]
10000ba8:	7117      	strb	r7, [r2, #4]
10000baa:	7156      	strb	r6, [r2, #5]
10000bac:	7195      	strb	r5, [r2, #6]
10000bae:	71d4      	strb	r4, [r2, #7]
10000bb0:	781c      	ldrb	r4, [r3, #0]
10000bb2:	3108      	adds	r1, #8
10000bb4:	b209      	sxth	r1, r1
10000bb6:	2c00      	cmp	r4, #0
10000bb8:	d011      	beq.n	10000bde <ssd1306_draw_string+0xae>
10000bba:	3301      	adds	r3, #1
10000bbc:	2978      	cmp	r1, #120	@ 0x78
10000bbe:	dcf7      	bgt.n	10000bb0 <ssd1306_draw_string+0x80>
10000bc0:	2603      	movs	r6, #3
10000bc2:	9d03      	ldr	r5, [sp, #12]
10000bc4:	0022      	movs	r2, r4
10000bc6:	5d2d      	ldrb	r5, [r5, r4]
10000bc8:	4035      	ands	r5, r6
10000bca:	2d02      	cmp	r5, #2
10000bcc:	d101      	bne.n	10000bd2 <ssd1306_draw_string+0xa2>
10000bce:	3a20      	subs	r2, #32
10000bd0:	b2d4      	uxtb	r4, r2
10000bd2:	0025      	movs	r5, r4
10000bd4:	3d41      	subs	r5, #65	@ 0x41
10000bd6:	2d19      	cmp	r5, #25
10000bd8:	d8c4      	bhi.n	10000b64 <ssd1306_draw_string+0x34>
10000bda:	3a40      	subs	r2, #64	@ 0x40
10000bdc:	e7c8      	b.n	10000b70 <ssd1306_draw_string+0x40>
10000bde:	b005      	add	sp, #20
10000be0:	bcf0      	pop	{r4, r5, r6, r7}
10000be2:	46bb      	mov	fp, r7
10000be4:	46b2      	mov	sl, r6
10000be6:	46a9      	mov	r9, r5
10000be8:	46a0      	mov	r8, r4
10000bea:	bdf0      	pop	{r4, r5, r6, r7, pc}
10000bec:	2200      	movs	r2, #0
10000bee:	2500      	movs	r5, #0
10000bf0:	2600      	movs	r6, #0
10000bf2:	2700      	movs	r7, #0
10000bf4:	4694      	mov	ip, r2
10000bf6:	4690      	mov	r8, r2
10000bf8:	4691      	mov	r9, r2
10000bfa:	4692      	mov	sl, r2
10000bfc:	9201      	str	r2, [sp, #4]
10000bfe:	e7c7      	b.n	10000b90 <ssd1306_draw_string+0x60>
10000c00:	100066c9 	.word	0x100066c9
10000c04:	100062f8 	.word	0x100062f8

10000c08 <ws2818b_program_init>:
10000c08:	b5f0      	push	{r4, r5, r6, r7, lr}
10000c0a:	46c6      	mov	lr, r8
10000c0c:	4698      	mov	r8, r3
10000c0e:	4b2e      	ldr	r3, [pc, #184]	@ (10000cc8 <ws2818b_program_init+0xc0>)
10000c10:	000e      	movs	r6, r1
10000c12:	18c1      	adds	r1, r0, r3
10000c14:	1e4b      	subs	r3, r1, #1
10000c16:	4199      	sbcs	r1, r3
10000c18:	b500      	push	{lr}
10000c1a:	0005      	movs	r5, r0
10000c1c:	b086      	sub	sp, #24
10000c1e:	4640      	mov	r0, r8
10000c20:	3106      	adds	r1, #6
10000c22:	0017      	movs	r7, r2
10000c24:	f000 f91e 	bl	10000e64 <gpio_set_function>
10000c28:	2301      	movs	r3, #1
10000c2a:	0031      	movs	r1, r6
10000c2c:	4642      	mov	r2, r8
10000c2e:	0028      	movs	r0, r5
10000c30:	9300      	str	r3, [sp, #0]
10000c32:	f004 fc7b 	bl	1000552c <pio_sm_set_consecutive_pindirs>
10000c36:	2380      	movs	r3, #128	@ 0x80
10000c38:	1cfc      	adds	r4, r7, #3
10000c3a:	025b      	lsls	r3, r3, #9
10000c3c:	9302      	str	r3, [sp, #8]
10000c3e:	0324      	lsls	r4, r4, #12
10000c40:	01fb      	lsls	r3, r7, #7
10000c42:	431c      	orrs	r4, r3
10000c44:	4b21      	ldr	r3, [pc, #132]	@ (10000ccc <ws2818b_program_init+0xc4>)
10000c46:	2280      	movs	r2, #128	@ 0x80
10000c48:	401c      	ands	r4, r3
10000c4a:	4643      	mov	r3, r8
10000c4c:	0592      	lsls	r2, r2, #22
10000c4e:	029b      	lsls	r3, r3, #10
10000c50:	4313      	orrs	r3, r2
10000c52:	9305      	str	r3, [sp, #20]
10000c54:	4b1e      	ldr	r3, [pc, #120]	@ (10000cd0 <ws2818b_program_init+0xc8>)
10000c56:	2005      	movs	r0, #5
10000c58:	9304      	str	r3, [sp, #16]
10000c5a:	9403      	str	r4, [sp, #12]
10000c5c:	f001 fd1a 	bl	10002694 <clock_get_hz>
10000c60:	f001 ffdc 	bl	10002c1c <__wrap___aeabi_ui2f>
10000c64:	491b      	ldr	r1, [pc, #108]	@ (10000cd4 <ws2818b_program_init+0xcc>)
10000c66:	1c04      	adds	r4, r0, #0
10000c68:	980c      	ldr	r0, [sp, #48]	@ 0x30
10000c6a:	f001 ffd0 	bl	10002c0e <__wrap___aeabi_fmul>
10000c6e:	1c01      	adds	r1, r0, #0
10000c70:	1c20      	adds	r0, r4, #0
10000c72:	f001 ffb8 	bl	10002be6 <__wrap___aeabi_fdiv>
10000c76:	4680      	mov	r8, r0
10000c78:	f001 fff8 	bl	10002c6c <__wrap___aeabi_f2uiz>
10000c7c:	b284      	uxth	r4, r0
10000c7e:	2300      	movs	r3, #0
10000c80:	2c00      	cmp	r4, #0
10000c82:	d00e      	beq.n	10000ca2 <ws2818b_program_init+0x9a>
10000c84:	0020      	movs	r0, r4
10000c86:	f001 ffc9 	bl	10002c1c <__wrap___aeabi_ui2f>
10000c8a:	1c01      	adds	r1, r0, #0
10000c8c:	4640      	mov	r0, r8
10000c8e:	f001 ffa4 	bl	10002bda <__wrap___aeabi_fsub>
10000c92:	2187      	movs	r1, #135	@ 0x87
10000c94:	05c9      	lsls	r1, r1, #23
10000c96:	f001 ffba 	bl	10002c0e <__wrap___aeabi_fmul>
10000c9a:	f001 ffe7 	bl	10002c6c <__wrap___aeabi_f2uiz>
10000c9e:	b2c3      	uxtb	r3, r0
10000ca0:	021b      	lsls	r3, r3, #8
10000ca2:	0424      	lsls	r4, r4, #16
10000ca4:	003a      	movs	r2, r7
10000ca6:	431c      	orrs	r4, r3
10000ca8:	0031      	movs	r1, r6
10000caa:	ab02      	add	r3, sp, #8
10000cac:	0028      	movs	r0, r5
10000cae:	9402      	str	r4, [sp, #8]
10000cb0:	f004 fc90 	bl	100055d4 <pio_sm_init>
10000cb4:	2301      	movs	r3, #1
10000cb6:	40b3      	lsls	r3, r6
10000cb8:	682a      	ldr	r2, [r5, #0]
10000cba:	4313      	orrs	r3, r2
10000cbc:	602b      	str	r3, [r5, #0]
10000cbe:	b006      	add	sp, #24
10000cc0:	bc80      	pop	{r7}
10000cc2:	46b8      	mov	r8, r7
10000cc4:	bdf0      	pop	{r4, r5, r6, r7, pc}
10000cc6:	46c0      	nop			@ (mov r8, r8)
10000cc8:	afe00000 	.word	0xafe00000
10000ccc:	9fffffff 	.word	0x9fffffff
10000cd0:	500e0000 	.word	0x500e0000
10000cd4:	41200000 	.word	0x41200000

10000cd8 <npSetBrightness>:
10000cd8:	4b01      	ldr	r3, [pc, #4]	@ (10000ce0 <npSetBrightness+0x8>)
10000cda:	7018      	strb	r0, [r3, #0]
10000cdc:	4770      	bx	lr
10000cde:	46c0      	nop			@ (mov r8, r8)
10000ce0:	20000de8 	.word	0x20000de8

10000ce4 <npInit>:
10000ce4:	b5f0      	push	{r4, r5, r6, r7, lr}
10000ce6:	4e19      	ldr	r6, [pc, #100]	@ (10000d4c <npInit+0x68>)
10000ce8:	b083      	sub	sp, #12
10000cea:	0005      	movs	r5, r0
10000cec:	4918      	ldr	r1, [pc, #96]	@ (10000d50 <npInit+0x6c>)
10000cee:	0030      	movs	r0, r6
10000cf0:	f004 fba4 	bl	1000543c <pio_add_program>
10000cf4:	4f17      	ldr	r7, [pc, #92]	@ (10000d54 <npInit+0x70>)
10000cf6:	0004      	movs	r4, r0
10000cf8:	2100      	movs	r1, #0
10000cfa:	0030      	movs	r0, r6
10000cfc:	603e      	str	r6, [r7, #0]
10000cfe:	f004 fb7f 	bl	10005400 <pio_claim_unused_sm>
10000d02:	4b15      	ldr	r3, [pc, #84]	@ (10000d58 <npInit+0x74>)
10000d04:	0001      	movs	r1, r0
10000d06:	6018      	str	r0, [r3, #0]
10000d08:	4b14      	ldr	r3, [pc, #80]	@ (10000d5c <npInit+0x78>)
10000d0a:	0022      	movs	r2, r4
10000d0c:	6838      	ldr	r0, [r7, #0]
10000d0e:	9300      	str	r3, [sp, #0]
10000d10:	002b      	movs	r3, r5
10000d12:	f7ff ff79 	bl	10000c08 <ws2818b_program_init>
10000d16:	2200      	movs	r2, #0
10000d18:	2148      	movs	r1, #72	@ 0x48
10000d1a:	4b11      	ldr	r3, [pc, #68]	@ (10000d60 <npInit+0x7c>)
10000d1c:	525a      	strh	r2, [r3, r1]
10000d1e:	2100      	movs	r1, #0
10000d20:	601a      	str	r2, [r3, #0]
10000d22:	605a      	str	r2, [r3, #4]
10000d24:	609a      	str	r2, [r3, #8]
10000d26:	60da      	str	r2, [r3, #12]
10000d28:	611a      	str	r2, [r3, #16]
10000d2a:	615a      	str	r2, [r3, #20]
10000d2c:	619a      	str	r2, [r3, #24]
10000d2e:	61da      	str	r2, [r3, #28]
10000d30:	621a      	str	r2, [r3, #32]
10000d32:	625a      	str	r2, [r3, #36]	@ 0x24
10000d34:	629a      	str	r2, [r3, #40]	@ 0x28
10000d36:	62da      	str	r2, [r3, #44]	@ 0x2c
10000d38:	631a      	str	r2, [r3, #48]	@ 0x30
10000d3a:	635a      	str	r2, [r3, #52]	@ 0x34
10000d3c:	639a      	str	r2, [r3, #56]	@ 0x38
10000d3e:	63da      	str	r2, [r3, #60]	@ 0x3c
10000d40:	641a      	str	r2, [r3, #64]	@ 0x40
10000d42:	645a      	str	r2, [r3, #68]	@ 0x44
10000d44:	324a      	adds	r2, #74	@ 0x4a
10000d46:	5499      	strb	r1, [r3, r2]
10000d48:	b003      	add	sp, #12
10000d4a:	bdf0      	pop	{r4, r5, r6, r7, pc}
10000d4c:	50200000 	.word	0x50200000
10000d50:	1000653c 	.word	0x1000653c
10000d54:	20002228 	.word	0x20002228
10000d58:	2000236c 	.word	0x2000236c
10000d5c:	49435000 	.word	0x49435000
10000d60:	200021d4 	.word	0x200021d4

10000d64 <npSetLED>:
10000d64:	b530      	push	{r4, r5, lr}
10000d66:	4d04      	ldr	r5, [pc, #16]	@ (10000d78 <npSetLED+0x14>)
10000d68:	0044      	lsls	r4, r0, #1
10000d6a:	1820      	adds	r0, r4, r0
10000d6c:	002c      	movs	r4, r5
10000d6e:	182d      	adds	r5, r5, r0
10000d70:	7069      	strb	r1, [r5, #1]
10000d72:	70ab      	strb	r3, [r5, #2]
10000d74:	5422      	strb	r2, [r4, r0]
10000d76:	bd30      	pop	{r4, r5, pc}
10000d78:	200021d4 	.word	0x200021d4

10000d7c <npClear>:
10000d7c:	2200      	movs	r2, #0
10000d7e:	2148      	movs	r1, #72	@ 0x48
10000d80:	4b0b      	ldr	r3, [pc, #44]	@ (10000db0 <npClear+0x34>)
10000d82:	525a      	strh	r2, [r3, r1]
10000d84:	2100      	movs	r1, #0
10000d86:	601a      	str	r2, [r3, #0]
10000d88:	605a      	str	r2, [r3, #4]
10000d8a:	609a      	str	r2, [r3, #8]
10000d8c:	60da      	str	r2, [r3, #12]
10000d8e:	611a      	str	r2, [r3, #16]
10000d90:	615a      	str	r2, [r3, #20]
10000d92:	619a      	str	r2, [r3, #24]
10000d94:	61da      	str	r2, [r3, #28]
10000d96:	621a      	str	r2, [r3, #32]
10000d98:	625a      	str	r2, [r3, #36]	@ 0x24
10000d9a:	629a      	str	r2, [r3, #40]	@ 0x28
10000d9c:	62da      	str	r2, [r3, #44]	@ 0x2c
10000d9e:	631a      	str	r2, [r3, #48]	@ 0x30
10000da0:	635a      	str	r2, [r3, #52]	@ 0x34
10000da2:	639a      	str	r2, [r3, #56]	@ 0x38
10000da4:	63da      	str	r2, [r3, #60]	@ 0x3c
10000da6:	641a      	str	r2, [r3, #64]	@ 0x40
10000da8:	645a      	str	r2, [r3, #68]	@ 0x44
10000daa:	324a      	adds	r2, #74	@ 0x4a
10000dac:	5499      	strb	r1, [r3, r2]
10000dae:	4770      	bx	lr
10000db0:	200021d4 	.word	0x200021d4

10000db4 <npWrite>:
10000db4:	b5f8      	push	{r3, r4, r5, r6, r7, lr}
10000db6:	464e      	mov	r6, r9
10000db8:	4645      	mov	r5, r8
10000dba:	4657      	mov	r7, sl
10000dbc:	46de      	mov	lr, fp
10000dbe:	b5e0      	push	{r5, r6, r7, lr}
10000dc0:	4b22      	ldr	r3, [pc, #136]	@ (10000e4c <npWrite+0x98>)
10000dc2:	2401      	movs	r4, #1
10000dc4:	781b      	ldrb	r3, [r3, #0]
10000dc6:	4e22      	ldr	r6, [pc, #136]	@ (10000e50 <npWrite+0x9c>)
10000dc8:	4699      	mov	r9, r3
10000dca:	4b22      	ldr	r3, [pc, #136]	@ (10000e54 <npWrite+0xa0>)
10000dcc:	681d      	ldr	r5, [r3, #0]
10000dce:	4b22      	ldr	r3, [pc, #136]	@ (10000e58 <npWrite+0xa4>)
10000dd0:	681f      	ldr	r7, [r3, #0]
10000dd2:	003b      	movs	r3, r7
10000dd4:	3310      	adds	r3, #16
10000dd6:	409c      	lsls	r4, r3
10000dd8:	4b20      	ldr	r3, [pc, #128]	@ (10000e5c <npWrite+0xa8>)
10000dda:	00bf      	lsls	r7, r7, #2
10000ddc:	4698      	mov	r8, r3
10000dde:	19ef      	adds	r7, r5, r7
10000de0:	464b      	mov	r3, r9
10000de2:	7870      	ldrb	r0, [r6, #1]
10000de4:	21ff      	movs	r1, #255	@ 0xff
10000de6:	4358      	muls	r0, r3
10000de8:	f001 fe26 	bl	10002a38 <__wrap___aeabi_idiv>
10000dec:	4643      	mov	r3, r8
10000dee:	5c1b      	ldrb	r3, [r3, r0]
10000df0:	78b0      	ldrb	r0, [r6, #2]
10000df2:	469b      	mov	fp, r3
10000df4:	464b      	mov	r3, r9
10000df6:	21ff      	movs	r1, #255	@ 0xff
10000df8:	4358      	muls	r0, r3
10000dfa:	f001 fe1d 	bl	10002a38 <__wrap___aeabi_idiv>
10000dfe:	4643      	mov	r3, r8
10000e00:	5c1b      	ldrb	r3, [r3, r0]
10000e02:	7830      	ldrb	r0, [r6, #0]
10000e04:	469a      	mov	sl, r3
10000e06:	464b      	mov	r3, r9
10000e08:	21ff      	movs	r1, #255	@ 0xff
10000e0a:	4358      	muls	r0, r3
10000e0c:	f001 fe14 	bl	10002a38 <__wrap___aeabi_idiv>
10000e10:	4643      	mov	r3, r8
10000e12:	5c1a      	ldrb	r2, [r3, r0]
10000e14:	686b      	ldr	r3, [r5, #4]
10000e16:	421c      	tst	r4, r3
10000e18:	d1fc      	bne.n	10000e14 <npWrite+0x60>
10000e1a:	613a      	str	r2, [r7, #16]
10000e1c:	686b      	ldr	r3, [r5, #4]
10000e1e:	421c      	tst	r4, r3
10000e20:	d1fc      	bne.n	10000e1c <npWrite+0x68>
10000e22:	465b      	mov	r3, fp
10000e24:	613b      	str	r3, [r7, #16]
10000e26:	686b      	ldr	r3, [r5, #4]
10000e28:	421c      	tst	r4, r3
10000e2a:	d1fc      	bne.n	10000e26 <npWrite+0x72>
10000e2c:	4653      	mov	r3, sl
10000e2e:	613b      	str	r3, [r7, #16]
10000e30:	4b0b      	ldr	r3, [pc, #44]	@ (10000e60 <npWrite+0xac>)
10000e32:	3603      	adds	r6, #3
10000e34:	42b3      	cmp	r3, r6
10000e36:	d1d3      	bne.n	10000de0 <npWrite+0x2c>
10000e38:	2064      	movs	r0, #100	@ 0x64
10000e3a:	2100      	movs	r1, #0
10000e3c:	f000 ff12 	bl	10001c64 <sleep_us>
10000e40:	bcf0      	pop	{r4, r5, r6, r7}
10000e42:	46bb      	mov	fp, r7
10000e44:	46b2      	mov	sl, r6
10000e46:	46a9      	mov	r9, r5
10000e48:	46a0      	mov	r8, r4
10000e4a:	bdf8      	pop	{r3, r4, r5, r6, r7, pc}
10000e4c:	20000de8 	.word	0x20000de8
10000e50:	200021d4 	.word	0x200021d4
10000e54:	20002228 	.word	0x20002228
10000e58:	2000236c 	.word	0x2000236c
10000e5c:	1000643c 	.word	0x1000643c
10000e60:	2000221f 	.word	0x2000221f

10000e64 <gpio_set_function>:
10000e64:	4a09      	ldr	r2, [pc, #36]	@ (10000e8c <gpio_set_function+0x28>)
10000e66:	b510      	push	{r4, lr}
10000e68:	4694      	mov	ip, r2
10000e6a:	2440      	movs	r4, #64	@ 0x40
10000e6c:	0083      	lsls	r3, r0, #2
10000e6e:	4463      	add	r3, ip
10000e70:	681a      	ldr	r2, [r3, #0]
10000e72:	00c0      	lsls	r0, r0, #3
10000e74:	4062      	eors	r2, r4
10000e76:	3480      	adds	r4, #128	@ 0x80
10000e78:	4014      	ands	r4, r2
10000e7a:	2280      	movs	r2, #128	@ 0x80
10000e7c:	0152      	lsls	r2, r2, #5
10000e7e:	4313      	orrs	r3, r2
10000e80:	601c      	str	r4, [r3, #0]
10000e82:	4b03      	ldr	r3, [pc, #12]	@ (10000e90 <gpio_set_function+0x2c>)
10000e84:	469c      	mov	ip, r3
10000e86:	4460      	add	r0, ip
10000e88:	6041      	str	r1, [r0, #4]
10000e8a:	bd10      	pop	{r4, pc}
10000e8c:	4001c004 	.word	0x4001c004
10000e90:	40014000 	.word	0x40014000

10000e94 <gpio_set_pulls>:
10000e94:	4b07      	ldr	r3, [pc, #28]	@ (10000eb4 <gpio_set_pulls+0x20>)
10000e96:	0080      	lsls	r0, r0, #2
10000e98:	469c      	mov	ip, r3
10000e9a:	4460      	add	r0, ip
10000e9c:	6803      	ldr	r3, [r0, #0]
10000e9e:	00c9      	lsls	r1, r1, #3
10000ea0:	0092      	lsls	r2, r2, #2
10000ea2:	430a      	orrs	r2, r1
10000ea4:	405a      	eors	r2, r3
10000ea6:	230c      	movs	r3, #12
10000ea8:	401a      	ands	r2, r3
10000eaa:	2380      	movs	r3, #128	@ 0x80
10000eac:	015b      	lsls	r3, r3, #5
10000eae:	4303      	orrs	r3, r0
10000eb0:	601a      	str	r2, [r3, #0]
10000eb2:	4770      	bx	lr
10000eb4:	4001c004 	.word	0x4001c004

10000eb8 <gpio_set_input_enabled>:
10000eb8:	4b08      	ldr	r3, [pc, #32]	@ (10000edc <gpio_set_input_enabled+0x24>)
10000eba:	0080      	lsls	r0, r0, #2
10000ebc:	469c      	mov	ip, r3
10000ebe:	4460      	add	r0, ip
10000ec0:	2900      	cmp	r1, #0
10000ec2:	d005      	beq.n	10000ed0 <gpio_set_input_enabled+0x18>
10000ec4:	2380      	movs	r3, #128	@ 0x80
10000ec6:	2240      	movs	r2, #64	@ 0x40
10000ec8:	019b      	lsls	r3, r3, #6
10000eca:	4303      	orrs	r3, r0
10000ecc:	601a      	str	r2, [r3, #0]
10000ece:	4770      	bx	lr
10000ed0:	23c0      	movs	r3, #192	@ 0xc0
10000ed2:	2240      	movs	r2, #64	@ 0x40
10000ed4:	019b      	lsls	r3, r3, #6
10000ed6:	4303      	orrs	r3, r0
10000ed8:	601a      	str	r2, [r3, #0]
10000eda:	e7f8      	b.n	10000ece <gpio_set_input_enabled+0x16>
10000edc:	4001c004 	.word	0x4001c004

10000ee0 <gpio_init>:
10000ee0:	2301      	movs	r3, #1
10000ee2:	22d0      	movs	r2, #208	@ 0xd0
10000ee4:	4083      	lsls	r3, r0
10000ee6:	0612      	lsls	r2, r2, #24
10000ee8:	6293      	str	r3, [r2, #40]	@ 0x28
10000eea:	6193      	str	r3, [r2, #24]
10000eec:	4a09      	ldr	r2, [pc, #36]	@ (10000f14 <gpio_init+0x34>)
10000eee:	2140      	movs	r1, #64	@ 0x40
10000ef0:	4694      	mov	ip, r2
10000ef2:	0083      	lsls	r3, r0, #2
10000ef4:	4463      	add	r3, ip
10000ef6:	681a      	ldr	r2, [r3, #0]
10000ef8:	00c0      	lsls	r0, r0, #3
10000efa:	404a      	eors	r2, r1
10000efc:	3180      	adds	r1, #128	@ 0x80
10000efe:	4011      	ands	r1, r2
10000f00:	2280      	movs	r2, #128	@ 0x80
10000f02:	0152      	lsls	r2, r2, #5
10000f04:	4313      	orrs	r3, r2
10000f06:	6019      	str	r1, [r3, #0]
10000f08:	4b03      	ldr	r3, [pc, #12]	@ (10000f18 <gpio_init+0x38>)
10000f0a:	469c      	mov	ip, r3
10000f0c:	2305      	movs	r3, #5
10000f0e:	4460      	add	r0, ip
10000f10:	6043      	str	r3, [r0, #4]
10000f12:	4770      	bx	lr
10000f14:	4001c004 	.word	0x4001c004
10000f18:	40014000 	.word	0x40014000

10000f1c <running_on_fpga>:
10000f1c:	4b02      	ldr	r3, [pc, #8]	@ (10000f28 <running_on_fpga+0xc>)
10000f1e:	6818      	ldr	r0, [r3, #0]
10000f20:	0780      	lsls	r0, r0, #30
10000f22:	0fc0      	lsrs	r0, r0, #31
10000f24:	4770      	bx	lr
10000f26:	46c0      	nop			@ (mov r8, r8)
10000f28:	4006c000 	.word	0x4006c000

10000f2c <hw_claim_lock>:
10000f2c:	f3ef 8010 	mrs	r0, PRIMASK
10000f30:	b672      	cpsid	i
10000f32:	4a03      	ldr	r2, [pc, #12]	@ (10000f40 <hw_claim_lock+0x14>)
10000f34:	6813      	ldr	r3, [r2, #0]
10000f36:	2b00      	cmp	r3, #0
10000f38:	d0fc      	beq.n	10000f34 <hw_claim_lock+0x8>
10000f3a:	f3bf 8f5f 	dmb	sy
10000f3e:	4770      	bx	lr
10000f40:	d000012c 	.word	0xd000012c

10000f44 <hw_claim_unlock>:
10000f44:	f3bf 8f5f 	dmb	sy
10000f48:	2200      	movs	r2, #0
10000f4a:	4b02      	ldr	r3, [pc, #8]	@ (10000f54 <hw_claim_unlock+0x10>)
10000f4c:	601a      	str	r2, [r3, #0]
10000f4e:	f380 8810 	msr	PRIMASK, r0
10000f52:	4770      	bx	lr
10000f54:	d000012c 	.word	0xd000012c

10000f58 <hw_claim_or_assert>:
10000f58:	b570      	push	{r4, r5, r6, lr}
10000f5a:	f3ef 8c10 	mrs	ip, PRIMASK
10000f5e:	b672      	cpsid	i
10000f60:	4d0d      	ldr	r5, [pc, #52]	@ (10000f98 <hw_claim_or_assert+0x40>)
10000f62:	682b      	ldr	r3, [r5, #0]
10000f64:	2b00      	cmp	r3, #0
10000f66:	d0fc      	beq.n	10000f62 <hw_claim_or_assert+0xa>
10000f68:	f3bf 8f5f 	dmb	sy
10000f6c:	2407      	movs	r4, #7
10000f6e:	08cb      	lsrs	r3, r1, #3
10000f70:	18c6      	adds	r6, r0, r3
10000f72:	5cc0      	ldrb	r0, [r0, r3]
10000f74:	2301      	movs	r3, #1
10000f76:	400c      	ands	r4, r1
10000f78:	40a3      	lsls	r3, r4
10000f7a:	001c      	movs	r4, r3
10000f7c:	4004      	ands	r4, r0
10000f7e:	4203      	tst	r3, r0
10000f80:	d107      	bne.n	10000f92 <hw_claim_or_assert+0x3a>
10000f82:	4318      	orrs	r0, r3
10000f84:	7030      	strb	r0, [r6, #0]
10000f86:	f3bf 8f5f 	dmb	sy
10000f8a:	602c      	str	r4, [r5, #0]
10000f8c:	f38c 8810 	msr	PRIMASK, ip
10000f90:	bd70      	pop	{r4, r5, r6, pc}
10000f92:	0010      	movs	r0, r2
10000f94:	f001 fcd8 	bl	10002948 <panic>
10000f98:	d000012c 	.word	0xd000012c

10000f9c <hw_claim_unused_from_range>:
10000f9c:	b5f8      	push	{r3, r4, r5, r6, r7, lr}
10000f9e:	4647      	mov	r7, r8
10000fa0:	46ce      	mov	lr, r9
10000fa2:	4688      	mov	r8, r1
10000fa4:	b580      	push	{r7, lr}
10000fa6:	f3ef 8c10 	mrs	ip, PRIMASK
10000faa:	b672      	cpsid	i
10000fac:	4d21      	ldr	r5, [pc, #132]	@ (10001034 <hw_claim_unused_from_range+0x98>)
10000fae:	682c      	ldr	r4, [r5, #0]
10000fb0:	2c00      	cmp	r4, #0
10000fb2:	d0fc      	beq.n	10000fae <hw_claim_unused_from_range+0x12>
10000fb4:	f3bf 8f5f 	dmb	sy
10000fb8:	429a      	cmp	r2, r3
10000fba:	d82c      	bhi.n	10001016 <hw_claim_unused_from_range+0x7a>
10000fbc:	08d4      	lsrs	r4, r2, #3
10000fbe:	2707      	movs	r7, #7
10000fc0:	5d05      	ldrb	r5, [r0, r4]
10000fc2:	1906      	adds	r6, r0, r4
10000fc4:	2401      	movs	r4, #1
10000fc6:	4017      	ands	r7, r2
10000fc8:	40bc      	lsls	r4, r7
10000fca:	422c      	tst	r4, r5
10000fcc:	d01f      	beq.n	1000100e <hw_claim_unused_from_range+0x72>
10000fce:	2107      	movs	r1, #7
10000fd0:	2701      	movs	r7, #1
10000fd2:	4689      	mov	r9, r1
10000fd4:	e009      	b.n	10000fea <hw_claim_unused_from_range+0x4e>
10000fd6:	08d4      	lsrs	r4, r2, #3
10000fd8:	5d05      	ldrb	r5, [r0, r4]
10000fda:	1906      	adds	r6, r0, r4
10000fdc:	464c      	mov	r4, r9
10000fde:	0039      	movs	r1, r7
10000fe0:	4014      	ands	r4, r2
10000fe2:	40a1      	lsls	r1, r4
10000fe4:	000c      	movs	r4, r1
10000fe6:	4229      	tst	r1, r5
10000fe8:	d011      	beq.n	1000100e <hw_claim_unused_from_range+0x72>
10000fea:	3201      	adds	r2, #1
10000fec:	4293      	cmp	r3, r2
10000fee:	d2f2      	bcs.n	10000fd6 <hw_claim_unused_from_range+0x3a>
10000ff0:	2001      	movs	r0, #1
10000ff2:	4240      	negs	r0, r0
10000ff4:	f3bf 8f5f 	dmb	sy
10000ff8:	2200      	movs	r2, #0
10000ffa:	4b0e      	ldr	r3, [pc, #56]	@ (10001034 <hw_claim_unused_from_range+0x98>)
10000ffc:	601a      	str	r2, [r3, #0]
10000ffe:	f38c 8810 	msr	PRIMASK, ip
10001002:	2800      	cmp	r0, #0
10001004:	db0f      	blt.n	10001026 <hw_claim_unused_from_range+0x8a>
10001006:	bcc0      	pop	{r6, r7}
10001008:	46b9      	mov	r9, r7
1000100a:	46b0      	mov	r8, r6
1000100c:	bdf8      	pop	{r3, r4, r5, r6, r7, pc}
1000100e:	4325      	orrs	r5, r4
10001010:	0010      	movs	r0, r2
10001012:	7035      	strb	r5, [r6, #0]
10001014:	e7ee      	b.n	10000ff4 <hw_claim_unused_from_range+0x58>
10001016:	f3bf 8f5f 	dmb	sy
1000101a:	2300      	movs	r3, #0
1000101c:	602b      	str	r3, [r5, #0]
1000101e:	f38c 8810 	msr	PRIMASK, ip
10001022:	2001      	movs	r0, #1
10001024:	4240      	negs	r0, r0
10001026:	4643      	mov	r3, r8
10001028:	2b00      	cmp	r3, #0
1000102a:	d0ec      	beq.n	10001006 <hw_claim_unused_from_range+0x6a>
1000102c:	9808      	ldr	r0, [sp, #32]
1000102e:	f001 fc8b 	bl	10002948 <panic>
10001032:	46c0      	nop			@ (mov r8, r8)
10001034:	d000012c 	.word	0xd000012c

10001038 <spin_locks_reset>:
10001038:	2100      	movs	r1, #0
1000103a:	4b04      	ldr	r3, [pc, #16]	@ (1000104c <spin_locks_reset+0x14>)
1000103c:	4a04      	ldr	r2, [pc, #16]	@ (10001050 <spin_locks_reset+0x18>)
1000103e:	f3bf 8f5f 	dmb	sy
10001042:	c302      	stmia	r3!, {r1}
10001044:	4293      	cmp	r3, r2
10001046:	d1fa      	bne.n	1000103e <spin_locks_reset+0x6>
10001048:	4770      	bx	lr
1000104a:	46c0      	nop			@ (mov r8, r8)
1000104c:	d0000100 	.word	0xd0000100
10001050:	d0000180 	.word	0xd0000180

10001054 <next_striped_spin_lock_num>:
10001054:	4a04      	ldr	r2, [pc, #16]	@ (10001068 <next_striped_spin_lock_num+0x14>)
10001056:	7810      	ldrb	r0, [r2, #0]
10001058:	1c43      	adds	r3, r0, #1
1000105a:	b2db      	uxtb	r3, r3
1000105c:	2b17      	cmp	r3, #23
1000105e:	d900      	bls.n	10001062 <next_striped_spin_lock_num+0xe>
10001060:	2310      	movs	r3, #16
10001062:	7013      	strb	r3, [r2, #0]
10001064:	4770      	bx	lr
10001066:	46c0      	nop			@ (mov r8, r8)
10001068:	20000de9 	.word	0x20000de9

1000106c <spin_lock_claim_unused>:
1000106c:	b510      	push	{r4, lr}
1000106e:	4b06      	ldr	r3, [pc, #24]	@ (10001088 <spin_lock_claim_unused+0x1c>)
10001070:	4c06      	ldr	r4, [pc, #24]	@ (1000108c <spin_lock_claim_unused+0x20>)
10001072:	b082      	sub	sp, #8
10001074:	0001      	movs	r1, r0
10001076:	9300      	str	r3, [sp, #0]
10001078:	2218      	movs	r2, #24
1000107a:	231f      	movs	r3, #31
1000107c:	0020      	movs	r0, r4
1000107e:	f7ff ff8d 	bl	10000f9c <hw_claim_unused_from_range>
10001082:	b002      	add	sp, #8
10001084:	bd10      	pop	{r4, pc}
10001086:	46c0      	nop			@ (mov r8, r8)
10001088:	1000611c 	.word	0x1000611c
1000108c:	20001d4c 	.word	0x20001d4c

10001090 <irq_set_enabled>:
10001090:	2301      	movs	r3, #1
10001092:	4083      	lsls	r3, r0
10001094:	2900      	cmp	r1, #0
10001096:	d004      	beq.n	100010a2 <irq_set_enabled+0x12>
10001098:	4a03      	ldr	r2, [pc, #12]	@ (100010a8 <irq_set_enabled+0x18>)
1000109a:	6013      	str	r3, [r2, #0]
1000109c:	4a03      	ldr	r2, [pc, #12]	@ (100010ac <irq_set_enabled+0x1c>)
1000109e:	6013      	str	r3, [r2, #0]
100010a0:	4770      	bx	lr
100010a2:	4a03      	ldr	r2, [pc, #12]	@ (100010b0 <irq_set_enabled+0x20>)
100010a4:	6013      	str	r3, [r2, #0]
100010a6:	e7fb      	b.n	100010a0 <irq_set_enabled+0x10>
100010a8:	e000e280 	.word	0xe000e280
100010ac:	e000e100 	.word	0xe000e100
100010b0:	e000e180 	.word	0xe000e180

100010b4 <irq_set_pending>:
100010b4:	2301      	movs	r3, #1
100010b6:	4083      	lsls	r3, r0
100010b8:	4a01      	ldr	r2, [pc, #4]	@ (100010c0 <irq_set_pending+0xc>)
100010ba:	6013      	str	r3, [r2, #0]
100010bc:	4770      	bx	lr
100010be:	46c0      	nop			@ (mov r8, r8)
100010c0:	e000e200 	.word	0xe000e200

100010c4 <irq_has_shared_handler>:
100010c4:	4b08      	ldr	r3, [pc, #32]	@ (100010e8 <irq_has_shared_handler+0x24>)
100010c6:	3010      	adds	r0, #16
100010c8:	689b      	ldr	r3, [r3, #8]
100010ca:	0080      	lsls	r0, r0, #2
100010cc:	58c3      	ldr	r3, [r0, r3]
100010ce:	2b00      	cmp	r3, #0
100010d0:	d007      	beq.n	100010e2 <irq_has_shared_handler+0x1e>
100010d2:	4a06      	ldr	r2, [pc, #24]	@ (100010ec <irq_has_shared_handler+0x28>)
100010d4:	2000      	movs	r0, #0
100010d6:	1a9b      	subs	r3, r3, r2
100010d8:	222f      	movs	r2, #47	@ 0x2f
100010da:	429a      	cmp	r2, r3
100010dc:	4140      	adcs	r0, r0
100010de:	b2c0      	uxtb	r0, r0
100010e0:	4770      	bx	lr
100010e2:	2000      	movs	r0, #0
100010e4:	e7fc      	b.n	100010e0 <irq_has_shared_handler+0x1c>
100010e6:	46c0      	nop			@ (mov r8, r8)
100010e8:	e000ed00 	.word	0xe000ed00
100010ec:	20000dec 	.word	0x20000dec

100010f0 <irq_get_vtable_handler>:
100010f0:	4b02      	ldr	r3, [pc, #8]	@ (100010fc <irq_get_vtable_handler+0xc>)
100010f2:	3010      	adds	r0, #16
100010f4:	689b      	ldr	r3, [r3, #8]
100010f6:	0080      	lsls	r0, r0, #2
100010f8:	58c0      	ldr	r0, [r0, r3]
100010fa:	4770      	bx	lr
100010fc:	e000ed00 	.word	0xe000ed00

10001100 <irq_set_exclusive_handler>:
10001100:	b570      	push	{r4, r5, r6, lr}
10001102:	000d      	movs	r5, r1
10001104:	f3ef 8610 	mrs	r6, PRIMASK
10001108:	b672      	cpsid	i
1000110a:	4a0f      	ldr	r2, [pc, #60]	@ (10001148 <irq_set_exclusive_handler+0x48>)
1000110c:	6813      	ldr	r3, [r2, #0]
1000110e:	2b00      	cmp	r3, #0
10001110:	d0fc      	beq.n	1000110c <irq_set_exclusive_handler+0xc>
10001112:	f3bf 8f5f 	dmb	sy
10001116:	4b0d      	ldr	r3, [pc, #52]	@ (1000114c <irq_set_exclusive_handler+0x4c>)
10001118:	3010      	adds	r0, #16
1000111a:	689b      	ldr	r3, [r3, #8]
1000111c:	0084      	lsls	r4, r0, #2
1000111e:	591b      	ldr	r3, [r3, r4]
10001120:	4a0b      	ldr	r2, [pc, #44]	@ (10001150 <irq_set_exclusive_handler+0x50>)
10001122:	4293      	cmp	r3, r2
10001124:	d003      	beq.n	1000112e <irq_set_exclusive_handler+0x2e>
10001126:	429d      	cmp	r5, r3
10001128:	d001      	beq.n	1000112e <irq_set_exclusive_handler+0x2e>
1000112a:	f001 fc25 	bl	10002978 <hard_assertion_failure>
1000112e:	4b07      	ldr	r3, [pc, #28]	@ (1000114c <irq_set_exclusive_handler+0x4c>)
10001130:	689b      	ldr	r3, [r3, #8]
10001132:	511d      	str	r5, [r3, r4]
10001134:	f3bf 8f5f 	dmb	sy
10001138:	f3bf 8f5f 	dmb	sy
1000113c:	2200      	movs	r2, #0
1000113e:	4b02      	ldr	r3, [pc, #8]	@ (10001148 <irq_set_exclusive_handler+0x48>)
10001140:	601a      	str	r2, [r3, #0]
10001142:	f386 8810 	msr	PRIMASK, r6
10001146:	bd70      	pop	{r4, r5, r6, pc}
10001148:	d0000124 	.word	0xd0000124
1000114c:	e000ed00 	.word	0xe000ed00
10001150:	100001cd 	.word	0x100001cd

10001154 <irq_add_shared_handler>:
10001154:	b5f0      	push	{r4, r5, r6, r7, lr}
10001156:	4657      	mov	r7, sl
10001158:	464e      	mov	r6, r9
1000115a:	46de      	mov	lr, fp
1000115c:	4645      	mov	r5, r8
1000115e:	b5e0      	push	{r5, r6, r7, lr}
10001160:	b085      	sub	sp, #20
10001162:	0006      	movs	r6, r0
10001164:	9100      	str	r1, [sp, #0]
10001166:	0017      	movs	r7, r2
10001168:	f3ef 8b10 	mrs	fp, PRIMASK
1000116c:	b672      	cpsid	i
1000116e:	4a6a      	ldr	r2, [pc, #424]	@ (10001318 <irq_add_shared_handler+0x1c4>)
10001170:	6813      	ldr	r3, [r2, #0]
10001172:	2b00      	cmp	r3, #0
10001174:	d0fc      	beq.n	10001170 <irq_add_shared_handler+0x1c>
10001176:	f3bf 8f5f 	dmb	sy
1000117a:	2500      	movs	r5, #0
1000117c:	4b67      	ldr	r3, [pc, #412]	@ (1000131c <irq_add_shared_handler+0x1c8>)
1000117e:	575d      	ldrsb	r5, [r3, r5]
10001180:	469a      	mov	sl, r3
10001182:	2d00      	cmp	r5, #0
10001184:	da00      	bge.n	10001188 <irq_add_shared_handler+0x34>
10001186:	e0a9      	b.n	100012dc <irq_add_shared_handler+0x188>
10001188:	006b      	lsls	r3, r5, #1
1000118a:	4c65      	ldr	r4, [pc, #404]	@ (10001320 <irq_add_shared_handler+0x1cc>)
1000118c:	9301      	str	r3, [sp, #4]
1000118e:	195b      	adds	r3, r3, r5
10001190:	009b      	lsls	r3, r3, #2
10001192:	4698      	mov	r8, r3
10001194:	46a1      	mov	r9, r4
10001196:	44c1      	add	r9, r8
10001198:	464b      	mov	r3, r9
1000119a:	4652      	mov	r2, sl
1000119c:	799b      	ldrb	r3, [r3, #6]
1000119e:	3610      	adds	r6, #16
100011a0:	7013      	strb	r3, [r2, #0]
100011a2:	4b60      	ldr	r3, [pc, #384]	@ (10001324 <irq_add_shared_handler+0x1d0>)
100011a4:	00b6      	lsls	r6, r6, #2
100011a6:	689b      	ldr	r3, [r3, #8]
100011a8:	5999      	ldr	r1, [r3, r6]
100011aa:	1b0b      	subs	r3, r1, r4
100011ac:	2b2f      	cmp	r3, #47	@ 0x2f
100011ae:	d933      	bls.n	10001218 <irq_add_shared_handler+0xc4>
100011b0:	4b5d      	ldr	r3, [pc, #372]	@ (10001328 <irq_add_shared_handler+0x1d4>)
100011b2:	4299      	cmp	r1, r3
100011b4:	d000      	beq.n	100011b8 <irq_add_shared_handler+0x64>
100011b6:	e0ac      	b.n	10001312 <irq_add_shared_handler+0x1be>
100011b8:	9b01      	ldr	r3, [sp, #4]
100011ba:	4642      	mov	r2, r8
100011bc:	469c      	mov	ip, r3
100011be:	4b5b      	ldr	r3, [pc, #364]	@ (1000132c <irq_add_shared_handler+0x1d8>)
100011c0:	4465      	add	r5, ip
100011c2:	00ad      	lsls	r5, r5, #2
100011c4:	5363      	strh	r3, [r4, r5]
100011c6:	4b5a      	ldr	r3, [pc, #360]	@ (10001330 <irq_add_shared_handler+0x1dc>)
100011c8:	3202      	adds	r2, #2
100011ca:	18a2      	adds	r2, r4, r2
100011cc:	3b04      	subs	r3, #4
100011ce:	1a9b      	subs	r3, r3, r2
100011d0:	051b      	lsls	r3, r3, #20
100011d2:	4a58      	ldr	r2, [pc, #352]	@ (10001334 <irq_add_shared_handler+0x1e0>)
100011d4:	0d5b      	lsrs	r3, r3, #21
100011d6:	1965      	adds	r5, r4, r5
100011d8:	4313      	orrs	r3, r2
100011da:	806b      	strh	r3, [r5, #2]
100011dc:	4b56      	ldr	r3, [pc, #344]	@ (10001338 <irq_add_shared_handler+0x1e4>)
100011de:	2101      	movs	r1, #1
100011e0:	80ab      	strh	r3, [r5, #4]
100011e2:	23ff      	movs	r3, #255	@ 0xff
100011e4:	71ab      	strb	r3, [r5, #6]
100011e6:	9b00      	ldr	r3, [sp, #0]
100011e8:	71ef      	strb	r7, [r5, #7]
100011ea:	60ab      	str	r3, [r5, #8]
100011ec:	464b      	mov	r3, r9
100011ee:	430b      	orrs	r3, r1
100011f0:	0019      	movs	r1, r3
100011f2:	4b4c      	ldr	r3, [pc, #304]	@ (10001324 <irq_add_shared_handler+0x1d0>)
100011f4:	689b      	ldr	r3, [r3, #8]
100011f6:	5199      	str	r1, [r3, r6]
100011f8:	f3bf 8f5f 	dmb	sy
100011fc:	f3bf 8f5f 	dmb	sy
10001200:	2200      	movs	r2, #0
10001202:	4b45      	ldr	r3, [pc, #276]	@ (10001318 <irq_add_shared_handler+0x1c4>)
10001204:	601a      	str	r2, [r3, #0]
10001206:	f38b 8810 	msr	PRIMASK, fp
1000120a:	b005      	add	sp, #20
1000120c:	bcf0      	pop	{r4, r5, r6, r7}
1000120e:	46bb      	mov	fp, r7
10001210:	46b2      	mov	sl, r6
10001212:	46a9      	mov	r9, r5
10001214:	46a0      	mov	r8, r4
10001216:	bdf0      	pop	{r4, r5, r6, r7, pc}
10001218:	2001      	movs	r0, #1
1000121a:	000a      	movs	r2, r1
1000121c:	4382      	bics	r2, r0
1000121e:	79d3      	ldrb	r3, [r2, #7]
10001220:	468c      	mov	ip, r1
10001222:	42bb      	cmp	r3, r7
10001224:	d831      	bhi.n	1000128a <irq_add_shared_handler+0x136>
10001226:	4645      	mov	r5, r8
10001228:	0013      	movs	r3, r2
1000122a:	4944      	ldr	r1, [pc, #272]	@ (1000133c <irq_add_shared_handler+0x1e8>)
1000122c:	1b1b      	subs	r3, r3, r4
1000122e:	415b      	adcs	r3, r3
10001230:	4359      	muls	r1, r3
10001232:	0d09      	lsrs	r1, r1, #20
10001234:	4b3d      	ldr	r3, [pc, #244]	@ (1000132c <irq_add_shared_handler+0x1d8>)
10001236:	5363      	strh	r3, [r4, r5]
10001238:	4b3d      	ldr	r3, [pc, #244]	@ (10001330 <irq_add_shared_handler+0x1dc>)
1000123a:	3502      	adds	r5, #2
1000123c:	1965      	adds	r5, r4, r5
1000123e:	3b04      	subs	r3, #4
10001240:	1b5b      	subs	r3, r3, r5
10001242:	051b      	lsls	r3, r3, #20
10001244:	4d3b      	ldr	r5, [pc, #236]	@ (10001334 <irq_add_shared_handler+0x1e0>)
10001246:	0d5b      	lsrs	r3, r3, #21
10001248:	432b      	orrs	r3, r5
1000124a:	46aa      	mov	sl, r5
1000124c:	464d      	mov	r5, r9
1000124e:	806b      	strh	r3, [r5, #2]
10001250:	2504      	movs	r5, #4
10001252:	46ac      	mov	ip, r5
10001254:	4655      	mov	r5, sl
10001256:	44e0      	add	r8, ip
10001258:	1f13      	subs	r3, r2, #4
1000125a:	4444      	add	r4, r8
1000125c:	1b1b      	subs	r3, r3, r4
1000125e:	051b      	lsls	r3, r3, #20
10001260:	0d5b      	lsrs	r3, r3, #21
10001262:	431d      	orrs	r5, r3
10001264:	464b      	mov	r3, r9
10001266:	7199      	strb	r1, [r3, #6]
10001268:	9900      	ldr	r1, [sp, #0]
1000126a:	809d      	strh	r5, [r3, #4]
1000126c:	6099      	str	r1, [r3, #8]
1000126e:	4649      	mov	r1, r9
10001270:	71df      	strb	r7, [r3, #7]
10001272:	4b33      	ldr	r3, [pc, #204]	@ (10001340 <irq_add_shared_handler+0x1ec>)
10001274:	4301      	orrs	r1, r0
10001276:	6013      	str	r3, [r2, #0]
10001278:	e7bb      	b.n	100011f2 <irq_add_shared_handler+0x9e>
1000127a:	0058      	lsls	r0, r3, #1
1000127c:	18c0      	adds	r0, r0, r3
1000127e:	0080      	lsls	r0, r0, #2
10001280:	1820      	adds	r0, r4, r0
10001282:	79c1      	ldrb	r1, [r0, #7]
10001284:	42b9      	cmp	r1, r7
10001286:	d92f      	bls.n	100012e8 <irq_add_shared_handler+0x194>
10001288:	0002      	movs	r2, r0
1000128a:	2306      	movs	r3, #6
1000128c:	56d3      	ldrsb	r3, [r2, r3]
1000128e:	2b00      	cmp	r3, #0
10001290:	daf3      	bge.n	1000127a <irq_add_shared_handler+0x126>
10001292:	9302      	str	r3, [sp, #8]
10001294:	4b2b      	ldr	r3, [pc, #172]	@ (10001344 <irq_add_shared_handler+0x1f0>)
10001296:	4661      	mov	r1, ip
10001298:	9303      	str	r3, [sp, #12]
1000129a:	1d13      	adds	r3, r2, #4
1000129c:	469a      	mov	sl, r3
1000129e:	2304      	movs	r3, #4
100012a0:	425b      	negs	r3, r3
100012a2:	469c      	mov	ip, r3
100012a4:	44e1      	add	r9, ip
100012a6:	4650      	mov	r0, sl
100012a8:	464b      	mov	r3, r9
100012aa:	1a1b      	subs	r3, r3, r0
100012ac:	051b      	lsls	r3, r3, #20
100012ae:	0d5b      	lsrs	r3, r3, #21
100012b0:	469c      	mov	ip, r3
100012b2:	4b20      	ldr	r3, [pc, #128]	@ (10001334 <irq_add_shared_handler+0x1e0>)
100012b4:	7195      	strb	r5, [r2, #6]
100012b6:	4698      	mov	r8, r3
100012b8:	4663      	mov	r3, ip
100012ba:	4640      	mov	r0, r8
100012bc:	4303      	orrs	r3, r0
100012be:	8093      	strh	r3, [r2, #4]
100012c0:	9b01      	ldr	r3, [sp, #4]
100012c2:	195a      	adds	r2, r3, r5
100012c4:	0092      	lsls	r2, r2, #2
100012c6:	9b03      	ldr	r3, [sp, #12]
100012c8:	18a4      	adds	r4, r4, r2
100012ca:	80a3      	strh	r3, [r4, #4]
100012cc:	9b02      	ldr	r3, [sp, #8]
100012ce:	4a1c      	ldr	r2, [pc, #112]	@ (10001340 <irq_add_shared_handler+0x1ec>)
100012d0:	71a3      	strb	r3, [r4, #6]
100012d2:	9b00      	ldr	r3, [sp, #0]
100012d4:	6022      	str	r2, [r4, #0]
100012d6:	71e7      	strb	r7, [r4, #7]
100012d8:	60a3      	str	r3, [r4, #8]
100012da:	e78a      	b.n	100011f2 <irq_add_shared_handler+0x9e>
100012dc:	f001 fb4c 	bl	10002978 <hard_assertion_failure>
100012e0:	2500      	movs	r5, #0
100012e2:	4653      	mov	r3, sl
100012e4:	575d      	ldrsb	r5, [r3, r5]
100012e6:	e74f      	b.n	10001188 <irq_add_shared_handler+0x34>
100012e8:	8890      	ldrh	r0, [r2, #4]
100012ea:	9302      	str	r3, [sp, #8]
100012ec:	0540      	lsls	r0, r0, #21
100012ee:	1d13      	adds	r3, r2, #4
100012f0:	469a      	mov	sl, r3
100012f2:	1503      	asrs	r3, r0, #20
100012f4:	4661      	mov	r1, ip
100012f6:	469c      	mov	ip, r3
100012f8:	4640      	mov	r0, r8
100012fa:	44d4      	add	ip, sl
100012fc:	4663      	mov	r3, ip
100012fe:	3004      	adds	r0, #4
10001300:	1820      	adds	r0, r4, r0
10001302:	1a18      	subs	r0, r3, r0
10001304:	23e0      	movs	r3, #224	@ 0xe0
10001306:	0500      	lsls	r0, r0, #20
10001308:	0d40      	lsrs	r0, r0, #21
1000130a:	021b      	lsls	r3, r3, #8
1000130c:	4318      	orrs	r0, r3
1000130e:	9003      	str	r0, [sp, #12]
10001310:	e7c5      	b.n	1000129e <irq_add_shared_handler+0x14a>
10001312:	f001 fb31 	bl	10002978 <hard_assertion_failure>
10001316:	e74f      	b.n	100011b8 <irq_add_shared_handler+0x64>
10001318:	d0000124 	.word	0xd0000124
1000131c:	200023a2 	.word	0x200023a2
10001320:	20000dec 	.word	0x20000dec
10001324:	e000ed00 	.word	0xe000ed00
10001328:	100001cd 	.word	0x100001cd
1000132c:	ffffa100 	.word	0xffffa100
10001330:	20000e1c 	.word	0x20000e1c
10001334:	ffffe000 	.word	0xffffe000
10001338:	ffffbd01 	.word	0xffffbd01
1000133c:	0000aaaa 	.word	0x0000aaaa
10001340:	47804801 	.word	0x47804801
10001344:	0000bd01 	.word	0x0000bd01

10001348 <irq_remove_handler>:
10001348:	b5f0      	push	{r4, r5, r6, r7, lr}
1000134a:	46de      	mov	lr, fp
1000134c:	4657      	mov	r7, sl
1000134e:	464e      	mov	r6, r9
10001350:	4645      	mov	r5, r8
10001352:	b5e0      	push	{r5, r6, r7, lr}
10001354:	000c      	movs	r4, r1
10001356:	b083      	sub	sp, #12
10001358:	f3ef 8810 	mrs	r8, PRIMASK
1000135c:	b672      	cpsid	i
1000135e:	4a5d      	ldr	r2, [pc, #372]	@ (100014d4 <irq_remove_handler+0x18c>)
10001360:	6813      	ldr	r3, [r2, #0]
10001362:	2b00      	cmp	r3, #0
10001364:	d0fc      	beq.n	10001360 <irq_remove_handler+0x18>
10001366:	f3bf 8f5f 	dmb	sy
1000136a:	4b5b      	ldr	r3, [pc, #364]	@ (100014d8 <irq_remove_handler+0x190>)
1000136c:	495b      	ldr	r1, [pc, #364]	@ (100014dc <irq_remove_handler+0x194>)
1000136e:	689a      	ldr	r2, [r3, #8]
10001370:	0003      	movs	r3, r0
10001372:	3310      	adds	r3, #16
10001374:	009f      	lsls	r7, r3, #2
10001376:	59d5      	ldr	r5, [r2, r7]
10001378:	428d      	cmp	r5, r1
1000137a:	d039      	beq.n	100013f0 <irq_remove_handler+0xa8>
1000137c:	42a5      	cmp	r5, r4
1000137e:	d04a      	beq.n	10001416 <irq_remove_handler+0xce>
10001380:	4e57      	ldr	r6, [pc, #348]	@ (100014e0 <irq_remove_handler+0x198>)
10001382:	1baa      	subs	r2, r5, r6
10001384:	2a2f      	cmp	r2, #47	@ 0x2f
10001386:	d833      	bhi.n	100013f0 <irq_remove_handler+0xa8>
10001388:	2201      	movs	r2, #1
1000138a:	4692      	mov	sl, r2
1000138c:	4082      	lsls	r2, r0
1000138e:	4691      	mov	r9, r2
10001390:	4648      	mov	r0, r9
10001392:	4a54      	ldr	r2, [pc, #336]	@ (100014e4 <irq_remove_handler+0x19c>)
10001394:	6812      	ldr	r2, [r2, #0]
10001396:	4010      	ands	r0, r2
10001398:	9001      	str	r0, [sp, #4]
1000139a:	4648      	mov	r0, r9
1000139c:	4a52      	ldr	r2, [pc, #328]	@ (100014e8 <irq_remove_handler+0x1a0>)
1000139e:	6010      	str	r0, [r2, #0]
100013a0:	f3bf 8f5f 	dmb	sy
100013a4:	f3ef 8205 	mrs	r2, IPSR
100013a8:	4693      	mov	fp, r2
100013aa:	2a00      	cmp	r2, #0
100013ac:	d035      	beq.n	1000141a <irq_remove_handler+0xd2>
100013ae:	4293      	cmp	r3, r2
100013b0:	d001      	beq.n	100013b6 <irq_remove_handler+0x6e>
100013b2:	f001 fae1 	bl	10002978 <hard_assertion_failure>
100013b6:	002a      	movs	r2, r5
100013b8:	4653      	mov	r3, sl
100013ba:	439a      	bics	r2, r3
100013bc:	6890      	ldr	r0, [r2, #8]
100013be:	4284      	cmp	r4, r0
100013c0:	d108      	bne.n	100013d4 <irq_remove_handler+0x8c>
100013c2:	e075      	b.n	100014b0 <irq_remove_handler+0x168>
100013c4:	004b      	lsls	r3, r1, #1
100013c6:	185b      	adds	r3, r3, r1
100013c8:	009b      	lsls	r3, r3, #2
100013ca:	18f3      	adds	r3, r6, r3
100013cc:	6898      	ldr	r0, [r3, #8]
100013ce:	42a0      	cmp	r0, r4
100013d0:	d034      	beq.n	1000143c <irq_remove_handler+0xf4>
100013d2:	001a      	movs	r2, r3
100013d4:	2106      	movs	r1, #6
100013d6:	5651      	ldrsb	r1, [r2, r1]
100013d8:	2900      	cmp	r1, #0
100013da:	daf3      	bge.n	100013c4 <irq_remove_handler+0x7c>
100013dc:	4284      	cmp	r4, r0
100013de:	d053      	beq.n	10001488 <irq_remove_handler+0x140>
100013e0:	9b01      	ldr	r3, [sp, #4]
100013e2:	2b00      	cmp	r3, #0
100013e4:	d026      	beq.n	10001434 <irq_remove_handler+0xec>
100013e6:	464a      	mov	r2, r9
100013e8:	4b40      	ldr	r3, [pc, #256]	@ (100014ec <irq_remove_handler+0x1a4>)
100013ea:	601a      	str	r2, [r3, #0]
100013ec:	4b3d      	ldr	r3, [pc, #244]	@ (100014e4 <irq_remove_handler+0x19c>)
100013ee:	601a      	str	r2, [r3, #0]
100013f0:	4b39      	ldr	r3, [pc, #228]	@ (100014d8 <irq_remove_handler+0x190>)
100013f2:	689b      	ldr	r3, [r3, #8]
100013f4:	51dd      	str	r5, [r3, r7]
100013f6:	f3bf 8f5f 	dmb	sy
100013fa:	f3bf 8f5f 	dmb	sy
100013fe:	2200      	movs	r2, #0
10001400:	4b34      	ldr	r3, [pc, #208]	@ (100014d4 <irq_remove_handler+0x18c>)
10001402:	601a      	str	r2, [r3, #0]
10001404:	f388 8810 	msr	PRIMASK, r8
10001408:	b003      	add	sp, #12
1000140a:	bcf0      	pop	{r4, r5, r6, r7}
1000140c:	46bb      	mov	fp, r7
1000140e:	46b2      	mov	sl, r6
10001410:	46a9      	mov	r9, r5
10001412:	46a0      	mov	r8, r4
10001414:	bdf0      	pop	{r4, r5, r6, r7, pc}
10001416:	000d      	movs	r5, r1
10001418:	e7ea      	b.n	100013f0 <irq_remove_handler+0xa8>
1000141a:	002a      	movs	r2, r5
1000141c:	4653      	mov	r3, sl
1000141e:	439a      	bics	r2, r3
10001420:	6890      	ldr	r0, [r2, #8]
10001422:	4284      	cmp	r4, r0
10001424:	d1d6      	bne.n	100013d4 <irq_remove_handler+0x8c>
10001426:	2006      	movs	r0, #6
10001428:	5610      	ldrsb	r0, [r2, r0]
1000142a:	0013      	movs	r3, r2
1000142c:	2800      	cmp	r0, #0
1000142e:	da09      	bge.n	10001444 <irq_remove_handler+0xfc>
10001430:	000d      	movs	r5, r1
10001432:	e031      	b.n	10001498 <irq_remove_handler+0x150>
10001434:	464a      	mov	r2, r9
10001436:	4b2c      	ldr	r3, [pc, #176]	@ (100014e8 <irq_remove_handler+0x1a0>)
10001438:	601a      	str	r2, [r3, #0]
1000143a:	e7d9      	b.n	100013f0 <irq_remove_handler+0xa8>
1000143c:	2006      	movs	r0, #6
1000143e:	5618      	ldrsb	r0, [r3, r0]
10001440:	2800      	cmp	r0, #0
10001442:	db22      	blt.n	1000148a <irq_remove_handler+0x142>
10001444:	0042      	lsls	r2, r0, #1
10001446:	1811      	adds	r1, r2, r0
10001448:	0089      	lsls	r1, r1, #2
1000144a:	1874      	adds	r4, r6, r1
1000144c:	468a      	mov	sl, r1
1000144e:	68a1      	ldr	r1, [r4, #8]
10001450:	6099      	str	r1, [r3, #8]
10001452:	79e1      	ldrb	r1, [r4, #7]
10001454:	71d9      	strb	r1, [r3, #7]
10001456:	2106      	movs	r1, #6
10001458:	5661      	ldrsb	r1, [r4, r1]
1000145a:	7199      	strb	r1, [r3, #6]
1000145c:	2900      	cmp	r1, #0
1000145e:	db25      	blt.n	100014ac <irq_remove_handler+0x164>
10001460:	88a4      	ldrh	r4, [r4, #4]
10001462:	1af1      	subs	r1, r6, r3
10001464:	0564      	lsls	r4, r4, #21
10001466:	1524      	asrs	r4, r4, #20
10001468:	4454      	add	r4, sl
1000146a:	1909      	adds	r1, r1, r4
1000146c:	24e0      	movs	r4, #224	@ 0xe0
1000146e:	0509      	lsls	r1, r1, #20
10001470:	0d49      	lsrs	r1, r1, #21
10001472:	0224      	lsls	r4, r4, #8
10001474:	4321      	orrs	r1, r4
10001476:	8099      	strh	r1, [r3, #4]
10001478:	1813      	adds	r3, r2, r0
1000147a:	4a1d      	ldr	r2, [pc, #116]	@ (100014f0 <irq_remove_handler+0x1a8>)
1000147c:	009b      	lsls	r3, r3, #2
1000147e:	7811      	ldrb	r1, [r2, #0]
10001480:	18f3      	adds	r3, r6, r3
10001482:	7199      	strb	r1, [r3, #6]
10001484:	7010      	strb	r0, [r2, #0]
10001486:	e7ab      	b.n	100013e0 <irq_remove_handler+0x98>
10001488:	0013      	movs	r3, r2
1000148a:	4659      	mov	r1, fp
1000148c:	2900      	cmp	r1, #0
1000148e:	d114      	bne.n	100014ba <irq_remove_handler+0x172>
10001490:	31ff      	adds	r1, #255	@ 0xff
10001492:	7191      	strb	r1, [r2, #6]
10001494:	4917      	ldr	r1, [pc, #92]	@ (100014f4 <irq_remove_handler+0x1ac>)
10001496:	8091      	strh	r1, [r2, #4]
10001498:	4915      	ldr	r1, [pc, #84]	@ (100014f0 <irq_remove_handler+0x1a8>)
1000149a:	780a      	ldrb	r2, [r1, #0]
1000149c:	719a      	strb	r2, [r3, #6]
1000149e:	4a16      	ldr	r2, [pc, #88]	@ (100014f8 <irq_remove_handler+0x1b0>)
100014a0:	1b9b      	subs	r3, r3, r6
100014a2:	415b      	adcs	r3, r3
100014a4:	435a      	muls	r2, r3
100014a6:	0d12      	lsrs	r2, r2, #20
100014a8:	700a      	strb	r2, [r1, #0]
100014aa:	e799      	b.n	100013e0 <irq_remove_handler+0x98>
100014ac:	4913      	ldr	r1, [pc, #76]	@ (100014fc <irq_remove_handler+0x1b4>)
100014ae:	e7e2      	b.n	10001476 <irq_remove_handler+0x12e>
100014b0:	2006      	movs	r0, #6
100014b2:	5610      	ldrsb	r0, [r2, r0]
100014b4:	0013      	movs	r3, r2
100014b6:	2800      	cmp	r0, #0
100014b8:	dac4      	bge.n	10001444 <irq_remove_handler+0xfc>
100014ba:	4a11      	ldr	r2, [pc, #68]	@ (10001500 <irq_remove_handler+0x1b8>)
100014bc:	4911      	ldr	r1, [pc, #68]	@ (10001504 <irq_remove_handler+0x1bc>)
100014be:	1ad2      	subs	r2, r2, r3
100014c0:	3a08      	subs	r2, #8
100014c2:	0250      	lsls	r0, r2, #9
100014c4:	0d40      	lsrs	r0, r0, #21
100014c6:	4301      	orrs	r1, r0
100014c8:	8099      	strh	r1, [r3, #4]
100014ca:	490f      	ldr	r1, [pc, #60]	@ (10001508 <irq_remove_handler+0x1c0>)
100014cc:	0852      	lsrs	r2, r2, #1
100014ce:	430a      	orrs	r2, r1
100014d0:	80da      	strh	r2, [r3, #6]
100014d2:	e785      	b.n	100013e0 <irq_remove_handler+0x98>
100014d4:	d0000124 	.word	0xd0000124
100014d8:	e000ed00 	.word	0xe000ed00
100014dc:	100001cd 	.word	0x100001cd
100014e0:	20000dec 	.word	0x20000dec
100014e4:	e000e100 	.word	0xe000e100
100014e8:	e000e180 	.word	0xe000e180
100014ec:	e000e280 	.word	0xe000e280
100014f0:	200023a2 	.word	0x200023a2
100014f4:	ffffbd01 	.word	0xffffbd01
100014f8:	0000aaaa 	.word	0x0000aaaa
100014fc:	0000bd01 	.word	0x0000bd01
10001500:	20000e26 	.word	0x20000e26
10001504:	fffff000 	.word	0xfffff000
10001508:	fffff800 	.word	0xfffff800

1000150c <irq_add_tail_to_free_list>:
1000150c:	b570      	push	{r4, r5, r6, lr}
1000150e:	f3ef 8105 	mrs	r1, IPSR
10001512:	2401      	movs	r4, #1
10001514:	4304      	orrs	r4, r0
10001516:	f3ef 8c10 	mrs	ip, PRIMASK
1000151a:	b672      	cpsid	i
1000151c:	4a21      	ldr	r2, [pc, #132]	@ (100015a4 <irq_add_tail_to_free_list+0x98>)
1000151e:	6813      	ldr	r3, [r2, #0]
10001520:	2b00      	cmp	r3, #0
10001522:	d0fc      	beq.n	1000151e <irq_add_tail_to_free_list+0x12>
10001524:	f3bf 8f5f 	dmb	sy
10001528:	4b1f      	ldr	r3, [pc, #124]	@ (100015a8 <irq_add_tail_to_free_list+0x9c>)
1000152a:	0005      	movs	r5, r0
1000152c:	4a1f      	ldr	r2, [pc, #124]	@ (100015ac <irq_add_tail_to_free_list+0xa0>)
1000152e:	1aed      	subs	r5, r5, r3
10001530:	416d      	adcs	r5, r5
10001532:	436a      	muls	r2, r5
10001534:	0d12      	lsrs	r2, r2, #20
10001536:	4d1e      	ldr	r5, [pc, #120]	@ (100015b0 <irq_add_tail_to_free_list+0xa4>)
10001538:	0089      	lsls	r1, r1, #2
1000153a:	68ae      	ldr	r6, [r5, #8]
1000153c:	b252      	sxtb	r2, r2
1000153e:	5876      	ldr	r6, [r6, r1]
10001540:	42a6      	cmp	r6, r4
10001542:	d01c      	beq.n	1000157e <irq_add_tail_to_free_list+0x72>
10001544:	2106      	movs	r1, #6
10001546:	5659      	ldrsb	r1, [r3, r1]
10001548:	4291      	cmp	r1, r2
1000154a:	d01c      	beq.n	10001586 <irq_add_tail_to_free_list+0x7a>
1000154c:	2112      	movs	r1, #18
1000154e:	5659      	ldrsb	r1, [r3, r1]
10001550:	4291      	cmp	r1, r2
10001552:	d022      	beq.n	1000159a <irq_add_tail_to_free_list+0x8e>
10001554:	211e      	movs	r1, #30
10001556:	5659      	ldrsb	r1, [r3, r1]
10001558:	4291      	cmp	r1, r2
1000155a:	d020      	beq.n	1000159e <irq_add_tail_to_free_list+0x92>
1000155c:	212a      	movs	r1, #42	@ 0x2a
1000155e:	5659      	ldrsb	r1, [r3, r1]
10001560:	2403      	movs	r4, #3
10001562:	4291      	cmp	r1, r2
10001564:	d010      	beq.n	10001588 <irq_add_tail_to_free_list+0x7c>
10001566:	4b13      	ldr	r3, [pc, #76]	@ (100015b4 <irq_add_tail_to_free_list+0xa8>)
10001568:	7819      	ldrb	r1, [r3, #0]
1000156a:	701a      	strb	r2, [r3, #0]
1000156c:	7181      	strb	r1, [r0, #6]
1000156e:	f3bf 8f5f 	dmb	sy
10001572:	2200      	movs	r2, #0
10001574:	4b0b      	ldr	r3, [pc, #44]	@ (100015a4 <irq_add_tail_to_free_list+0x98>)
10001576:	601a      	str	r2, [r3, #0]
10001578:	f38c 8810 	msr	PRIMASK, ip
1000157c:	bd70      	pop	{r4, r5, r6, pc}
1000157e:	68ab      	ldr	r3, [r5, #8]
10001580:	4c0d      	ldr	r4, [pc, #52]	@ (100015b8 <irq_add_tail_to_free_list+0xac>)
10001582:	505c      	str	r4, [r3, r1]
10001584:	e7ef      	b.n	10001566 <irq_add_tail_to_free_list+0x5a>
10001586:	2400      	movs	r4, #0
10001588:	0061      	lsls	r1, r4, #1
1000158a:	1909      	adds	r1, r1, r4
1000158c:	0089      	lsls	r1, r1, #2
1000158e:	185b      	adds	r3, r3, r1
10001590:	21ff      	movs	r1, #255	@ 0xff
10001592:	7199      	strb	r1, [r3, #6]
10001594:	4909      	ldr	r1, [pc, #36]	@ (100015bc <irq_add_tail_to_free_list+0xb0>)
10001596:	8099      	strh	r1, [r3, #4]
10001598:	e7e5      	b.n	10001566 <irq_add_tail_to_free_list+0x5a>
1000159a:	2401      	movs	r4, #1
1000159c:	e7f4      	b.n	10001588 <irq_add_tail_to_free_list+0x7c>
1000159e:	2402      	movs	r4, #2
100015a0:	e7f2      	b.n	10001588 <irq_add_tail_to_free_list+0x7c>
100015a2:	46c0      	nop			@ (mov r8, r8)
100015a4:	d0000124 	.word	0xd0000124
100015a8:	20000dec 	.word	0x20000dec
100015ac:	0000aaaa 	.word	0x0000aaaa
100015b0:	e000ed00 	.word	0xe000ed00
100015b4:	200023a2 	.word	0x200023a2
100015b8:	100001cd 	.word	0x100001cd
100015bc:	ffffbd01 	.word	0xffffbd01

100015c0 <irq_init_priorities>:
100015c0:	4b05      	ldr	r3, [pc, #20]	@ (100015d8 <irq_init_priorities+0x18>)
100015c2:	4a06      	ldr	r2, [pc, #24]	@ (100015dc <irq_init_priorities+0x1c>)
100015c4:	6013      	str	r3, [r2, #0]
100015c6:	4a06      	ldr	r2, [pc, #24]	@ (100015e0 <irq_init_priorities+0x20>)
100015c8:	6013      	str	r3, [r2, #0]
100015ca:	6053      	str	r3, [r2, #4]
100015cc:	6093      	str	r3, [r2, #8]
100015ce:	60d3      	str	r3, [r2, #12]
100015d0:	6113      	str	r3, [r2, #16]
100015d2:	6153      	str	r3, [r2, #20]
100015d4:	6193      	str	r3, [r2, #24]
100015d6:	4770      	bx	lr
100015d8:	80808080 	.word	0x80808080
100015dc:	e000e400 	.word	0xe000e400
100015e0:	e000e404 	.word	0xe000e404

100015e4 <user_irq_claim_unused>:
100015e4:	b510      	push	{r4, lr}
100015e6:	4b08      	ldr	r3, [pc, #32]	@ (10001608 <user_irq_claim_unused+0x24>)
100015e8:	4c08      	ldr	r4, [pc, #32]	@ (1000160c <user_irq_claim_unused+0x28>)
100015ea:	b082      	sub	sp, #8
100015ec:	0001      	movs	r1, r0
100015ee:	9300      	str	r3, [sp, #0]
100015f0:	2200      	movs	r2, #0
100015f2:	2305      	movs	r3, #5
100015f4:	0020      	movs	r0, r4
100015f6:	f7ff fcd1 	bl	10000f9c <hw_claim_unused_from_range>
100015fa:	2800      	cmp	r0, #0
100015fc:	db01      	blt.n	10001602 <user_irq_claim_unused+0x1e>
100015fe:	231f      	movs	r3, #31
10001600:	1a18      	subs	r0, r3, r0
10001602:	b002      	add	sp, #8
10001604:	bd10      	pop	{r4, pc}
10001606:	46c0      	nop			@ (mov r8, r8)
10001608:	10006138 	.word	0x10006138
1000160c:	200023a7 	.word	0x200023a7

10001610 <lock_init>:
10001610:	4b02      	ldr	r3, [pc, #8]	@ (1000161c <lock_init+0xc>)
10001612:	469c      	mov	ip, r3
10001614:	4461      	add	r1, ip
10001616:	0089      	lsls	r1, r1, #2
10001618:	6001      	str	r1, [r0, #0]
1000161a:	4770      	bx	lr
1000161c:	34000040 	.word	0x34000040

10001620 <mutex_init>:
10001620:	b510      	push	{r4, lr}
10001622:	0004      	movs	r4, r0
10001624:	f7ff fd16 	bl	10001054 <next_striped_spin_lock_num>
10001628:	0001      	movs	r1, r0
1000162a:	0020      	movs	r0, r4
1000162c:	f7ff fff0 	bl	10001610 <lock_init>
10001630:	23ff      	movs	r3, #255	@ 0xff
10001632:	7123      	strb	r3, [r4, #4]
10001634:	f3bf 8f5f 	dmb	sy
10001638:	bd10      	pop	{r4, pc}
1000163a:	46c0      	nop			@ (mov r8, r8)

1000163c <recursive_mutex_init>:
1000163c:	b510      	push	{r4, lr}
1000163e:	0004      	movs	r4, r0
10001640:	f7ff fd08 	bl	10001054 <next_striped_spin_lock_num>
10001644:	0001      	movs	r1, r0
10001646:	0020      	movs	r0, r4
10001648:	f7ff ffe2 	bl	10001610 <lock_init>
1000164c:	23ff      	movs	r3, #255	@ 0xff
1000164e:	80a3      	strh	r3, [r4, #4]
10001650:	f3bf 8f5f 	dmb	sy
10001654:	bd10      	pop	{r4, pc}
10001656:	46c0      	nop			@ (mov r8, r8)

10001658 <critical_section_init>:
10001658:	b510      	push	{r4, lr}
1000165a:	0004      	movs	r4, r0
1000165c:	2001      	movs	r0, #1
1000165e:	f7ff fd05 	bl	1000106c <spin_lock_claim_unused>
10001662:	4b03      	ldr	r3, [pc, #12]	@ (10001670 <critical_section_init+0x18>)
10001664:	18c3      	adds	r3, r0, r3
10001666:	009b      	lsls	r3, r3, #2
10001668:	6023      	str	r3, [r4, #0]
1000166a:	f3bf 8f5f 	dmb	sy
1000166e:	bd10      	pop	{r4, pc}
10001670:	34000040 	.word	0x34000040

10001674 <critical_section_init_with_lock_num>:
10001674:	4b03      	ldr	r3, [pc, #12]	@ (10001684 <critical_section_init_with_lock_num+0x10>)
10001676:	469c      	mov	ip, r3
10001678:	4461      	add	r1, ip
1000167a:	0089      	lsls	r1, r1, #2
1000167c:	6001      	str	r1, [r0, #0]
1000167e:	f3bf 8f5f 	dmb	sy
10001682:	4770      	bx	lr
10001684:	34000040 	.word	0x34000040

10001688 <timer_pool_entry_comparator>:
10001688:	6883      	ldr	r3, [r0, #8]
1000168a:	480b      	ldr	r0, [pc, #44]	@ (100016b8 <timer_pool_entry_comparator+0x30>)
1000168c:	b510      	push	{r4, lr}
1000168e:	4684      	mov	ip, r0
10001690:	4461      	add	r1, ip
10001692:	4462      	add	r2, ip
10001694:	0112      	lsls	r2, r2, #4
10001696:	0109      	lsls	r1, r1, #4
10001698:	1859      	adds	r1, r3, r1
1000169a:	189b      	adds	r3, r3, r2
1000169c:	685c      	ldr	r4, [r3, #4]
1000169e:	684a      	ldr	r2, [r1, #4]
100016a0:	2001      	movs	r0, #1
100016a2:	4294      	cmp	r4, r2
100016a4:	d801      	bhi.n	100016aa <timer_pool_entry_comparator+0x22>
100016a6:	d002      	beq.n	100016ae <timer_pool_entry_comparator+0x26>
100016a8:	2000      	movs	r0, #0
100016aa:	b2c0      	uxtb	r0, r0
100016ac:	bd10      	pop	{r4, pc}
100016ae:	681a      	ldr	r2, [r3, #0]
100016b0:	680b      	ldr	r3, [r1, #0]
100016b2:	429a      	cmp	r2, r3
100016b4:	d8f9      	bhi.n	100016aa <timer_pool_entry_comparator+0x22>
100016b6:	e7f7      	b.n	100016a8 <timer_pool_entry_comparator+0x20>
100016b8:	0fffffff 	.word	0x0fffffff

100016bc <sleep_until_callback>:
100016bc:	4b0a      	ldr	r3, [pc, #40]	@ (100016e8 <sleep_until_callback+0x2c>)
100016be:	6819      	ldr	r1, [r3, #0]
100016c0:	f3ef 8010 	mrs	r0, PRIMASK
100016c4:	b672      	cpsid	i
100016c6:	680a      	ldr	r2, [r1, #0]
100016c8:	2a00      	cmp	r2, #0
100016ca:	d0fc      	beq.n	100016c6 <sleep_until_callback+0xa>
100016cc:	f3bf 8f5f 	dmb	sy
100016d0:	681b      	ldr	r3, [r3, #0]
100016d2:	f3bf 8f5f 	dmb	sy
100016d6:	2200      	movs	r2, #0
100016d8:	601a      	str	r2, [r3, #0]
100016da:	f380 8810 	msr	PRIMASK, r0
100016de:	bf40      	sev
100016e0:	2000      	movs	r0, #0
100016e2:	2100      	movs	r1, #0
100016e4:	4770      	bx	lr
100016e6:	46c0      	nop			@ (mov r8, r8)
100016e8:	20002368 	.word	0x20002368

100016ec <add_alarm_under_lock.isra.0>:
100016ec:	b5f8      	push	{r3, r4, r5, r6, r7, lr}
100016ee:	4657      	mov	r7, sl
100016f0:	4645      	mov	r5, r8
100016f2:	464e      	mov	r6, r9
100016f4:	46de      	mov	lr, fp
100016f6:	b5e0      	push	{r5, r6, r7, lr}
100016f8:	4698      	mov	r8, r3
100016fa:	ab0c      	add	r3, sp, #48	@ 0x30
100016fc:	781c      	ldrb	r4, [r3, #0]
100016fe:	ab0d      	add	r3, sp, #52	@ 0x34
10001700:	781b      	ldrb	r3, [r3, #0]
10001702:	0007      	movs	r7, r0
10001704:	4691      	mov	r9, r2
10001706:	469a      	mov	sl, r3
10001708:	6805      	ldr	r5, [r0, #0]
1000170a:	2c00      	cmp	r4, #0
1000170c:	d159      	bne.n	100017c2 <add_alarm_under_lock.isra.0+0xd6>
1000170e:	7bac      	ldrb	r4, [r5, #14]
10001710:	2c00      	cmp	r4, #0
10001712:	d03b      	beq.n	1000178c <add_alarm_under_lock.isra.0+0xa0>
10001714:	0066      	lsls	r6, r4, #1
10001716:	6829      	ldr	r1, [r5, #0]
10001718:	1936      	adds	r6, r6, r4
1000171a:	3e03      	subs	r6, #3
1000171c:	1989      	adds	r1, r1, r6
1000171e:	784b      	ldrb	r3, [r1, #1]
10001720:	73ab      	strb	r3, [r5, #14]
10001722:	2b00      	cmp	r3, #0
10001724:	d100      	bne.n	10001728 <add_alarm_under_lock.isra.0+0x3c>
10001726:	73eb      	strb	r3, [r5, #15]
10001728:	2300      	movs	r3, #0
1000172a:	708b      	strb	r3, [r1, #2]
1000172c:	704b      	strb	r3, [r1, #1]
1000172e:	700b      	strb	r3, [r1, #0]
10001730:	4b2d      	ldr	r3, [pc, #180]	@ (100017e8 <add_alarm_under_lock.isra.0+0xfc>)
10001732:	18e2      	adds	r2, r4, r3
10001734:	68bb      	ldr	r3, [r7, #8]
10001736:	0112      	lsls	r2, r2, #4
10001738:	189b      	adds	r3, r3, r2
1000173a:	464a      	mov	r2, r9
1000173c:	601a      	str	r2, [r3, #0]
1000173e:	4642      	mov	r2, r8
10001740:	605a      	str	r2, [r3, #4]
10001742:	9a0a      	ldr	r2, [sp, #40]	@ 0x28
10001744:	609a      	str	r2, [r3, #8]
10001746:	9a0b      	ldr	r2, [sp, #44]	@ 0x2c
10001748:	60da      	str	r2, [r3, #12]
1000174a:	2300      	movs	r3, #0
1000174c:	708b      	strb	r3, [r1, #2]
1000174e:	704b      	strb	r3, [r1, #1]
10001750:	700b      	strb	r3, [r1, #0]
10001752:	7b6b      	ldrb	r3, [r5, #13]
10001754:	469b      	mov	fp, r3
10001756:	2b00      	cmp	r3, #0
10001758:	d026      	beq.n	100017a8 <add_alarm_under_lock.isra.0+0xbc>
1000175a:	0022      	movs	r2, r4
1000175c:	686b      	ldr	r3, [r5, #4]
1000175e:	4659      	mov	r1, fp
10001760:	68a8      	ldr	r0, [r5, #8]
10001762:	4798      	blx	r3
10001764:	465b      	mov	r3, fp
10001766:	005b      	lsls	r3, r3, #1
10001768:	445b      	add	r3, fp
1000176a:	682a      	ldr	r2, [r5, #0]
1000176c:	3b03      	subs	r3, #3
1000176e:	2800      	cmp	r0, #0
10001770:	d012      	beq.n	10001798 <add_alarm_under_lock.isra.0+0xac>
10001772:	4658      	mov	r0, fp
10001774:	1996      	adds	r6, r2, r6
10001776:	70b0      	strb	r0, [r6, #2]
10001778:	18d1      	adds	r1, r2, r3
1000177a:	5cd3      	ldrb	r3, [r2, r3]
1000177c:	2b00      	cmp	r3, #0
1000177e:	d000      	beq.n	10001782 <add_alarm_under_lock.isra.0+0x96>
10001780:	7073      	strb	r3, [r6, #1]
10001782:	465b      	mov	r3, fp
10001784:	700c      	strb	r4, [r1, #0]
10001786:	736b      	strb	r3, [r5, #13]
10001788:	455c      	cmp	r4, fp
1000178a:	d00e      	beq.n	100017aa <add_alarm_under_lock.isra.0+0xbe>
1000178c:	bcf0      	pop	{r4, r5, r6, r7}
1000178e:	46bb      	mov	fp, r7
10001790:	46b2      	mov	sl, r6
10001792:	46a9      	mov	r9, r5
10001794:	46a0      	mov	r8, r4
10001796:	bdf8      	pop	{r3, r4, r5, r6, r7, pc}
10001798:	18d3      	adds	r3, r2, r3
1000179a:	709c      	strb	r4, [r3, #2]
1000179c:	1991      	adds	r1, r2, r6
1000179e:	5d92      	ldrb	r2, [r2, r6]
100017a0:	2a00      	cmp	r2, #0
100017a2:	d11c      	bne.n	100017de <add_alarm_under_lock.isra.0+0xf2>
100017a4:	465b      	mov	r3, fp
100017a6:	700b      	strb	r3, [r1, #0]
100017a8:	736c      	strb	r4, [r5, #13]
100017aa:	464a      	mov	r2, r9
100017ac:	4643      	mov	r3, r8
100017ae:	7d38      	ldrb	r0, [r7, #20]
100017b0:	f000 fbb8 	bl	10001f24 <hardware_alarm_set_target>
100017b4:	1e05      	subs	r5, r0, #0
100017b6:	d10a      	bne.n	100017ce <add_alarm_under_lock.isra.0+0xe2>
100017b8:	9b0e      	ldr	r3, [sp, #56]	@ 0x38
100017ba:	2b00      	cmp	r3, #0
100017bc:	d0e6      	beq.n	1000178c <add_alarm_under_lock.isra.0+0xa0>
100017be:	701d      	strb	r5, [r3, #0]
100017c0:	e7e4      	b.n	1000178c <add_alarm_under_lock.isra.0+0xa0>
100017c2:	0066      	lsls	r6, r4, #1
100017c4:	6829      	ldr	r1, [r5, #0]
100017c6:	1936      	adds	r6, r6, r4
100017c8:	3e03      	subs	r6, #3
100017ca:	1989      	adds	r1, r1, r6
100017cc:	e7b0      	b.n	10001730 <add_alarm_under_lock.isra.0+0x44>
100017ce:	4653      	mov	r3, sl
100017d0:	2b00      	cmp	r3, #0
100017d2:	d1f1      	bne.n	100017b8 <add_alarm_under_lock.isra.0+0xcc>
100017d4:	0021      	movs	r1, r4
100017d6:	6838      	ldr	r0, [r7, #0]
100017d8:	f000 fdbc 	bl	10002354 <ph_remove_and_free_node>
100017dc:	e7ec      	b.n	100017b8 <add_alarm_under_lock.isra.0+0xcc>
100017de:	705a      	strb	r2, [r3, #1]
100017e0:	465b      	mov	r3, fp
100017e2:	700b      	strb	r3, [r1, #0]
100017e4:	736c      	strb	r4, [r5, #13]
100017e6:	e7e0      	b.n	100017aa <add_alarm_under_lock.isra.0+0xbe>
100017e8:	0fffffff 	.word	0x0fffffff

100017ec <alarm_pool_alarm_callback>:
100017ec:	b5f0      	push	{r4, r5, r6, r7, lr}
100017ee:	46de      	mov	lr, fp
100017f0:	4657      	mov	r7, sl
100017f2:	464e      	mov	r6, r9
100017f4:	4645      	mov	r5, r8
100017f6:	2300      	movs	r3, #0
100017f8:	b5e0      	push	{r5, r6, r7, lr}
100017fa:	b08b      	sub	sp, #44	@ 0x2c
100017fc:	9308      	str	r3, [sp, #32]
100017fe:	4b68      	ldr	r3, [pc, #416]	@ (100019a0 <alarm_pool_alarm_callback+0x1b4>)
10001800:	0082      	lsls	r2, r0, #2
10001802:	58d4      	ldr	r4, [r2, r3]
10001804:	2300      	movs	r3, #0
10001806:	469b      	mov	fp, r3
10001808:	9009      	str	r0, [sp, #36]	@ 0x24
1000180a:	f000 fb2b 	bl	10001e64 <time_us_64>
1000180e:	0002      	movs	r2, r0
10001810:	000b      	movs	r3, r1
10001812:	6860      	ldr	r0, [r4, #4]
10001814:	f3ef 8a10 	mrs	sl, PRIMASK
10001818:	b672      	cpsid	i
1000181a:	4656      	mov	r6, sl
1000181c:	6801      	ldr	r1, [r0, #0]
1000181e:	2900      	cmp	r1, #0
10001820:	d0fc      	beq.n	1000181c <alarm_pool_alarm_callback+0x30>
10001822:	46b2      	mov	sl, r6
10001824:	f3bf 8f5f 	dmb	sy
10001828:	6821      	ldr	r1, [r4, #0]
1000182a:	7b4f      	ldrb	r7, [r1, #13]
1000182c:	468c      	mov	ip, r1
1000182e:	2f00      	cmp	r7, #0
10001830:	d02e      	beq.n	10001890 <alarm_pool_alarm_callback+0xa4>
10001832:	68a5      	ldr	r5, [r4, #8]
10001834:	495b      	ldr	r1, [pc, #364]	@ (100019a4 <alarm_pool_alarm_callback+0x1b8>)
10001836:	46a9      	mov	r9, r5
10001838:	1879      	adds	r1, r7, r1
1000183a:	0109      	lsls	r1, r1, #4
1000183c:	4489      	add	r9, r1
1000183e:	4649      	mov	r1, r9
10001840:	6808      	ldr	r0, [r1, #0]
10001842:	6849      	ldr	r1, [r1, #4]
10001844:	0005      	movs	r5, r0
10001846:	000e      	movs	r6, r1
10001848:	1aad      	subs	r5, r5, r2
1000184a:	419e      	sbcs	r6, r3
1000184c:	2e00      	cmp	r6, #0
1000184e:	dd5f      	ble.n	10001910 <alarm_pool_alarm_callback+0x124>
10001850:	0002      	movs	r2, r0
10001852:	000b      	movs	r3, r1
10001854:	9809      	ldr	r0, [sp, #36]	@ 0x24
10001856:	f000 fb65 	bl	10001f24 <hardware_alarm_set_target>
1000185a:	2300      	movs	r3, #0
1000185c:	2200      	movs	r2, #0
1000185e:	4699      	mov	r9, r3
10001860:	2300      	movs	r3, #0
10001862:	9206      	str	r2, [sp, #24]
10001864:	9307      	str	r3, [sp, #28]
10001866:	2300      	movs	r3, #0
10001868:	4698      	mov	r8, r3
1000186a:	6863      	ldr	r3, [r4, #4]
1000186c:	f3bf 8f5f 	dmb	sy
10001870:	465a      	mov	r2, fp
10001872:	601a      	str	r2, [r3, #0]
10001874:	f38a 8810 	msr	PRIMASK, sl
10001878:	4643      	mov	r3, r8
1000187a:	2b00      	cmp	r3, #0
1000187c:	d112      	bne.n	100018a4 <alarm_pool_alarm_callback+0xb8>
1000187e:	2800      	cmp	r0, #0
10001880:	d1c3      	bne.n	1000180a <alarm_pool_alarm_callback+0x1e>
10001882:	b00b      	add	sp, #44	@ 0x2c
10001884:	bcf0      	pop	{r4, r5, r6, r7}
10001886:	46bb      	mov	fp, r7
10001888:	46b2      	mov	sl, r6
1000188a:	46a9      	mov	r9, r5
1000188c:	46a0      	mov	r8, r4
1000188e:	bdf0      	pop	{r4, r5, r6, r7, pc}
10001890:	2300      	movs	r3, #0
10001892:	2200      	movs	r2, #0
10001894:	4699      	mov	r9, r3
10001896:	2300      	movs	r3, #0
10001898:	9206      	str	r2, [sp, #24]
1000189a:	9307      	str	r3, [sp, #28]
1000189c:	2300      	movs	r3, #0
1000189e:	2000      	movs	r0, #0
100018a0:	4698      	mov	r8, r3
100018a2:	e7e2      	b.n	1000186a <alarm_pool_alarm_callback+0x7e>
100018a4:	9b08      	ldr	r3, [sp, #32]
100018a6:	4649      	mov	r1, r9
100018a8:	0218      	lsls	r0, r3, #8
100018aa:	4338      	orrs	r0, r7
100018ac:	47c0      	blx	r8
100018ae:	6862      	ldr	r2, [r4, #4]
100018b0:	0005      	movs	r5, r0
100018b2:	000e      	movs	r6, r1
100018b4:	f3ef 8a10 	mrs	sl, PRIMASK
100018b8:	b672      	cpsid	i
100018ba:	6813      	ldr	r3, [r2, #0]
100018bc:	2b00      	cmp	r3, #0
100018be:	d0fc      	beq.n	100018ba <alarm_pool_alarm_callback+0xce>
100018c0:	f3bf 8f5f 	dmb	sy
100018c4:	2e00      	cmp	r6, #0
100018c6:	db41      	blt.n	1000194c <alarm_pool_alarm_callback+0x160>
100018c8:	002b      	movs	r3, r5
100018ca:	4333      	orrs	r3, r6
100018cc:	d002      	beq.n	100018d4 <alarm_pool_alarm_callback+0xe8>
100018ce:	6923      	ldr	r3, [r4, #16]
100018d0:	2b00      	cmp	r3, #0
100018d2:	d156      	bne.n	10001982 <alarm_pool_alarm_callback+0x196>
100018d4:	6823      	ldr	r3, [r4, #0]
100018d6:	7bd9      	ldrb	r1, [r3, #15]
100018d8:	2900      	cmp	r1, #0
100018da:	d005      	beq.n	100018e8 <alarm_pool_alarm_callback+0xfc>
100018dc:	681a      	ldr	r2, [r3, #0]
100018de:	0048      	lsls	r0, r1, #1
100018e0:	1841      	adds	r1, r0, r1
100018e2:	1852      	adds	r2, r2, r1
100018e4:	3a03      	subs	r2, #3
100018e6:	7057      	strb	r7, [r2, #1]
100018e8:	7b9a      	ldrb	r2, [r3, #14]
100018ea:	2a00      	cmp	r2, #0
100018ec:	d100      	bne.n	100018f0 <alarm_pool_alarm_callback+0x104>
100018ee:	739f      	strb	r7, [r3, #14]
100018f0:	73df      	strb	r7, [r3, #15]
100018f2:	68e2      	ldr	r2, [r4, #12]
100018f4:	3f01      	subs	r7, #1
100018f6:	5dd3      	ldrb	r3, [r2, r7]
100018f8:	3301      	adds	r3, #1
100018fa:	55d3      	strb	r3, [r2, r7]
100018fc:	465b      	mov	r3, fp
100018fe:	6123      	str	r3, [r4, #16]
10001900:	6863      	ldr	r3, [r4, #4]
10001902:	f3bf 8f5f 	dmb	sy
10001906:	465a      	mov	r2, fp
10001908:	601a      	str	r2, [r3, #0]
1000190a:	f38a 8810 	msr	PRIMASK, sl
1000190e:	e77c      	b.n	1000180a <alarm_pool_alarm_callback+0x1e>
10001910:	2e00      	cmp	r6, #0
10001912:	d102      	bne.n	1000191a <alarm_pool_alarm_callback+0x12e>
10001914:	2d00      	cmp	r5, #0
10001916:	d000      	beq.n	1000191a <alarm_pool_alarm_callback+0x12e>
10001918:	e79a      	b.n	10001850 <alarm_pool_alarm_callback+0x64>
1000191a:	2100      	movs	r1, #0
1000191c:	4660      	mov	r0, ip
1000191e:	f000 fc97 	bl	10002250 <ph_remove_head>
10001922:	464b      	mov	r3, r9
10001924:	681a      	ldr	r2, [r3, #0]
10001926:	685b      	ldr	r3, [r3, #4]
10001928:	9206      	str	r2, [sp, #24]
1000192a:	9307      	str	r3, [sp, #28]
1000192c:	464b      	mov	r3, r9
1000192e:	689b      	ldr	r3, [r3, #8]
10001930:	4698      	mov	r8, r3
10001932:	464b      	mov	r3, r9
10001934:	68db      	ldr	r3, [r3, #12]
10001936:	4699      	mov	r9, r3
10001938:	68e3      	ldr	r3, [r4, #12]
1000193a:	19db      	adds	r3, r3, r7
1000193c:	3b01      	subs	r3, #1
1000193e:	781b      	ldrb	r3, [r3, #0]
10001940:	9308      	str	r3, [sp, #32]
10001942:	021b      	lsls	r3, r3, #8
10001944:	4303      	orrs	r3, r0
10001946:	6123      	str	r3, [r4, #16]
10001948:	2000      	movs	r0, #0
1000194a:	e78e      	b.n	1000186a <alarm_pool_alarm_callback+0x7e>
1000194c:	6923      	ldr	r3, [r4, #16]
1000194e:	2b00      	cmp	r3, #0
10001950:	d0c0      	beq.n	100018d4 <alarm_pool_alarm_callback+0xe8>
10001952:	9a06      	ldr	r2, [sp, #24]
10001954:	9b07      	ldr	r3, [sp, #28]
10001956:	2180      	movs	r1, #128	@ 0x80
10001958:	1b52      	subs	r2, r2, r5
1000195a:	41b3      	sbcs	r3, r6
1000195c:	0609      	lsls	r1, r1, #24
1000195e:	428b      	cmp	r3, r1
10001960:	d302      	bcc.n	10001968 <alarm_pool_alarm_callback+0x17c>
10001962:	2201      	movs	r2, #1
10001964:	4b10      	ldr	r3, [pc, #64]	@ (100019a8 <alarm_pool_alarm_callback+0x1bc>)
10001966:	4252      	negs	r2, r2
10001968:	2100      	movs	r1, #0
1000196a:	9104      	str	r1, [sp, #16]
1000196c:	3101      	adds	r1, #1
1000196e:	9103      	str	r1, [sp, #12]
10001970:	4649      	mov	r1, r9
10001972:	9101      	str	r1, [sp, #4]
10001974:	4641      	mov	r1, r8
10001976:	0020      	movs	r0, r4
10001978:	9702      	str	r7, [sp, #8]
1000197a:	9100      	str	r1, [sp, #0]
1000197c:	f7ff feb6 	bl	100016ec <add_alarm_under_lock.isra.0>
10001980:	e7bc      	b.n	100018fc <alarm_pool_alarm_callback+0x110>
10001982:	f000 fa6f 	bl	10001e64 <time_us_64>
10001986:	002a      	movs	r2, r5
10001988:	0033      	movs	r3, r6
1000198a:	1812      	adds	r2, r2, r0
1000198c:	414b      	adcs	r3, r1
1000198e:	2180      	movs	r1, #128	@ 0x80
10001990:	0609      	lsls	r1, r1, #24
10001992:	428b      	cmp	r3, r1
10001994:	d3e8      	bcc.n	10001968 <alarm_pool_alarm_callback+0x17c>
10001996:	2201      	movs	r2, #1
10001998:	4b03      	ldr	r3, [pc, #12]	@ (100019a8 <alarm_pool_alarm_callback+0x1bc>)
1000199a:	4252      	negs	r2, r2
1000199c:	e7e4      	b.n	10001968 <alarm_pool_alarm_callback+0x17c>
1000199e:	46c0      	nop			@ (mov r8, r8)
100019a0:	2000224c 	.word	0x2000224c
100019a4:	0fffffff 	.word	0x0fffffff
100019a8:	7fffffff 	.word	0x7fffffff

100019ac <alarm_pool_init_default>:
100019ac:	b510      	push	{r4, lr}
100019ae:	4c14      	ldr	r4, [pc, #80]	@ (10001a00 <alarm_pool_init_default+0x54>)
100019b0:	6863      	ldr	r3, [r4, #4]
100019b2:	2b00      	cmp	r3, #0
100019b4:	d004      	beq.n	100019c0 <alarm_pool_init_default+0x14>
100019b6:	210a      	movs	r1, #10
100019b8:	4812      	ldr	r0, [pc, #72]	@ (10001a04 <alarm_pool_init_default+0x58>)
100019ba:	f7ff fe29 	bl	10001610 <lock_init>
100019be:	bd10      	pop	{r4, pc}
100019c0:	0023      	movs	r3, r4
100019c2:	4a11      	ldr	r2, [pc, #68]	@ (10001a08 <alarm_pool_init_default+0x5c>)
100019c4:	2110      	movs	r1, #16
100019c6:	6820      	ldr	r0, [r4, #0]
100019c8:	f000 fb5e 	bl	10002088 <ph_post_alloc_init>
100019cc:	2003      	movs	r0, #3
100019ce:	f000 fa3d 	bl	10001e4c <hardware_alarm_claim>
100019d2:	2003      	movs	r0, #3
100019d4:	f000 fb0e 	bl	10001ff4 <hardware_alarm_cancel>
100019d8:	2003      	movs	r0, #3
100019da:	490c      	ldr	r1, [pc, #48]	@ (10001a0c <alarm_pool_init_default+0x60>)
100019dc:	f000 fa5c 	bl	10001e98 <hardware_alarm_set_callback>
100019e0:	f7ff fb38 	bl	10001054 <next_striped_spin_lock_num>
100019e4:	4b0a      	ldr	r3, [pc, #40]	@ (10001a10 <alarm_pool_init_default+0x64>)
100019e6:	469c      	mov	ip, r3
100019e8:	2303      	movs	r3, #3
100019ea:	7523      	strb	r3, [r4, #20]
100019ec:	23d0      	movs	r3, #208	@ 0xd0
100019ee:	061b      	lsls	r3, r3, #24
100019f0:	681b      	ldr	r3, [r3, #0]
100019f2:	4460      	add	r0, ip
100019f4:	7563      	strb	r3, [r4, #21]
100019f6:	4b07      	ldr	r3, [pc, #28]	@ (10001a14 <alarm_pool_init_default+0x68>)
100019f8:	0080      	lsls	r0, r0, #2
100019fa:	6060      	str	r0, [r4, #4]
100019fc:	60dc      	str	r4, [r3, #12]
100019fe:	e7da      	b.n	100019b6 <alarm_pool_init_default+0xa>
10001a00:	20000e34 	.word	0x20000e34
10001a04:	20002368 	.word	0x20002368
10001a08:	10001689 	.word	0x10001689
10001a0c:	100017ed 	.word	0x100017ed
10001a10:	34000040 	.word	0x34000040
10001a14:	2000224c 	.word	0x2000224c

10001a18 <alarm_pool_get_default>:
10001a18:	4800      	ldr	r0, [pc, #0]	@ (10001a1c <alarm_pool_get_default+0x4>)
10001a1a:	4770      	bx	lr
10001a1c:	20000e34 	.word	0x20000e34

10001a20 <alarm_pool_add_alarm_at>:
10001a20:	b5f0      	push	{r4, r5, r6, r7, lr}
10001a22:	4657      	mov	r7, sl
10001a24:	464e      	mov	r6, r9
10001a26:	4645      	mov	r5, r8
10001a28:	46de      	mov	lr, fp
10001a2a:	b5e0      	push	{r5, r6, r7, lr}
10001a2c:	b085      	sub	sp, #20
10001a2e:	9301      	str	r3, [sp, #4]
10001a30:	ab10      	add	r3, sp, #64	@ 0x40
10001a32:	781b      	ldrb	r3, [r3, #0]
10001a34:	0006      	movs	r6, r0
10001a36:	9303      	str	r3, [sp, #12]
10001a38:	2300      	movs	r3, #0
10001a3a:	469a      	mov	sl, r3
10001a3c:	4698      	mov	r8, r3
10001a3e:	9200      	str	r2, [sp, #0]
10001a40:	6872      	ldr	r2, [r6, #4]
10001a42:	f3ef 8b10 	mrs	fp, PRIMASK
10001a46:	b672      	cpsid	i
10001a48:	6813      	ldr	r3, [r2, #0]
10001a4a:	2b00      	cmp	r3, #0
10001a4c:	d0fc      	beq.n	10001a48 <alarm_pool_add_alarm_at+0x28>
10001a4e:	f3bf 8f5f 	dmb	sy
10001a52:	6835      	ldr	r5, [r6, #0]
10001a54:	7bac      	ldrb	r4, [r5, #14]
10001a56:	2c00      	cmp	r4, #0
10001a58:	d100      	bne.n	10001a5c <alarm_pool_add_alarm_at+0x3c>
10001a5a:	e06e      	b.n	10001b3a <alarm_pool_add_alarm_at+0x11a>
10001a5c:	0067      	lsls	r7, r4, #1
10001a5e:	682b      	ldr	r3, [r5, #0]
10001a60:	193f      	adds	r7, r7, r4
10001a62:	3f03      	subs	r7, #3
10001a64:	19db      	adds	r3, r3, r7
10001a66:	785a      	ldrb	r2, [r3, #1]
10001a68:	73aa      	strb	r2, [r5, #14]
10001a6a:	2a00      	cmp	r2, #0
10001a6c:	d100      	bne.n	10001a70 <alarm_pool_add_alarm_at+0x50>
10001a6e:	73ea      	strb	r2, [r5, #15]
10001a70:	4a48      	ldr	r2, [pc, #288]	@ (10001b94 <alarm_pool_add_alarm_at+0x174>)
10001a72:	18a1      	adds	r1, r4, r2
10001a74:	68b2      	ldr	r2, [r6, #8]
10001a76:	0109      	lsls	r1, r1, #4
10001a78:	1852      	adds	r2, r2, r1
10001a7a:	9800      	ldr	r0, [sp, #0]
10001a7c:	9901      	ldr	r1, [sp, #4]
10001a7e:	6010      	str	r0, [r2, #0]
10001a80:	6051      	str	r1, [r2, #4]
10001a82:	990e      	ldr	r1, [sp, #56]	@ 0x38
10001a84:	6091      	str	r1, [r2, #8]
10001a86:	990f      	ldr	r1, [sp, #60]	@ 0x3c
10001a88:	60d1      	str	r1, [r2, #12]
10001a8a:	4642      	mov	r2, r8
10001a8c:	709a      	strb	r2, [r3, #2]
10001a8e:	705a      	strb	r2, [r3, #1]
10001a90:	701a      	strb	r2, [r3, #0]
10001a92:	7b6b      	ldrb	r3, [r5, #13]
10001a94:	4699      	mov	r9, r3
10001a96:	2b00      	cmp	r3, #0
10001a98:	d100      	bne.n	10001a9c <alarm_pool_add_alarm_at+0x7c>
10001a9a:	e06b      	b.n	10001b74 <alarm_pool_add_alarm_at+0x154>
10001a9c:	0022      	movs	r2, r4
10001a9e:	686b      	ldr	r3, [r5, #4]
10001aa0:	4649      	mov	r1, r9
10001aa2:	68a8      	ldr	r0, [r5, #8]
10001aa4:	4798      	blx	r3
10001aa6:	464b      	mov	r3, r9
10001aa8:	005b      	lsls	r3, r3, #1
10001aaa:	444b      	add	r3, r9
10001aac:	682a      	ldr	r2, [r5, #0]
10001aae:	3b03      	subs	r3, #3
10001ab0:	2800      	cmp	r0, #0
10001ab2:	d056      	beq.n	10001b62 <alarm_pool_add_alarm_at+0x142>
10001ab4:	4648      	mov	r0, r9
10001ab6:	19d7      	adds	r7, r2, r7
10001ab8:	70b8      	strb	r0, [r7, #2]
10001aba:	18d1      	adds	r1, r2, r3
10001abc:	5cd3      	ldrb	r3, [r2, r3]
10001abe:	2b00      	cmp	r3, #0
10001ac0:	d000      	beq.n	10001ac4 <alarm_pool_add_alarm_at+0xa4>
10001ac2:	707b      	strb	r3, [r7, #1]
10001ac4:	464b      	mov	r3, r9
10001ac6:	700c      	strb	r4, [r1, #0]
10001ac8:	736b      	strb	r3, [r5, #13]
10001aca:	454c      	cmp	r4, r9
10001acc:	d053      	beq.n	10001b76 <alarm_pool_add_alarm_at+0x156>
10001ace:	68f3      	ldr	r3, [r6, #12]
10001ad0:	191b      	adds	r3, r3, r4
10001ad2:	3b01      	subs	r3, #1
10001ad4:	7818      	ldrb	r0, [r3, #0]
10001ad6:	6873      	ldr	r3, [r6, #4]
10001ad8:	f3bf 8f5f 	dmb	sy
10001adc:	4642      	mov	r2, r8
10001ade:	601a      	str	r2, [r3, #0]
10001ae0:	f38b 8810 	msr	PRIMASK, fp
10001ae4:	4653      	mov	r3, sl
10001ae6:	2b00      	cmp	r3, #0
10001ae8:	d108      	bne.n	10001afc <alarm_pool_add_alarm_at+0xdc>
10001aea:	0200      	lsls	r0, r0, #8
10001aec:	4320      	orrs	r0, r4
10001aee:	b005      	add	sp, #20
10001af0:	bcf0      	pop	{r4, r5, r6, r7}
10001af2:	46bb      	mov	fp, r7
10001af4:	46b2      	mov	sl, r6
10001af6:	46a9      	mov	r9, r5
10001af8:	46a0      	mov	r8, r4
10001afa:	bdf0      	pop	{r4, r5, r6, r7, pc}
10001afc:	9b03      	ldr	r3, [sp, #12]
10001afe:	2b00      	cmp	r3, #0
10001b00:	d046      	beq.n	10001b90 <alarm_pool_add_alarm_at+0x170>
10001b02:	9b0e      	ldr	r3, [sp, #56]	@ 0x38
10001b04:	2000      	movs	r0, #0
10001b06:	990f      	ldr	r1, [sp, #60]	@ 0x3c
10001b08:	4798      	blx	r3
10001b0a:	0003      	movs	r3, r0
10001b0c:	430b      	orrs	r3, r1
10001b0e:	d03f      	beq.n	10001b90 <alarm_pool_add_alarm_at+0x170>
10001b10:	0004      	movs	r4, r0
10001b12:	1e0d      	subs	r5, r1, #0
10001b14:	da1a      	bge.n	10001b4c <alarm_pool_add_alarm_at+0x12c>
10001b16:	9a00      	ldr	r2, [sp, #0]
10001b18:	9b01      	ldr	r3, [sp, #4]
10001b1a:	1b12      	subs	r2, r2, r4
10001b1c:	41ab      	sbcs	r3, r5
10001b1e:	9200      	str	r2, [sp, #0]
10001b20:	9301      	str	r3, [sp, #4]
10001b22:	2280      	movs	r2, #128	@ 0x80
10001b24:	0612      	lsls	r2, r2, #24
10001b26:	4293      	cmp	r3, r2
10001b28:	d304      	bcc.n	10001b34 <alarm_pool_add_alarm_at+0x114>
10001b2a:	2301      	movs	r3, #1
10001b2c:	4c1a      	ldr	r4, [pc, #104]	@ (10001b98 <alarm_pool_add_alarm_at+0x178>)
10001b2e:	425b      	negs	r3, r3
10001b30:	9300      	str	r3, [sp, #0]
10001b32:	9401      	str	r4, [sp, #4]
10001b34:	9b03      	ldr	r3, [sp, #12]
10001b36:	469a      	mov	sl, r3
10001b38:	e782      	b.n	10001a40 <alarm_pool_add_alarm_at+0x20>
10001b3a:	6873      	ldr	r3, [r6, #4]
10001b3c:	f3bf 8f5f 	dmb	sy
10001b40:	601c      	str	r4, [r3, #0]
10001b42:	f38b 8810 	msr	PRIMASK, fp
10001b46:	2001      	movs	r0, #1
10001b48:	4240      	negs	r0, r0
10001b4a:	e7d0      	b.n	10001aee <alarm_pool_add_alarm_at+0xce>
10001b4c:	f000 f98a 	bl	10001e64 <time_us_64>
10001b50:	2280      	movs	r2, #128	@ 0x80
10001b52:	1900      	adds	r0, r0, r4
10001b54:	4169      	adcs	r1, r5
10001b56:	0612      	lsls	r2, r2, #24
10001b58:	9000      	str	r0, [sp, #0]
10001b5a:	9101      	str	r1, [sp, #4]
10001b5c:	4291      	cmp	r1, r2
10001b5e:	d3e9      	bcc.n	10001b34 <alarm_pool_add_alarm_at+0x114>
10001b60:	e7e3      	b.n	10001b2a <alarm_pool_add_alarm_at+0x10a>
10001b62:	18d3      	adds	r3, r2, r3
10001b64:	709c      	strb	r4, [r3, #2]
10001b66:	19d1      	adds	r1, r2, r7
10001b68:	5dd2      	ldrb	r2, [r2, r7]
10001b6a:	2a00      	cmp	r2, #0
10001b6c:	d000      	beq.n	10001b70 <alarm_pool_add_alarm_at+0x150>
10001b6e:	705a      	strb	r2, [r3, #1]
10001b70:	464b      	mov	r3, r9
10001b72:	700b      	strb	r3, [r1, #0]
10001b74:	736c      	strb	r4, [r5, #13]
10001b76:	7d30      	ldrb	r0, [r6, #20]
10001b78:	9a00      	ldr	r2, [sp, #0]
10001b7a:	9b01      	ldr	r3, [sp, #4]
10001b7c:	f000 f9d2 	bl	10001f24 <hardware_alarm_set_target>
10001b80:	4682      	mov	sl, r0
10001b82:	2800      	cmp	r0, #0
10001b84:	d0a3      	beq.n	10001ace <alarm_pool_add_alarm_at+0xae>
10001b86:	0021      	movs	r1, r4
10001b88:	6830      	ldr	r0, [r6, #0]
10001b8a:	f000 fbe3 	bl	10002354 <ph_remove_and_free_node>
10001b8e:	e79e      	b.n	10001ace <alarm_pool_add_alarm_at+0xae>
10001b90:	2000      	movs	r0, #0
10001b92:	e7ac      	b.n	10001aee <alarm_pool_add_alarm_at+0xce>
10001b94:	0fffffff 	.word	0x0fffffff
10001b98:	7fffffff 	.word	0x7fffffff

10001b9c <alarm_pool_core_num>:
10001b9c:	7d40      	ldrb	r0, [r0, #21]
10001b9e:	4770      	bx	lr

10001ba0 <sleep_until>:
10001ba0:	b5f0      	push	{r4, r5, r6, r7, lr}
10001ba2:	0004      	movs	r4, r0
10001ba4:	000d      	movs	r5, r1
10001ba6:	2606      	movs	r6, #6
10001ba8:	4276      	negs	r6, r6
10001baa:	17f7      	asrs	r7, r6, #31
10001bac:	46c6      	mov	lr, r8
10001bae:	1936      	adds	r6, r6, r4
10001bb0:	416f      	adcs	r7, r5
10001bb2:	b500      	push	{lr}
10001bb4:	b084      	sub	sp, #16
10001bb6:	428f      	cmp	r7, r1
10001bb8:	d814      	bhi.n	10001be4 <sleep_until+0x44>
10001bba:	d011      	beq.n	10001be0 <sleep_until+0x40>
10001bbc:	f000 f952 	bl	10001e64 <time_us_64>
10001bc0:	0032      	movs	r2, r6
10001bc2:	003b      	movs	r3, r7
10001bc4:	1a12      	subs	r2, r2, r0
10001bc6:	418b      	sbcs	r3, r1
10001bc8:	2b00      	cmp	r3, #0
10001bca:	dc15      	bgt.n	10001bf8 <sleep_until+0x58>
10001bcc:	2b00      	cmp	r3, #0
10001bce:	d03e      	beq.n	10001c4e <sleep_until+0xae>
10001bd0:	0020      	movs	r0, r4
10001bd2:	0029      	movs	r1, r5
10001bd4:	f000 f950 	bl	10001e78 <busy_wait_until>
10001bd8:	b004      	add	sp, #16
10001bda:	bc80      	pop	{r7}
10001bdc:	46b8      	mov	r8, r7
10001bde:	bdf0      	pop	{r4, r5, r6, r7, pc}
10001be0:	4286      	cmp	r6, r0
10001be2:	d9eb      	bls.n	10001bbc <sleep_until+0x1c>
10001be4:	2600      	movs	r6, #0
10001be6:	2700      	movs	r7, #0
10001be8:	f000 f93c 	bl	10001e64 <time_us_64>
10001bec:	0032      	movs	r2, r6
10001bee:	003b      	movs	r3, r7
10001bf0:	1a12      	subs	r2, r2, r0
10001bf2:	418b      	sbcs	r3, r1
10001bf4:	2b00      	cmp	r3, #0
10001bf6:	dde9      	ble.n	10001bcc <sleep_until+0x2c>
10001bf8:	2300      	movs	r3, #0
10001bfa:	9302      	str	r3, [sp, #8]
10001bfc:	9301      	str	r3, [sp, #4]
10001bfe:	4b15      	ldr	r3, [pc, #84]	@ (10001c54 <sleep_until+0xb4>)
10001c00:	0032      	movs	r2, r6
10001c02:	9300      	str	r3, [sp, #0]
10001c04:	4814      	ldr	r0, [pc, #80]	@ (10001c58 <sleep_until+0xb8>)
10001c06:	003b      	movs	r3, r7
10001c08:	f7ff ff0a 	bl	10001a20 <alarm_pool_add_alarm_at>
10001c0c:	2800      	cmp	r0, #0
10001c0e:	dbdf      	blt.n	10001bd0 <sleep_until+0x30>
10001c10:	2300      	movs	r3, #0
10001c12:	4698      	mov	r8, r3
10001c14:	46bc      	mov	ip, r7
10001c16:	4a11      	ldr	r2, [pc, #68]	@ (10001c5c <sleep_until+0xbc>)
10001c18:	4f11      	ldr	r7, [pc, #68]	@ (10001c60 <sleep_until+0xc0>)
10001c1a:	6a7b      	ldr	r3, [r7, #36]	@ 0x24
10001c1c:	459c      	cmp	ip, r3
10001c1e:	d804      	bhi.n	10001c2a <sleep_until+0x8a>
10001c20:	6ab9      	ldr	r1, [r7, #40]	@ 0x28
10001c22:	428e      	cmp	r6, r1
10001c24:	d9d4      	bls.n	10001bd0 <sleep_until+0x30>
10001c26:	459c      	cmp	ip, r3
10001c28:	d1d2      	bne.n	10001bd0 <sleep_until+0x30>
10001c2a:	6811      	ldr	r1, [r2, #0]
10001c2c:	f3ef 8010 	mrs	r0, PRIMASK
10001c30:	b672      	cpsid	i
10001c32:	680b      	ldr	r3, [r1, #0]
10001c34:	2b00      	cmp	r3, #0
10001c36:	d0fc      	beq.n	10001c32 <sleep_until+0x92>
10001c38:	f3bf 8f5f 	dmb	sy
10001c3c:	6813      	ldr	r3, [r2, #0]
10001c3e:	f3bf 8f5f 	dmb	sy
10001c42:	4641      	mov	r1, r8
10001c44:	6019      	str	r1, [r3, #0]
10001c46:	f380 8810 	msr	PRIMASK, r0
10001c4a:	bf20      	wfe
10001c4c:	e7e5      	b.n	10001c1a <sleep_until+0x7a>
10001c4e:	2a00      	cmp	r2, #0
10001c50:	d0be      	beq.n	10001bd0 <sleep_until+0x30>
10001c52:	e7d1      	b.n	10001bf8 <sleep_until+0x58>
10001c54:	100016bd 	.word	0x100016bd
10001c58:	20000e34 	.word	0x20000e34
10001c5c:	20002368 	.word	0x20002368
10001c60:	40054000 	.word	0x40054000

10001c64 <sleep_us>:
10001c64:	b570      	push	{r4, r5, r6, lr}
10001c66:	0004      	movs	r4, r0
10001c68:	000d      	movs	r5, r1
10001c6a:	f000 f8fb 	bl	10001e64 <time_us_64>
10001c6e:	2380      	movs	r3, #128	@ 0x80
10001c70:	1900      	adds	r0, r0, r4
10001c72:	4169      	adcs	r1, r5
10001c74:	061b      	lsls	r3, r3, #24
10001c76:	4299      	cmp	r1, r3
10001c78:	d302      	bcc.n	10001c80 <sleep_us+0x1c>
10001c7a:	2001      	movs	r0, #1
10001c7c:	4902      	ldr	r1, [pc, #8]	@ (10001c88 <sleep_us+0x24>)
10001c7e:	4240      	negs	r0, r0
10001c80:	f7ff ff8e 	bl	10001ba0 <sleep_until>
10001c84:	bd70      	pop	{r4, r5, r6, pc}
10001c86:	46c0      	nop			@ (mov r8, r8)
10001c88:	7fffffff 	.word	0x7fffffff

10001c8c <sleep_ms>:
10001c8c:	b570      	push	{r4, r5, r6, lr}
10001c8e:	0006      	movs	r6, r0
10001c90:	f000 f8e8 	bl	10001e64 <time_us_64>
10001c94:	22fa      	movs	r2, #250	@ 0xfa
10001c96:	0004      	movs	r4, r0
10001c98:	000d      	movs	r5, r1
10001c9a:	2300      	movs	r3, #0
10001c9c:	0030      	movs	r0, r6
10001c9e:	2100      	movs	r1, #0
10001ca0:	0092      	lsls	r2, r2, #2
10001ca2:	f000 ff7d 	bl	10002ba0 <__wrap___aeabi_lmul>
10001ca6:	2380      	movs	r3, #128	@ 0x80
10001ca8:	1900      	adds	r0, r0, r4
10001caa:	4169      	adcs	r1, r5
10001cac:	061b      	lsls	r3, r3, #24
10001cae:	4299      	cmp	r1, r3
10001cb0:	d302      	bcc.n	10001cb8 <sleep_ms+0x2c>
10001cb2:	2001      	movs	r0, #1
10001cb4:	4902      	ldr	r1, [pc, #8]	@ (10001cc0 <sleep_ms+0x34>)
10001cb6:	4240      	negs	r0, r0
10001cb8:	f7ff ff72 	bl	10001ba0 <sleep_until>
10001cbc:	bd70      	pop	{r4, r5, r6, pc}
10001cbe:	46c0      	nop			@ (mov r8, r8)
10001cc0:	7fffffff 	.word	0x7fffffff

10001cc4 <best_effort_wfe_or_timeout>:
10001cc4:	b5f0      	push	{r4, r5, r6, r7, lr}
10001cc6:	f3ef 8305 	mrs	r3, IPSR
10001cca:	46ce      	mov	lr, r9
10001ccc:	4647      	mov	r7, r8
10001cce:	b580      	push	{r7, lr}
10001cd0:	0005      	movs	r5, r0
10001cd2:	000c      	movs	r4, r1
10001cd4:	b085      	sub	sp, #20
10001cd6:	2b00      	cmp	r3, #0
10001cd8:	d012      	beq.n	10001d00 <best_effort_wfe_or_timeout+0x3c>
10001cda:	4a2a      	ldr	r2, [pc, #168]	@ (10001d84 <best_effort_wfe_or_timeout+0xc0>)
10001cdc:	2000      	movs	r0, #0
10001cde:	6a53      	ldr	r3, [r2, #36]	@ 0x24
10001ce0:	42a3      	cmp	r3, r4
10001ce2:	d303      	bcc.n	10001cec <best_effort_wfe_or_timeout+0x28>
10001ce4:	6a92      	ldr	r2, [r2, #40]	@ 0x28
10001ce6:	3001      	adds	r0, #1
10001ce8:	42aa      	cmp	r2, r5
10001cea:	d304      	bcc.n	10001cf6 <best_effort_wfe_or_timeout+0x32>
10001cec:	b005      	add	sp, #20
10001cee:	bcc0      	pop	{r6, r7}
10001cf0:	46b9      	mov	r9, r7
10001cf2:	46b0      	mov	r8, r6
10001cf4:	bdf0      	pop	{r4, r5, r6, r7, pc}
10001cf6:	1b1b      	subs	r3, r3, r4
10001cf8:	1e5a      	subs	r2, r3, #1
10001cfa:	4193      	sbcs	r3, r2
10001cfc:	b2d8      	uxtb	r0, r3
10001cfe:	e7f5      	b.n	10001cec <best_effort_wfe_or_timeout+0x28>
10001d00:	4e21      	ldr	r6, [pc, #132]	@ (10001d88 <best_effort_wfe_or_timeout+0xc4>)
10001d02:	9302      	str	r3, [sp, #8]
10001d04:	9301      	str	r3, [sp, #4]
10001d06:	4b21      	ldr	r3, [pc, #132]	@ (10001d8c <best_effort_wfe_or_timeout+0xc8>)
10001d08:	0002      	movs	r2, r0
10001d0a:	9300      	str	r3, [sp, #0]
10001d0c:	0030      	movs	r0, r6
10001d0e:	000b      	movs	r3, r1
10001d10:	f7ff fe86 	bl	10001a20 <alarm_pool_add_alarm_at>
10001d14:	1e03      	subs	r3, r0, #0
10001d16:	dde0      	ble.n	10001cda <best_effort_wfe_or_timeout+0x16>
10001d18:	bf20      	wfe
10001d1a:	6871      	ldr	r1, [r6, #4]
10001d1c:	f3ef 8710 	mrs	r7, PRIMASK
10001d20:	b672      	cpsid	i
10001d22:	680a      	ldr	r2, [r1, #0]
10001d24:	2a00      	cmp	r2, #0
10001d26:	d0fc      	beq.n	10001d22 <best_effort_wfe_or_timeout+0x5e>
10001d28:	f3bf 8f5f 	dmb	sy
10001d2c:	b2da      	uxtb	r2, r3
10001d2e:	4694      	mov	ip, r2
10001d30:	22ff      	movs	r2, #255	@ 0xff
10001d32:	6830      	ldr	r0, [r6, #0]
10001d34:	401a      	ands	r2, r3
10001d36:	7b41      	ldrb	r1, [r0, #13]
10001d38:	4561      	cmp	r1, ip
10001d3a:	d00f      	beq.n	10001d5c <best_effort_wfe_or_timeout+0x98>
10001d3c:	6801      	ldr	r1, [r0, #0]
10001d3e:	4689      	mov	r9, r1
10001d40:	0051      	lsls	r1, r2, #1
10001d42:	4688      	mov	r8, r1
10001d44:	4649      	mov	r1, r9
10001d46:	4490      	add	r8, r2
10001d48:	4441      	add	r1, r8
10001d4a:	3903      	subs	r1, #3
10001d4c:	7889      	ldrb	r1, [r1, #2]
10001d4e:	2900      	cmp	r1, #0
10001d50:	d104      	bne.n	10001d5c <best_effort_wfe_or_timeout+0x98>
10001d52:	6932      	ldr	r2, [r6, #16]
10001d54:	4293      	cmp	r3, r2
10001d56:	d109      	bne.n	10001d6c <best_effort_wfe_or_timeout+0xa8>
10001d58:	6131      	str	r1, [r6, #16]
10001d5a:	e007      	b.n	10001d6c <best_effort_wfe_or_timeout+0xa8>
10001d5c:	68f1      	ldr	r1, [r6, #12]
10001d5e:	0a1b      	lsrs	r3, r3, #8
10001d60:	188a      	adds	r2, r1, r2
10001d62:	3a01      	subs	r2, #1
10001d64:	7812      	ldrb	r2, [r2, #0]
10001d66:	b2db      	uxtb	r3, r3
10001d68:	429a      	cmp	r2, r3
10001d6a:	d007      	beq.n	10001d7c <best_effort_wfe_or_timeout+0xb8>
10001d6c:	6873      	ldr	r3, [r6, #4]
10001d6e:	f3bf 8f5f 	dmb	sy
10001d72:	2200      	movs	r2, #0
10001d74:	601a      	str	r2, [r3, #0]
10001d76:	f387 8810 	msr	PRIMASK, r7
10001d7a:	e7ae      	b.n	10001cda <best_effort_wfe_or_timeout+0x16>
10001d7c:	4661      	mov	r1, ip
10001d7e:	f000 fae9 	bl	10002354 <ph_remove_and_free_node>
10001d82:	e7f3      	b.n	10001d6c <best_effort_wfe_or_timeout+0xa8>
10001d84:	40054000 	.word	0x40054000
10001d88:	20000e34 	.word	0x20000e34
10001d8c:	100016bd 	.word	0x100016bd

10001d90 <hardware_alarm_irq_handler>:
10001d90:	b5f0      	push	{r4, r5, r6, r7, lr}
10001d92:	f3ef 8205 	mrs	r2, IPSR
10001d96:	46d6      	mov	lr, sl
10001d98:	464f      	mov	r7, r9
10001d9a:	4646      	mov	r6, r8
10001d9c:	0010      	movs	r0, r2
10001d9e:	b5c0      	push	{r6, r7, lr}
10001da0:	3810      	subs	r0, #16
10001da2:	f3ef 8810 	mrs	r8, PRIMASK
10001da6:	b672      	cpsid	i
10001da8:	4c21      	ldr	r4, [pc, #132]	@ (10001e30 <hardware_alarm_irq_handler+0xa0>)
10001daa:	6823      	ldr	r3, [r4, #0]
10001dac:	2b00      	cmp	r3, #0
10001dae:	d0fc      	beq.n	10001daa <hardware_alarm_irq_handler+0x1a>
10001db0:	f3bf 8f5f 	dmb	sy
10001db4:	2301      	movs	r3, #1
10001db6:	0019      	movs	r1, r3
10001db8:	4081      	lsls	r1, r0
10001dba:	4d1e      	ldr	r5, [pc, #120]	@ (10001e34 <hardware_alarm_irq_handler+0xa4>)
10001dbc:	001f      	movs	r7, r3
10001dbe:	6369      	str	r1, [r5, #52]	@ 0x34
10001dc0:	46aa      	mov	sl, r5
10001dc2:	4d1d      	ldr	r5, [pc, #116]	@ (10001e38 <hardware_alarm_irq_handler+0xa8>)
10001dc4:	6029      	str	r1, [r5, #0]
10001dc6:	4d1d      	ldr	r5, [pc, #116]	@ (10001e3c <hardware_alarm_irq_handler+0xac>)
10001dc8:	782e      	ldrb	r6, [r5, #0]
10001dca:	46ac      	mov	ip, r5
10001dcc:	0035      	movs	r5, r6
10001dce:	40c5      	lsrs	r5, r0
10001dd0:	402f      	ands	r7, r5
10001dd2:	422b      	tst	r3, r5
10001dd4:	d015      	beq.n	10001e02 <hardware_alarm_irq_handler+0x72>
10001dd6:	4653      	mov	r3, sl
10001dd8:	6a5f      	ldr	r7, [r3, #36]	@ 0x24
10001dda:	4b19      	ldr	r3, [pc, #100]	@ (10001e40 <hardware_alarm_irq_handler+0xb0>)
10001ddc:	0085      	lsls	r5, r0, #2
10001dde:	58eb      	ldr	r3, [r5, r3]
10001de0:	429f      	cmp	r7, r3
10001de2:	d318      	bcc.n	10001e16 <hardware_alarm_irq_handler+0x86>
10001de4:	4662      	mov	r2, ip
10001de6:	4b17      	ldr	r3, [pc, #92]	@ (10001e44 <hardware_alarm_irq_handler+0xb4>)
10001de8:	438e      	bics	r6, r1
10001dea:	58eb      	ldr	r3, [r5, r3]
10001dec:	7016      	strb	r6, [r2, #0]
10001dee:	f3bf 8f5f 	dmb	sy
10001df2:	2200      	movs	r2, #0
10001df4:	6022      	str	r2, [r4, #0]
10001df6:	f388 8810 	msr	PRIMASK, r8
10001dfa:	2b00      	cmp	r3, #0
10001dfc:	d006      	beq.n	10001e0c <hardware_alarm_irq_handler+0x7c>
10001dfe:	4798      	blx	r3
10001e00:	e004      	b.n	10001e0c <hardware_alarm_irq_handler+0x7c>
10001e02:	f3bf 8f5f 	dmb	sy
10001e06:	6027      	str	r7, [r4, #0]
10001e08:	f388 8810 	msr	PRIMASK, r8
10001e0c:	bce0      	pop	{r5, r6, r7}
10001e0e:	46ba      	mov	sl, r7
10001e10:	46b1      	mov	r9, r6
10001e12:	46a8      	mov	r8, r5
10001e14:	bdf0      	pop	{r4, r5, r6, r7, pc}
10001e16:	4b0c      	ldr	r3, [pc, #48]	@ (10001e48 <hardware_alarm_irq_handler+0xb8>)
10001e18:	0092      	lsls	r2, r2, #2
10001e1a:	469c      	mov	ip, r3
10001e1c:	4462      	add	r2, ip
10001e1e:	6813      	ldr	r3, [r2, #0]
10001e20:	6013      	str	r3, [r2, #0]
10001e22:	f3bf 8f5f 	dmb	sy
10001e26:	2300      	movs	r3, #0
10001e28:	6023      	str	r3, [r4, #0]
10001e2a:	f388 8810 	msr	PRIMASK, r8
10001e2e:	e7ed      	b.n	10001e0c <hardware_alarm_irq_handler+0x7c>
10001e30:	d0000128 	.word	0xd0000128
10001e34:	40054000 	.word	0x40054000
10001e38:	4005703c 	.word	0x4005703c
10001e3c:	200023a6 	.word	0x200023a6
10001e40:	20002378 	.word	0x20002378
10001e44:	20001c34 	.word	0x20001c34
10001e48:	40053fd0 	.word	0x40053fd0

10001e4c <hardware_alarm_claim>:
10001e4c:	b510      	push	{r4, lr}
10001e4e:	4b03      	ldr	r3, [pc, #12]	@ (10001e5c <hardware_alarm_claim+0x10>)
10001e50:	0001      	movs	r1, r0
10001e52:	0018      	movs	r0, r3
10001e54:	4a02      	ldr	r2, [pc, #8]	@ (10001e60 <hardware_alarm_claim+0x14>)
10001e56:	f7ff f87f 	bl	10000f58 <hw_claim_or_assert>
10001e5a:	bd10      	pop	{r4, pc}
10001e5c:	200023a0 	.word	0x200023a0
10001e60:	10006154 	.word	0x10006154

10001e64 <time_us_64>:
10001e64:	4b03      	ldr	r3, [pc, #12]	@ (10001e74 <time_us_64+0x10>)
10001e66:	6a59      	ldr	r1, [r3, #36]	@ 0x24
10001e68:	000a      	movs	r2, r1
10001e6a:	6a98      	ldr	r0, [r3, #40]	@ 0x28
10001e6c:	6a59      	ldr	r1, [r3, #36]	@ 0x24
10001e6e:	428a      	cmp	r2, r1
10001e70:	d1fa      	bne.n	10001e68 <time_us_64+0x4>
10001e72:	4770      	bx	lr
10001e74:	40054000 	.word	0x40054000

10001e78 <busy_wait_until>:
10001e78:	4a06      	ldr	r2, [pc, #24]	@ (10001e94 <busy_wait_until+0x1c>)
10001e7a:	6a53      	ldr	r3, [r2, #36]	@ 0x24
10001e7c:	4299      	cmp	r1, r3
10001e7e:	d8fc      	bhi.n	10001e7a <busy_wait_until+0x2>
10001e80:	d107      	bne.n	10001e92 <busy_wait_until+0x1a>
10001e82:	4b04      	ldr	r3, [pc, #16]	@ (10001e94 <busy_wait_until+0x1c>)
10001e84:	e002      	b.n	10001e8c <busy_wait_until+0x14>
10001e86:	6a5a      	ldr	r2, [r3, #36]	@ 0x24
10001e88:	4291      	cmp	r1, r2
10001e8a:	d102      	bne.n	10001e92 <busy_wait_until+0x1a>
10001e8c:	6a9a      	ldr	r2, [r3, #40]	@ 0x28
10001e8e:	4282      	cmp	r2, r0
10001e90:	d3f9      	bcc.n	10001e86 <busy_wait_until+0xe>
10001e92:	4770      	bx	lr
10001e94:	40054000 	.word	0x40054000

10001e98 <hardware_alarm_set_callback>:
10001e98:	b570      	push	{r4, r5, r6, lr}
10001e9a:	0004      	movs	r4, r0
10001e9c:	000d      	movs	r5, r1
10001e9e:	f3ef 8610 	mrs	r6, PRIMASK
10001ea2:	b672      	cpsid	i
10001ea4:	4a1a      	ldr	r2, [pc, #104]	@ (10001f10 <hardware_alarm_set_callback+0x78>)
10001ea6:	6813      	ldr	r3, [r2, #0]
10001ea8:	2b00      	cmp	r3, #0
10001eaa:	d0fc      	beq.n	10001ea6 <hardware_alarm_set_callback+0xe>
10001eac:	f3bf 8f5f 	dmb	sy
10001eb0:	2d00      	cmp	r5, #0
10001eb2:	d01b      	beq.n	10001eec <hardware_alarm_set_callback+0x54>
10001eb4:	0020      	movs	r0, r4
10001eb6:	f7ff f91b 	bl	100010f0 <irq_get_vtable_handler>
10001eba:	4916      	ldr	r1, [pc, #88]	@ (10001f14 <hardware_alarm_set_callback+0x7c>)
10001ebc:	4281      	cmp	r1, r0
10001ebe:	d00a      	beq.n	10001ed6 <hardware_alarm_set_callback+0x3e>
10001ec0:	0020      	movs	r0, r4
10001ec2:	f7ff f91d 	bl	10001100 <irq_set_exclusive_handler>
10001ec6:	2101      	movs	r1, #1
10001ec8:	0020      	movs	r0, r4
10001eca:	f7ff f8e1 	bl	10001090 <irq_set_enabled>
10001ece:	2301      	movs	r3, #1
10001ed0:	40a3      	lsls	r3, r4
10001ed2:	4a11      	ldr	r2, [pc, #68]	@ (10001f18 <hardware_alarm_set_callback+0x80>)
10001ed4:	6013      	str	r3, [r2, #0]
10001ed6:	4b11      	ldr	r3, [pc, #68]	@ (10001f1c <hardware_alarm_set_callback+0x84>)
10001ed8:	00a4      	lsls	r4, r4, #2
10001eda:	50e5      	str	r5, [r4, r3]
10001edc:	f3bf 8f5f 	dmb	sy
10001ee0:	2200      	movs	r2, #0
10001ee2:	4b0b      	ldr	r3, [pc, #44]	@ (10001f10 <hardware_alarm_set_callback+0x78>)
10001ee4:	601a      	str	r2, [r3, #0]
10001ee6:	f386 8810 	msr	PRIMASK, r6
10001eea:	bd70      	pop	{r4, r5, r6, pc}
10001eec:	2101      	movs	r1, #1
10001eee:	40a1      	lsls	r1, r4
10001ef0:	4b0a      	ldr	r3, [pc, #40]	@ (10001f1c <hardware_alarm_set_callback+0x84>)
10001ef2:	00a2      	lsls	r2, r4, #2
10001ef4:	50d5      	str	r5, [r2, r3]
10001ef6:	4b0a      	ldr	r3, [pc, #40]	@ (10001f20 <hardware_alarm_set_callback+0x88>)
10001ef8:	0020      	movs	r0, r4
10001efa:	781a      	ldrb	r2, [r3, #0]
10001efc:	438a      	bics	r2, r1
10001efe:	4905      	ldr	r1, [pc, #20]	@ (10001f14 <hardware_alarm_set_callback+0x7c>)
10001f00:	701a      	strb	r2, [r3, #0]
10001f02:	f7ff fa21 	bl	10001348 <irq_remove_handler>
10001f06:	2100      	movs	r1, #0
10001f08:	0020      	movs	r0, r4
10001f0a:	f7ff f8c1 	bl	10001090 <irq_set_enabled>
10001f0e:	e7e5      	b.n	10001edc <hardware_alarm_set_callback+0x44>
10001f10:	d0000128 	.word	0xd0000128
10001f14:	10001d91 	.word	0x10001d91
10001f18:	40056038 	.word	0x40056038
10001f1c:	20001c34 	.word	0x20001c34
10001f20:	200023a6 	.word	0x200023a6

10001f24 <hardware_alarm_set_target>:
10001f24:	b5f0      	push	{r4, r5, r6, r7, lr}
10001f26:	464f      	mov	r7, r9
10001f28:	46d6      	mov	lr, sl
10001f2a:	4646      	mov	r6, r8
10001f2c:	b5c0      	push	{r6, r7, lr}
10001f2e:	0007      	movs	r7, r0
10001f30:	4c2b      	ldr	r4, [pc, #172]	@ (10001fe0 <hardware_alarm_set_target+0xbc>)
10001f32:	6a61      	ldr	r1, [r4, #36]	@ 0x24
10001f34:	000d      	movs	r5, r1
10001f36:	6aa6      	ldr	r6, [r4, #40]	@ 0x28
10001f38:	6a61      	ldr	r1, [r4, #36]	@ 0x24
10001f3a:	42a9      	cmp	r1, r5
10001f3c:	d1fa      	bne.n	10001f34 <hardware_alarm_set_target+0x10>
10001f3e:	428b      	cmp	r3, r1
10001f40:	d808      	bhi.n	10001f54 <hardware_alarm_set_target+0x30>
10001f42:	d005      	beq.n	10001f50 <hardware_alarm_set_target+0x2c>
10001f44:	2001      	movs	r0, #1
10001f46:	bce0      	pop	{r5, r6, r7}
10001f48:	46ba      	mov	sl, r7
10001f4a:	46b1      	mov	r9, r6
10001f4c:	46a8      	mov	r8, r5
10001f4e:	bdf0      	pop	{r4, r5, r6, r7, pc}
10001f50:	42b2      	cmp	r2, r6
10001f52:	d9f7      	bls.n	10001f44 <hardware_alarm_set_target+0x20>
10001f54:	f3ef 8a10 	mrs	sl, PRIMASK
10001f58:	b672      	cpsid	i
10001f5a:	4822      	ldr	r0, [pc, #136]	@ (10001fe4 <hardware_alarm_set_target+0xc0>)
10001f5c:	6801      	ldr	r1, [r0, #0]
10001f5e:	2900      	cmp	r1, #0
10001f60:	d0fc      	beq.n	10001f5c <hardware_alarm_set_target+0x38>
10001f62:	f3bf 8f5f 	dmb	sy
10001f66:	2501      	movs	r5, #1
10001f68:	40bd      	lsls	r5, r7
10001f6a:	491f      	ldr	r1, [pc, #124]	@ (10001fe8 <hardware_alarm_set_target+0xc4>)
10001f6c:	4c1c      	ldr	r4, [pc, #112]	@ (10001fe0 <hardware_alarm_set_target+0xbc>)
10001f6e:	4688      	mov	r8, r1
10001f70:	7809      	ldrb	r1, [r1, #0]
10001f72:	4689      	mov	r9, r1
10001f74:	4329      	orrs	r1, r5
10001f76:	b2c9      	uxtb	r1, r1
10001f78:	468c      	mov	ip, r1
10001f7a:	4641      	mov	r1, r8
10001f7c:	4660      	mov	r0, ip
10001f7e:	7008      	strb	r0, [r1, #0]
10001f80:	1d39      	adds	r1, r7, #4
10001f82:	0089      	lsls	r1, r1, #2
10001f84:	6365      	str	r5, [r4, #52]	@ 0x34
10001f86:	510a      	str	r2, [r1, r4]
10001f88:	4918      	ldr	r1, [pc, #96]	@ (10001fec <hardware_alarm_set_target+0xc8>)
10001f8a:	00b8      	lsls	r0, r7, #2
10001f8c:	5043      	str	r3, [r0, r1]
10001f8e:	6a21      	ldr	r1, [r4, #32]
10001f90:	2000      	movs	r0, #0
10001f92:	4229      	tst	r1, r5
10001f94:	d019      	beq.n	10001fca <hardware_alarm_set_target+0xa6>
10001f96:	6a61      	ldr	r1, [r4, #36]	@ 0x24
10001f98:	0008      	movs	r0, r1
10001f9a:	6aa6      	ldr	r6, [r4, #40]	@ 0x28
10001f9c:	6a61      	ldr	r1, [r4, #36]	@ 0x24
10001f9e:	4281      	cmp	r1, r0
10001fa0:	d1fa      	bne.n	10001f98 <hardware_alarm_set_target+0x74>
10001fa2:	428b      	cmp	r3, r1
10001fa4:	d819      	bhi.n	10001fda <hardware_alarm_set_target+0xb6>
10001fa6:	d101      	bne.n	10001fac <hardware_alarm_set_target+0x88>
10001fa8:	42b2      	cmp	r2, r6
10001faa:	d816      	bhi.n	10001fda <hardware_alarm_set_target+0xb6>
10001fac:	45cc      	cmp	ip, r9
10001fae:	d00b      	beq.n	10001fc8 <hardware_alarm_set_target+0xa4>
10001fb0:	4b0b      	ldr	r3, [pc, #44]	@ (10001fe0 <hardware_alarm_set_target+0xbc>)
10001fb2:	221f      	movs	r2, #31
10001fb4:	621d      	str	r5, [r3, #32]
10001fb6:	635d      	str	r5, [r3, #52]	@ 0x34
10001fb8:	2301      	movs	r3, #1
10001fba:	403a      	ands	r2, r7
10001fbc:	4093      	lsls	r3, r2
10001fbe:	4a0c      	ldr	r2, [pc, #48]	@ (10001ff0 <hardware_alarm_set_target+0xcc>)
10001fc0:	6013      	str	r3, [r2, #0]
10001fc2:	4643      	mov	r3, r8
10001fc4:	464a      	mov	r2, r9
10001fc6:	701a      	strb	r2, [r3, #0]
10001fc8:	2001      	movs	r0, #1
10001fca:	f3bf 8f5f 	dmb	sy
10001fce:	2200      	movs	r2, #0
10001fd0:	4b04      	ldr	r3, [pc, #16]	@ (10001fe4 <hardware_alarm_set_target+0xc0>)
10001fd2:	601a      	str	r2, [r3, #0]
10001fd4:	f38a 8810 	msr	PRIMASK, sl
10001fd8:	e7b5      	b.n	10001f46 <hardware_alarm_set_target+0x22>
10001fda:	2000      	movs	r0, #0
10001fdc:	e7f5      	b.n	10001fca <hardware_alarm_set_target+0xa6>
10001fde:	46c0      	nop			@ (mov r8, r8)
10001fe0:	40054000 	.word	0x40054000
10001fe4:	d0000128 	.word	0xd0000128
10001fe8:	200023a6 	.word	0x200023a6
10001fec:	20002378 	.word	0x20002378
10001ff0:	e000e280 	.word	0xe000e280

10001ff4 <hardware_alarm_cancel>:
10001ff4:	f3ef 8c10 	mrs	ip, PRIMASK
10001ff8:	b672      	cpsid	i
10001ffa:	490a      	ldr	r1, [pc, #40]	@ (10002024 <hardware_alarm_cancel+0x30>)
10001ffc:	680b      	ldr	r3, [r1, #0]
10001ffe:	2b00      	cmp	r3, #0
10002000:	d0fc      	beq.n	10001ffc <hardware_alarm_cancel+0x8>
10002002:	f3bf 8f5f 	dmb	sy
10002006:	2301      	movs	r3, #1
10002008:	4083      	lsls	r3, r0
1000200a:	4a07      	ldr	r2, [pc, #28]	@ (10002028 <hardware_alarm_cancel+0x34>)
1000200c:	4807      	ldr	r0, [pc, #28]	@ (1000202c <hardware_alarm_cancel+0x38>)
1000200e:	6213      	str	r3, [r2, #32]
10002010:	7802      	ldrb	r2, [r0, #0]
10002012:	439a      	bics	r2, r3
10002014:	7002      	strb	r2, [r0, #0]
10002016:	f3bf 8f5f 	dmb	sy
1000201a:	2300      	movs	r3, #0
1000201c:	600b      	str	r3, [r1, #0]
1000201e:	f38c 8810 	msr	PRIMASK, ip
10002022:	4770      	bx	lr
10002024:	d0000128 	.word	0xd0000128
10002028:	40054000 	.word	0x40054000
1000202c:	200023a6 	.word	0x200023a6

10002030 <ph_merge_nodes>:
10002030:	b570      	push	{r4, r5, r6, lr}
10002032:	0006      	movs	r6, r0
10002034:	000d      	movs	r5, r1
10002036:	0014      	movs	r4, r2
10002038:	2900      	cmp	r1, #0
1000203a:	d01d      	beq.n	10002078 <ph_merge_nodes+0x48>
1000203c:	2a00      	cmp	r2, #0
1000203e:	d012      	beq.n	10002066 <ph_merge_nodes+0x36>
10002040:	6873      	ldr	r3, [r6, #4]
10002042:	6880      	ldr	r0, [r0, #8]
10002044:	4798      	blx	r3
10002046:	0062      	lsls	r2, r4, #1
10002048:	006b      	lsls	r3, r5, #1
1000204a:	1912      	adds	r2, r2, r4
1000204c:	195b      	adds	r3, r3, r5
1000204e:	6831      	ldr	r1, [r6, #0]
10002050:	3a03      	subs	r2, #3
10002052:	3b03      	subs	r3, #3
10002054:	2800      	cmp	r0, #0
10002056:	d008      	beq.n	1000206a <ph_merge_nodes+0x3a>
10002058:	188a      	adds	r2, r1, r2
1000205a:	7095      	strb	r5, [r2, #2]
1000205c:	18c8      	adds	r0, r1, r3
1000205e:	5ccb      	ldrb	r3, [r1, r3]
10002060:	2b00      	cmp	r3, #0
10002062:	d10b      	bne.n	1000207c <ph_merge_nodes+0x4c>
10002064:	7004      	strb	r4, [r0, #0]
10002066:	0028      	movs	r0, r5
10002068:	bd70      	pop	{r4, r5, r6, pc}
1000206a:	18cb      	adds	r3, r1, r3
1000206c:	709c      	strb	r4, [r3, #2]
1000206e:	1888      	adds	r0, r1, r2
10002070:	5c8a      	ldrb	r2, [r1, r2]
10002072:	2a00      	cmp	r2, #0
10002074:	d105      	bne.n	10002082 <ph_merge_nodes+0x52>
10002076:	7005      	strb	r5, [r0, #0]
10002078:	0020      	movs	r0, r4
1000207a:	e7f5      	b.n	10002068 <ph_merge_nodes+0x38>
1000207c:	7053      	strb	r3, [r2, #1]
1000207e:	7004      	strb	r4, [r0, #0]
10002080:	e7f1      	b.n	10002066 <ph_merge_nodes+0x36>
10002082:	705a      	strb	r2, [r3, #1]
10002084:	7005      	strb	r5, [r0, #0]
10002086:	e7f7      	b.n	10002078 <ph_merge_nodes+0x48>

10002088 <ph_post_alloc_init>:
10002088:	b510      	push	{r4, lr}
1000208a:	6083      	str	r3, [r0, #8]
1000208c:	2300      	movs	r3, #0
1000208e:	b2cc      	uxtb	r4, r1
10002090:	7343      	strb	r3, [r0, #13]
10002092:	3301      	adds	r3, #1
10002094:	6042      	str	r2, [r0, #4]
10002096:	7304      	strb	r4, [r0, #12]
10002098:	7383      	strb	r3, [r0, #14]
1000209a:	73c4      	strb	r4, [r0, #15]
1000209c:	6800      	ldr	r0, [r0, #0]
1000209e:	1c42      	adds	r2, r0, #1
100020a0:	2c01      	cmp	r4, #1
100020a2:	d905      	bls.n	100020b0 <ph_post_alloc_init+0x28>
100020a4:	3301      	adds	r3, #1
100020a6:	b2db      	uxtb	r3, r3
100020a8:	7013      	strb	r3, [r2, #0]
100020aa:	3203      	adds	r2, #3
100020ac:	429c      	cmp	r4, r3
100020ae:	d1f9      	bne.n	100020a4 <ph_post_alloc_init+0x1c>
100020b0:	23ff      	movs	r3, #255	@ 0xff
100020b2:	400b      	ands	r3, r1
100020b4:	005a      	lsls	r2, r3, #1
100020b6:	18d3      	adds	r3, r2, r3
100020b8:	18c0      	adds	r0, r0, r3
100020ba:	2300      	movs	r3, #0
100020bc:	3803      	subs	r0, #3
100020be:	7043      	strb	r3, [r0, #1]
100020c0:	bd10      	pop	{r4, pc}
100020c2:	46c0      	nop			@ (mov r8, r8)

100020c4 <ph_merge_two_pass>:
100020c4:	b570      	push	{r4, r5, r6, lr}
100020c6:	0005      	movs	r5, r0
100020c8:	1e0c      	subs	r4, r1, #0
100020ca:	d007      	beq.n	100020dc <ph_merge_two_pass+0x18>
100020cc:	0063      	lsls	r3, r4, #1
100020ce:	6801      	ldr	r1, [r0, #0]
100020d0:	191b      	adds	r3, r3, r4
100020d2:	3b03      	subs	r3, #3
100020d4:	18cb      	adds	r3, r1, r3
100020d6:	785a      	ldrb	r2, [r3, #1]
100020d8:	2a00      	cmp	r2, #0
100020da:	d101      	bne.n	100020e0 <ph_merge_two_pass+0x1c>
100020dc:	0020      	movs	r0, r4
100020de:	bd70      	pop	{r4, r5, r6, pc}
100020e0:	0050      	lsls	r0, r2, #1
100020e2:	1880      	adds	r0, r0, r2
100020e4:	3803      	subs	r0, #3
100020e6:	1809      	adds	r1, r1, r0
100020e8:	2000      	movs	r0, #0
100020ea:	784e      	ldrb	r6, [r1, #1]
100020ec:	7048      	strb	r0, [r1, #1]
100020ee:	0021      	movs	r1, r4
100020f0:	7058      	strb	r0, [r3, #1]
100020f2:	0028      	movs	r0, r5
100020f4:	f7ff ff9c 	bl	10002030 <ph_merge_nodes>
100020f8:	0031      	movs	r1, r6
100020fa:	0004      	movs	r4, r0
100020fc:	0028      	movs	r0, r5
100020fe:	f7ff ffe1 	bl	100020c4 <ph_merge_two_pass>
10002102:	0006      	movs	r6, r0
10002104:	2c00      	cmp	r4, #0
10002106:	d020      	beq.n	1000214a <ph_merge_two_pass+0x86>
10002108:	2800      	cmp	r0, #0
1000210a:	d0e7      	beq.n	100020dc <ph_merge_two_pass+0x18>
1000210c:	0032      	movs	r2, r6
1000210e:	0021      	movs	r1, r4
10002110:	686b      	ldr	r3, [r5, #4]
10002112:	68a8      	ldr	r0, [r5, #8]
10002114:	4798      	blx	r3
10002116:	0072      	lsls	r2, r6, #1
10002118:	0063      	lsls	r3, r4, #1
1000211a:	1992      	adds	r2, r2, r6
1000211c:	191b      	adds	r3, r3, r4
1000211e:	6829      	ldr	r1, [r5, #0]
10002120:	3a03      	subs	r2, #3
10002122:	3b03      	subs	r3, #3
10002124:	2800      	cmp	r0, #0
10002126:	d008      	beq.n	1000213a <ph_merge_two_pass+0x76>
10002128:	188a      	adds	r2, r1, r2
1000212a:	7094      	strb	r4, [r2, #2]
1000212c:	18c8      	adds	r0, r1, r3
1000212e:	5ccb      	ldrb	r3, [r1, r3]
10002130:	2b00      	cmp	r3, #0
10002132:	d000      	beq.n	10002136 <ph_merge_two_pass+0x72>
10002134:	7053      	strb	r3, [r2, #1]
10002136:	7006      	strb	r6, [r0, #0]
10002138:	e7d0      	b.n	100020dc <ph_merge_two_pass+0x18>
1000213a:	18cb      	adds	r3, r1, r3
1000213c:	709e      	strb	r6, [r3, #2]
1000213e:	1888      	adds	r0, r1, r2
10002140:	5c8a      	ldrb	r2, [r1, r2]
10002142:	2a00      	cmp	r2, #0
10002144:	d000      	beq.n	10002148 <ph_merge_two_pass+0x84>
10002146:	705a      	strb	r2, [r3, #1]
10002148:	7004      	strb	r4, [r0, #0]
1000214a:	0034      	movs	r4, r6
1000214c:	e7c6      	b.n	100020dc <ph_merge_two_pass+0x18>
1000214e:	46c0      	nop			@ (mov r8, r8)

10002150 <ph_remove_any_head>:
10002150:	b5f0      	push	{r4, r5, r6, r7, lr}
10002152:	4657      	mov	r7, sl
10002154:	4645      	mov	r5, r8
10002156:	46de      	mov	lr, fp
10002158:	464e      	mov	r6, r9
1000215a:	b5e0      	push	{r5, r6, r7, lr}
1000215c:	000d      	movs	r5, r1
1000215e:	006f      	lsls	r7, r5, #1
10002160:	6801      	ldr	r1, [r0, #0]
10002162:	197f      	adds	r7, r7, r5
10002164:	3f03      	subs	r7, #3
10002166:	0004      	movs	r4, r0
10002168:	5dc8      	ldrb	r0, [r1, r7]
1000216a:	b083      	sub	sp, #12
1000216c:	9201      	str	r2, [sp, #4]
1000216e:	19ca      	adds	r2, r1, r7
10002170:	2800      	cmp	r0, #0
10002172:	d050      	beq.n	10002216 <ph_remove_any_head+0xc6>
10002174:	0043      	lsls	r3, r0, #1
10002176:	181b      	adds	r3, r3, r0
10002178:	3b03      	subs	r3, #3
1000217a:	18cb      	adds	r3, r1, r3
1000217c:	785e      	ldrb	r6, [r3, #1]
1000217e:	46b4      	mov	ip, r6
10002180:	2e00      	cmp	r6, #0
10002182:	d11a      	bne.n	100021ba <ph_remove_any_head+0x6a>
10002184:	9e01      	ldr	r6, [sp, #4]
10002186:	2e00      	cmp	r6, #0
10002188:	d042      	beq.n	10002210 <ph_remove_any_head+0xc0>
1000218a:	7be6      	ldrb	r6, [r4, #15]
1000218c:	2e00      	cmp	r6, #0
1000218e:	d004      	beq.n	1000219a <ph_remove_any_head+0x4a>
10002190:	0073      	lsls	r3, r6, #1
10002192:	199b      	adds	r3, r3, r6
10002194:	18cb      	adds	r3, r1, r3
10002196:	3b03      	subs	r3, #3
10002198:	705d      	strb	r5, [r3, #1]
1000219a:	7ba3      	ldrb	r3, [r4, #14]
1000219c:	2b00      	cmp	r3, #0
1000219e:	d100      	bne.n	100021a2 <ph_remove_any_head+0x52>
100021a0:	73a5      	strb	r5, [r4, #14]
100021a2:	73e5      	strb	r5, [r4, #15]
100021a4:	2800      	cmp	r0, #0
100021a6:	d12f      	bne.n	10002208 <ph_remove_any_head+0xb8>
100021a8:	2300      	movs	r3, #0
100021aa:	7053      	strb	r3, [r2, #1]
100021ac:	b003      	add	sp, #12
100021ae:	bcf0      	pop	{r4, r5, r6, r7}
100021b0:	46bb      	mov	fp, r7
100021b2:	46b2      	mov	sl, r6
100021b4:	46a9      	mov	r9, r5
100021b6:	46a0      	mov	r8, r4
100021b8:	bdf0      	pop	{r4, r5, r6, r7, pc}
100021ba:	0072      	lsls	r2, r6, #1
100021bc:	4462      	add	r2, ip
100021be:	3a03      	subs	r2, #3
100021c0:	188a      	adds	r2, r1, r2
100021c2:	7851      	ldrb	r1, [r2, #1]
100021c4:	4688      	mov	r8, r1
100021c6:	2100      	movs	r1, #0
100021c8:	7051      	strb	r1, [r2, #1]
100021ca:	4689      	mov	r9, r1
100021cc:	7059      	strb	r1, [r3, #1]
100021ce:	0032      	movs	r2, r6
100021d0:	0001      	movs	r1, r0
100021d2:	0020      	movs	r0, r4
100021d4:	f7ff ff2c 	bl	10002030 <ph_merge_nodes>
100021d8:	4643      	mov	r3, r8
100021da:	4682      	mov	sl, r0
100021dc:	2b00      	cmp	r3, #0
100021de:	d007      	beq.n	100021f0 <ph_remove_any_head+0xa0>
100021e0:	005b      	lsls	r3, r3, #1
100021e2:	6821      	ldr	r1, [r4, #0]
100021e4:	4443      	add	r3, r8
100021e6:	3b03      	subs	r3, #3
100021e8:	18cb      	adds	r3, r1, r3
100021ea:	785a      	ldrb	r2, [r3, #1]
100021ec:	2a00      	cmp	r2, #0
100021ee:	d116      	bne.n	1000221e <ph_remove_any_head+0xce>
100021f0:	4642      	mov	r2, r8
100021f2:	4651      	mov	r1, sl
100021f4:	0020      	movs	r0, r4
100021f6:	f7ff ff1b 	bl	10002030 <ph_merge_nodes>
100021fa:	6821      	ldr	r1, [r4, #0]
100021fc:	9b01      	ldr	r3, [sp, #4]
100021fe:	19ca      	adds	r2, r1, r7
10002200:	2b00      	cmp	r3, #0
10002202:	d1c2      	bne.n	1000218a <ph_remove_any_head+0x3a>
10002204:	2800      	cmp	r0, #0
10002206:	d0cf      	beq.n	100021a8 <ph_remove_any_head+0x58>
10002208:	0043      	lsls	r3, r0, #1
1000220a:	181b      	adds	r3, r3, r0
1000220c:	3b03      	subs	r3, #3
1000220e:	18cb      	adds	r3, r1, r3
10002210:	2100      	movs	r1, #0
10002212:	7099      	strb	r1, [r3, #2]
10002214:	e7c8      	b.n	100021a8 <ph_remove_any_head+0x58>
10002216:	9b01      	ldr	r3, [sp, #4]
10002218:	2b00      	cmp	r3, #0
1000221a:	d1b6      	bne.n	1000218a <ph_remove_any_head+0x3a>
1000221c:	e7c4      	b.n	100021a8 <ph_remove_any_head+0x58>
1000221e:	0050      	lsls	r0, r2, #1
10002220:	1880      	adds	r0, r0, r2
10002222:	3803      	subs	r0, #3
10002224:	1809      	adds	r1, r1, r0
10002226:	7848      	ldrb	r0, [r1, #1]
10002228:	4683      	mov	fp, r0
1000222a:	4648      	mov	r0, r9
1000222c:	7048      	strb	r0, [r1, #1]
1000222e:	7058      	strb	r0, [r3, #1]
10002230:	4641      	mov	r1, r8
10002232:	0020      	movs	r0, r4
10002234:	f7ff fefc 	bl	10002030 <ph_merge_nodes>
10002238:	4659      	mov	r1, fp
1000223a:	4680      	mov	r8, r0
1000223c:	0020      	movs	r0, r4
1000223e:	f7ff ff41 	bl	100020c4 <ph_merge_two_pass>
10002242:	4641      	mov	r1, r8
10002244:	0002      	movs	r2, r0
10002246:	0020      	movs	r0, r4
10002248:	f7ff fef2 	bl	10002030 <ph_merge_nodes>
1000224c:	4680      	mov	r8, r0
1000224e:	e7cf      	b.n	100021f0 <ph_remove_any_head+0xa0>

10002250 <ph_remove_head>:
10002250:	b5f0      	push	{r4, r5, r6, r7, lr}
10002252:	4657      	mov	r7, sl
10002254:	4645      	mov	r5, r8
10002256:	46de      	mov	lr, fp
10002258:	464e      	mov	r6, r9
1000225a:	b5e0      	push	{r5, r6, r7, lr}
1000225c:	b083      	sub	sp, #12
1000225e:	9101      	str	r1, [sp, #4]
10002260:	7b45      	ldrb	r5, [r0, #13]
10002262:	0004      	movs	r4, r0
10002264:	006f      	lsls	r7, r5, #1
10002266:	6800      	ldr	r0, [r0, #0]
10002268:	197f      	adds	r7, r7, r5
1000226a:	3f03      	subs	r7, #3
1000226c:	5dc1      	ldrb	r1, [r0, r7]
1000226e:	19c2      	adds	r2, r0, r7
10002270:	2900      	cmp	r1, #0
10002272:	d052      	beq.n	1000231a <ph_remove_head+0xca>
10002274:	004b      	lsls	r3, r1, #1
10002276:	185b      	adds	r3, r3, r1
10002278:	3b03      	subs	r3, #3
1000227a:	18c3      	adds	r3, r0, r3
1000227c:	785e      	ldrb	r6, [r3, #1]
1000227e:	46b4      	mov	ip, r6
10002280:	2e00      	cmp	r6, #0
10002282:	d11c      	bne.n	100022be <ph_remove_head+0x6e>
10002284:	9e01      	ldr	r6, [sp, #4]
10002286:	2e00      	cmp	r6, #0
10002288:	d044      	beq.n	10002314 <ph_remove_head+0xc4>
1000228a:	7be6      	ldrb	r6, [r4, #15]
1000228c:	2e00      	cmp	r6, #0
1000228e:	d004      	beq.n	1000229a <ph_remove_head+0x4a>
10002290:	0073      	lsls	r3, r6, #1
10002292:	199b      	adds	r3, r3, r6
10002294:	18c3      	adds	r3, r0, r3
10002296:	3b03      	subs	r3, #3
10002298:	705d      	strb	r5, [r3, #1]
1000229a:	7ba3      	ldrb	r3, [r4, #14]
1000229c:	2b00      	cmp	r3, #0
1000229e:	d100      	bne.n	100022a2 <ph_remove_head+0x52>
100022a0:	73a5      	strb	r5, [r4, #14]
100022a2:	73e5      	strb	r5, [r4, #15]
100022a4:	2900      	cmp	r1, #0
100022a6:	d131      	bne.n	1000230c <ph_remove_head+0xbc>
100022a8:	2300      	movs	r3, #0
100022aa:	0028      	movs	r0, r5
100022ac:	7053      	strb	r3, [r2, #1]
100022ae:	7361      	strb	r1, [r4, #13]
100022b0:	b003      	add	sp, #12
100022b2:	bcf0      	pop	{r4, r5, r6, r7}
100022b4:	46bb      	mov	fp, r7
100022b6:	46b2      	mov	sl, r6
100022b8:	46a9      	mov	r9, r5
100022ba:	46a0      	mov	r8, r4
100022bc:	bdf0      	pop	{r4, r5, r6, r7, pc}
100022be:	0072      	lsls	r2, r6, #1
100022c0:	4462      	add	r2, ip
100022c2:	3a03      	subs	r2, #3
100022c4:	1882      	adds	r2, r0, r2
100022c6:	7850      	ldrb	r0, [r2, #1]
100022c8:	4680      	mov	r8, r0
100022ca:	2000      	movs	r0, #0
100022cc:	7050      	strb	r0, [r2, #1]
100022ce:	4681      	mov	r9, r0
100022d0:	7058      	strb	r0, [r3, #1]
100022d2:	0032      	movs	r2, r6
100022d4:	0020      	movs	r0, r4
100022d6:	f7ff feab 	bl	10002030 <ph_merge_nodes>
100022da:	4643      	mov	r3, r8
100022dc:	4682      	mov	sl, r0
100022de:	2b00      	cmp	r3, #0
100022e0:	d007      	beq.n	100022f2 <ph_remove_head+0xa2>
100022e2:	005b      	lsls	r3, r3, #1
100022e4:	6821      	ldr	r1, [r4, #0]
100022e6:	4443      	add	r3, r8
100022e8:	3b03      	subs	r3, #3
100022ea:	18cb      	adds	r3, r1, r3
100022ec:	785a      	ldrb	r2, [r3, #1]
100022ee:	2a00      	cmp	r2, #0
100022f0:	d117      	bne.n	10002322 <ph_remove_head+0xd2>
100022f2:	4642      	mov	r2, r8
100022f4:	4651      	mov	r1, sl
100022f6:	0020      	movs	r0, r4
100022f8:	f7ff fe9a 	bl	10002030 <ph_merge_nodes>
100022fc:	9b01      	ldr	r3, [sp, #4]
100022fe:	0001      	movs	r1, r0
10002300:	6820      	ldr	r0, [r4, #0]
10002302:	19c2      	adds	r2, r0, r7
10002304:	2b00      	cmp	r3, #0
10002306:	d1c0      	bne.n	1000228a <ph_remove_head+0x3a>
10002308:	2900      	cmp	r1, #0
1000230a:	d0cd      	beq.n	100022a8 <ph_remove_head+0x58>
1000230c:	004b      	lsls	r3, r1, #1
1000230e:	185b      	adds	r3, r3, r1
10002310:	3b03      	subs	r3, #3
10002312:	18c3      	adds	r3, r0, r3
10002314:	2000      	movs	r0, #0
10002316:	7098      	strb	r0, [r3, #2]
10002318:	e7c6      	b.n	100022a8 <ph_remove_head+0x58>
1000231a:	9b01      	ldr	r3, [sp, #4]
1000231c:	2b00      	cmp	r3, #0
1000231e:	d1b4      	bne.n	1000228a <ph_remove_head+0x3a>
10002320:	e7c2      	b.n	100022a8 <ph_remove_head+0x58>
10002322:	0050      	lsls	r0, r2, #1
10002324:	1880      	adds	r0, r0, r2
10002326:	3803      	subs	r0, #3
10002328:	1809      	adds	r1, r1, r0
1000232a:	7848      	ldrb	r0, [r1, #1]
1000232c:	4683      	mov	fp, r0
1000232e:	4648      	mov	r0, r9
10002330:	7048      	strb	r0, [r1, #1]
10002332:	7058      	strb	r0, [r3, #1]
10002334:	4641      	mov	r1, r8
10002336:	0020      	movs	r0, r4
10002338:	f7ff fe7a 	bl	10002030 <ph_merge_nodes>
1000233c:	4659      	mov	r1, fp
1000233e:	4680      	mov	r8, r0
10002340:	0020      	movs	r0, r4
10002342:	f7ff febf 	bl	100020c4 <ph_merge_two_pass>
10002346:	4641      	mov	r1, r8
10002348:	0002      	movs	r2, r0
1000234a:	0020      	movs	r0, r4
1000234c:	f7ff fe70 	bl	10002030 <ph_merge_nodes>
10002350:	4680      	mov	r8, r0
10002352:	e7ce      	b.n	100022f2 <ph_remove_head+0xa2>

10002354 <ph_remove_and_free_node>:
10002354:	b570      	push	{r4, r5, r6, lr}
10002356:	0005      	movs	r5, r0
10002358:	2900      	cmp	r1, #0
1000235a:	d02c      	beq.n	100023b6 <ph_remove_and_free_node+0x62>
1000235c:	7b43      	ldrb	r3, [r0, #13]
1000235e:	428b      	cmp	r3, r1
10002360:	d02e      	beq.n	100023c0 <ph_remove_and_free_node+0x6c>
10002362:	004c      	lsls	r4, r1, #1
10002364:	6800      	ldr	r0, [r0, #0]
10002366:	1864      	adds	r4, r4, r1
10002368:	3c03      	subs	r4, #3
1000236a:	1904      	adds	r4, r0, r4
1000236c:	78a2      	ldrb	r2, [r4, #2]
1000236e:	2a00      	cmp	r2, #0
10002370:	d021      	beq.n	100023b6 <ph_remove_and_free_node+0x62>
10002372:	0053      	lsls	r3, r2, #1
10002374:	189b      	adds	r3, r3, r2
10002376:	3b03      	subs	r3, #3
10002378:	5cc2      	ldrb	r2, [r0, r3]
1000237a:	18c6      	adds	r6, r0, r3
1000237c:	428a      	cmp	r2, r1
1000237e:	d102      	bne.n	10002386 <ph_remove_and_free_node+0x32>
10002380:	e01b      	b.n	100023ba <ph_remove_and_free_node+0x66>
10002382:	2a00      	cmp	r2, #0
10002384:	d008      	beq.n	10002398 <ph_remove_and_free_node+0x44>
10002386:	0053      	lsls	r3, r2, #1
10002388:	189b      	adds	r3, r3, r2
1000238a:	3b03      	subs	r3, #3
1000238c:	18c3      	adds	r3, r0, r3
1000238e:	785a      	ldrb	r2, [r3, #1]
10002390:	428a      	cmp	r2, r1
10002392:	d1f6      	bne.n	10002382 <ph_remove_and_free_node+0x2e>
10002394:	7862      	ldrb	r2, [r4, #1]
10002396:	705a      	strb	r2, [r3, #1]
10002398:	2300      	movs	r3, #0
1000239a:	2201      	movs	r2, #1
1000239c:	0028      	movs	r0, r5
1000239e:	70a3      	strb	r3, [r4, #2]
100023a0:	7063      	strb	r3, [r4, #1]
100023a2:	f7ff fed5 	bl	10002150 <ph_remove_any_head>
100023a6:	7b69      	ldrb	r1, [r5, #13]
100023a8:	0002      	movs	r2, r0
100023aa:	0028      	movs	r0, r5
100023ac:	f7ff fe40 	bl	10002030 <ph_merge_nodes>
100023b0:	7368      	strb	r0, [r5, #13]
100023b2:	2001      	movs	r0, #1
100023b4:	e000      	b.n	100023b8 <ph_remove_and_free_node+0x64>
100023b6:	2000      	movs	r0, #0
100023b8:	bd70      	pop	{r4, r5, r6, pc}
100023ba:	7863      	ldrb	r3, [r4, #1]
100023bc:	7033      	strb	r3, [r6, #0]
100023be:	e7eb      	b.n	10002398 <ph_remove_and_free_node+0x44>
100023c0:	2201      	movs	r2, #1
100023c2:	0019      	movs	r1, r3
100023c4:	f7ff fec4 	bl	10002150 <ph_remove_any_head>
100023c8:	e7f2      	b.n	100023b0 <ph_remove_and_free_node+0x5c>
100023ca:	46c0      	nop			@ (mov r8, r8)

100023cc <clocks_init>:
100023cc:	b510      	push	{r4, lr}
100023ce:	200c      	movs	r0, #12
100023d0:	b082      	sub	sp, #8
100023d2:	f000 f9b7 	bl	10002744 <watchdog_start_tick>
100023d6:	f7fe fda1 	bl	10000f1c <running_on_fpga>
100023da:	2800      	cmp	r0, #0
100023dc:	d010      	beq.n	10002400 <clocks_init+0x34>
100023de:	4b8b      	ldr	r3, [pc, #556]	@ (1000260c <clocks_init+0x240>)
100023e0:	488b      	ldr	r0, [pc, #556]	@ (10002610 <clocks_init+0x244>)
100023e2:	498b      	ldr	r1, [pc, #556]	@ (10002610 <clocks_init+0x244>)
100023e4:	4a8b      	ldr	r2, [pc, #556]	@ (10002614 <clocks_init+0x248>)
100023e6:	6018      	str	r0, [r3, #0]
100023e8:	6059      	str	r1, [r3, #4]
100023ea:	6098      	str	r0, [r3, #8]
100023ec:	60d9      	str	r1, [r3, #12]
100023ee:	6118      	str	r0, [r3, #16]
100023f0:	6159      	str	r1, [r3, #20]
100023f2:	6198      	str	r0, [r3, #24]
100023f4:	61d9      	str	r1, [r3, #28]
100023f6:	6218      	str	r0, [r3, #32]
100023f8:	6259      	str	r1, [r3, #36]	@ 0x24
100023fa:	625a      	str	r2, [r3, #36]	@ 0x24
100023fc:	b002      	add	sp, #8
100023fe:	bd10      	pop	{r4, pc}
10002400:	4c85      	ldr	r4, [pc, #532]	@ (10002618 <clocks_init+0x24c>)
10002402:	67a0      	str	r0, [r4, #120]	@ 0x78
10002404:	f000 f9f4 	bl	100027f0 <xosc_init>
10002408:	2201      	movs	r2, #1
1000240a:	4b84      	ldr	r3, [pc, #528]	@ (1000261c <clocks_init+0x250>)
1000240c:	601a      	str	r2, [r3, #0]
1000240e:	6c63      	ldr	r3, [r4, #68]	@ 0x44
10002410:	2b01      	cmp	r3, #1
10002412:	d1fc      	bne.n	1000240e <clocks_init+0x42>
10002414:	2203      	movs	r2, #3
10002416:	4b82      	ldr	r3, [pc, #520]	@ (10002620 <clocks_init+0x254>)
10002418:	601a      	str	r2, [r3, #0]
1000241a:	4a7f      	ldr	r2, [pc, #508]	@ (10002618 <clocks_init+0x24c>)
1000241c:	6b93      	ldr	r3, [r2, #56]	@ 0x38
1000241e:	2b01      	cmp	r3, #1
10002420:	d1fc      	bne.n	1000241c <clocks_init+0x50>
10002422:	3301      	adds	r3, #1
10002424:	2101      	movs	r1, #1
10002426:	4a7f      	ldr	r2, [pc, #508]	@ (10002624 <clocks_init+0x258>)
10002428:	487f      	ldr	r0, [pc, #508]	@ (10002628 <clocks_init+0x25c>)
1000242a:	9300      	str	r3, [sp, #0]
1000242c:	3304      	adds	r3, #4
1000242e:	f000 f937 	bl	100026a0 <pll_init>
10002432:	2305      	movs	r3, #5
10002434:	4a7d      	ldr	r2, [pc, #500]	@ (1000262c <clocks_init+0x260>)
10002436:	9300      	str	r3, [sp, #0]
10002438:	2101      	movs	r1, #1
1000243a:	487d      	ldr	r0, [pc, #500]	@ (10002630 <clocks_init+0x264>)
1000243c:	f000 f930 	bl	100026a0 <pll_init>
10002440:	4b7c      	ldr	r3, [pc, #496]	@ (10002634 <clocks_init+0x268>)
10002442:	685a      	ldr	r2, [r3, #4]
10002444:	2aff      	cmp	r2, #255	@ 0xff
10002446:	d802      	bhi.n	1000244e <clocks_init+0x82>
10002448:	2280      	movs	r2, #128	@ 0x80
1000244a:	0052      	lsls	r2, r2, #1
1000244c:	605a      	str	r2, [r3, #4]
1000244e:	2280      	movs	r2, #128	@ 0x80
10002450:	4b73      	ldr	r3, [pc, #460]	@ (10002620 <clocks_init+0x254>)
10002452:	4c6e      	ldr	r4, [pc, #440]	@ (1000260c <clocks_init+0x240>)
10002454:	0112      	lsls	r2, r2, #4
10002456:	601a      	str	r2, [r3, #0]
10002458:	6921      	ldr	r1, [r4, #16]
1000245a:	2900      	cmp	r1, #0
1000245c:	d007      	beq.n	1000246e <clocks_init+0xa2>
1000245e:	6960      	ldr	r0, [r4, #20]
10002460:	f000 fb12 	bl	10002a88 <__wrap___aeabi_uidiv>
10002464:	3001      	adds	r0, #1
10002466:	0043      	lsls	r3, r0, #1
10002468:	181b      	adds	r3, r3, r0
1000246a:	3b03      	subs	r3, #3
1000246c:	d2fd      	bcs.n	1000246a <clocks_init+0x9e>
1000246e:	22e0      	movs	r2, #224	@ 0xe0
10002470:	4b70      	ldr	r3, [pc, #448]	@ (10002634 <clocks_init+0x268>)
10002472:	4871      	ldr	r0, [pc, #452]	@ (10002638 <clocks_init+0x26c>)
10002474:	6819      	ldr	r1, [r3, #0]
10002476:	400a      	ands	r2, r1
10002478:	6002      	str	r2, [r0, #0]
1000247a:	2202      	movs	r2, #2
1000247c:	6819      	ldr	r1, [r3, #0]
1000247e:	4051      	eors	r1, r2
10002480:	3201      	adds	r2, #1
10002482:	400a      	ands	r2, r1
10002484:	2104      	movs	r1, #4
10002486:	6002      	str	r2, [r0, #0]
10002488:	689a      	ldr	r2, [r3, #8]
1000248a:	4211      	tst	r1, r2
1000248c:	d0fc      	beq.n	10002488 <clocks_init+0xbc>
1000248e:	2180      	movs	r1, #128	@ 0x80
10002490:	4a6a      	ldr	r2, [pc, #424]	@ (1000263c <clocks_init+0x270>)
10002492:	0109      	lsls	r1, r1, #4
10002494:	6011      	str	r1, [r2, #0]
10002496:	2280      	movs	r2, #128	@ 0x80
10002498:	0052      	lsls	r2, r2, #1
1000249a:	605a      	str	r2, [r3, #4]
1000249c:	4b68      	ldr	r3, [pc, #416]	@ (10002640 <clocks_init+0x274>)
1000249e:	6123      	str	r3, [r4, #16]
100024a0:	4b68      	ldr	r3, [pc, #416]	@ (10002644 <clocks_init+0x278>)
100024a2:	6859      	ldr	r1, [r3, #4]
100024a4:	29ff      	cmp	r1, #255	@ 0xff
100024a6:	d800      	bhi.n	100024aa <clocks_init+0xde>
100024a8:	605a      	str	r2, [r3, #4]
100024aa:	2203      	movs	r2, #3
100024ac:	2101      	movs	r1, #1
100024ae:	4b5b      	ldr	r3, [pc, #364]	@ (1000261c <clocks_init+0x250>)
100024b0:	601a      	str	r2, [r3, #0]
100024b2:	4a64      	ldr	r2, [pc, #400]	@ (10002644 <clocks_init+0x278>)
100024b4:	6893      	ldr	r3, [r2, #8]
100024b6:	4219      	tst	r1, r3
100024b8:	d0fc      	beq.n	100024b4 <clocks_init+0xe8>
100024ba:	23e0      	movs	r3, #224	@ 0xe0
100024bc:	6810      	ldr	r0, [r2, #0]
100024be:	4003      	ands	r3, r0
100024c0:	4861      	ldr	r0, [pc, #388]	@ (10002648 <clocks_init+0x27c>)
100024c2:	6003      	str	r3, [r0, #0]
100024c4:	6812      	ldr	r2, [r2, #0]
100024c6:	2303      	movs	r3, #3
100024c8:	404a      	eors	r2, r1
100024ca:	2102      	movs	r1, #2
100024cc:	4013      	ands	r3, r2
100024ce:	4a5d      	ldr	r2, [pc, #372]	@ (10002644 <clocks_init+0x278>)
100024d0:	6003      	str	r3, [r0, #0]
100024d2:	6893      	ldr	r3, [r2, #8]
100024d4:	4219      	tst	r1, r3
100024d6:	d0fc      	beq.n	100024d2 <clocks_init+0x106>
100024d8:	2180      	movs	r1, #128	@ 0x80
100024da:	4b5c      	ldr	r3, [pc, #368]	@ (1000264c <clocks_init+0x280>)
100024dc:	0109      	lsls	r1, r1, #4
100024de:	6019      	str	r1, [r3, #0]
100024e0:	2180      	movs	r1, #128	@ 0x80
100024e2:	4b5b      	ldr	r3, [pc, #364]	@ (10002650 <clocks_init+0x284>)
100024e4:	0049      	lsls	r1, r1, #1
100024e6:	6051      	str	r1, [r2, #4]
100024e8:	6163      	str	r3, [r4, #20]
100024ea:	4b5a      	ldr	r3, [pc, #360]	@ (10002654 <clocks_init+0x288>)
100024ec:	685a      	ldr	r2, [r3, #4]
100024ee:	2aff      	cmp	r2, #255	@ 0xff
100024f0:	d800      	bhi.n	100024f4 <clocks_init+0x128>
100024f2:	6059      	str	r1, [r3, #4]
100024f4:	2280      	movs	r2, #128	@ 0x80
100024f6:	4b58      	ldr	r3, [pc, #352]	@ (10002658 <clocks_init+0x28c>)
100024f8:	0112      	lsls	r2, r2, #4
100024fa:	601a      	str	r2, [r3, #0]
100024fc:	69e1      	ldr	r1, [r4, #28]
100024fe:	2900      	cmp	r1, #0
10002500:	d007      	beq.n	10002512 <clocks_init+0x146>
10002502:	6960      	ldr	r0, [r4, #20]
10002504:	f000 fac0 	bl	10002a88 <__wrap___aeabi_uidiv>
10002508:	3001      	adds	r0, #1
1000250a:	0043      	lsls	r3, r0, #1
1000250c:	181b      	adds	r3, r3, r0
1000250e:	3b03      	subs	r3, #3
10002510:	d2fd      	bcs.n	1000250e <clocks_init+0x142>
10002512:	23e0      	movs	r3, #224	@ 0xe0
10002514:	4a4f      	ldr	r2, [pc, #316]	@ (10002654 <clocks_init+0x288>)
10002516:	6811      	ldr	r1, [r2, #0]
10002518:	400b      	ands	r3, r1
1000251a:	4950      	ldr	r1, [pc, #320]	@ (1000265c <clocks_init+0x290>)
1000251c:	600b      	str	r3, [r1, #0]
1000251e:	2180      	movs	r1, #128	@ 0x80
10002520:	4b4f      	ldr	r3, [pc, #316]	@ (10002660 <clocks_init+0x294>)
10002522:	0109      	lsls	r1, r1, #4
10002524:	6019      	str	r1, [r3, #0]
10002526:	2180      	movs	r1, #128	@ 0x80
10002528:	4b39      	ldr	r3, [pc, #228]	@ (10002610 <clocks_init+0x244>)
1000252a:	0049      	lsls	r1, r1, #1
1000252c:	6051      	str	r1, [r2, #4]
1000252e:	61e3      	str	r3, [r4, #28]
10002530:	4b4c      	ldr	r3, [pc, #304]	@ (10002664 <clocks_init+0x298>)
10002532:	685a      	ldr	r2, [r3, #4]
10002534:	2aff      	cmp	r2, #255	@ 0xff
10002536:	d800      	bhi.n	1000253a <clocks_init+0x16e>
10002538:	6059      	str	r1, [r3, #4]
1000253a:	2280      	movs	r2, #128	@ 0x80
1000253c:	4b4a      	ldr	r3, [pc, #296]	@ (10002668 <clocks_init+0x29c>)
1000253e:	0112      	lsls	r2, r2, #4
10002540:	601a      	str	r2, [r3, #0]
10002542:	6a21      	ldr	r1, [r4, #32]
10002544:	2900      	cmp	r1, #0
10002546:	d007      	beq.n	10002558 <clocks_init+0x18c>
10002548:	6960      	ldr	r0, [r4, #20]
1000254a:	f000 fa9d 	bl	10002a88 <__wrap___aeabi_uidiv>
1000254e:	3001      	adds	r0, #1
10002550:	0043      	lsls	r3, r0, #1
10002552:	181b      	adds	r3, r3, r0
10002554:	3b03      	subs	r3, #3
10002556:	d2fd      	bcs.n	10002554 <clocks_init+0x188>
10002558:	23e0      	movs	r3, #224	@ 0xe0
1000255a:	4a42      	ldr	r2, [pc, #264]	@ (10002664 <clocks_init+0x298>)
1000255c:	6811      	ldr	r1, [r2, #0]
1000255e:	400b      	ands	r3, r1
10002560:	4942      	ldr	r1, [pc, #264]	@ (1000266c <clocks_init+0x2a0>)
10002562:	600b      	str	r3, [r1, #0]
10002564:	2180      	movs	r1, #128	@ 0x80
10002566:	4b42      	ldr	r3, [pc, #264]	@ (10002670 <clocks_init+0x2a4>)
10002568:	0109      	lsls	r1, r1, #4
1000256a:	6019      	str	r1, [r3, #0]
1000256c:	2380      	movs	r3, #128	@ 0x80
1000256e:	005b      	lsls	r3, r3, #1
10002570:	6053      	str	r3, [r2, #4]
10002572:	2280      	movs	r2, #128	@ 0x80
10002574:	4b26      	ldr	r3, [pc, #152]	@ (10002610 <clocks_init+0x244>)
10002576:	02d2      	lsls	r2, r2, #11
10002578:	6223      	str	r3, [r4, #32]
1000257a:	4b3e      	ldr	r3, [pc, #248]	@ (10002674 <clocks_init+0x2a8>)
1000257c:	6859      	ldr	r1, [r3, #4]
1000257e:	4291      	cmp	r1, r2
10002580:	d200      	bcs.n	10002584 <clocks_init+0x1b8>
10002582:	605a      	str	r2, [r3, #4]
10002584:	2280      	movs	r2, #128	@ 0x80
10002586:	4b3c      	ldr	r3, [pc, #240]	@ (10002678 <clocks_init+0x2ac>)
10002588:	0112      	lsls	r2, r2, #4
1000258a:	601a      	str	r2, [r3, #0]
1000258c:	6a61      	ldr	r1, [r4, #36]	@ 0x24
1000258e:	2900      	cmp	r1, #0
10002590:	d007      	beq.n	100025a2 <clocks_init+0x1d6>
10002592:	6960      	ldr	r0, [r4, #20]
10002594:	f000 fa78 	bl	10002a88 <__wrap___aeabi_uidiv>
10002598:	3001      	adds	r0, #1
1000259a:	0043      	lsls	r3, r0, #1
1000259c:	181b      	adds	r3, r3, r0
1000259e:	3b03      	subs	r3, #3
100025a0:	d2fd      	bcs.n	1000259e <clocks_init+0x1d2>
100025a2:	23e0      	movs	r3, #224	@ 0xe0
100025a4:	4a33      	ldr	r2, [pc, #204]	@ (10002674 <clocks_init+0x2a8>)
100025a6:	6811      	ldr	r1, [r2, #0]
100025a8:	400b      	ands	r3, r1
100025aa:	4934      	ldr	r1, [pc, #208]	@ (1000267c <clocks_init+0x2b0>)
100025ac:	600b      	str	r3, [r1, #0]
100025ae:	2180      	movs	r1, #128	@ 0x80
100025b0:	4b33      	ldr	r3, [pc, #204]	@ (10002680 <clocks_init+0x2b4>)
100025b2:	0109      	lsls	r1, r1, #4
100025b4:	6019      	str	r1, [r3, #0]
100025b6:	2380      	movs	r3, #128	@ 0x80
100025b8:	02db      	lsls	r3, r3, #11
100025ba:	6053      	str	r3, [r2, #4]
100025bc:	4b15      	ldr	r3, [pc, #84]	@ (10002614 <clocks_init+0x248>)
100025be:	6263      	str	r3, [r4, #36]	@ 0x24
100025c0:	4b30      	ldr	r3, [pc, #192]	@ (10002684 <clocks_init+0x2b8>)
100025c2:	685a      	ldr	r2, [r3, #4]
100025c4:	2aff      	cmp	r2, #255	@ 0xff
100025c6:	d802      	bhi.n	100025ce <clocks_init+0x202>
100025c8:	2280      	movs	r2, #128	@ 0x80
100025ca:	0052      	lsls	r2, r2, #1
100025cc:	605a      	str	r2, [r3, #4]
100025ce:	2280      	movs	r2, #128	@ 0x80
100025d0:	4b2d      	ldr	r3, [pc, #180]	@ (10002688 <clocks_init+0x2bc>)
100025d2:	0112      	lsls	r2, r2, #4
100025d4:	601a      	str	r2, [r3, #0]
100025d6:	69a1      	ldr	r1, [r4, #24]
100025d8:	2900      	cmp	r1, #0
100025da:	d007      	beq.n	100025ec <clocks_init+0x220>
100025dc:	6960      	ldr	r0, [r4, #20]
100025de:	f000 fa53 	bl	10002a88 <__wrap___aeabi_uidiv>
100025e2:	3001      	adds	r0, #1
100025e4:	0043      	lsls	r3, r0, #1
100025e6:	181b      	adds	r3, r3, r0
100025e8:	3b03      	subs	r3, #3
100025ea:	d2fd      	bcs.n	100025e8 <clocks_init+0x21c>
100025ec:	23e0      	movs	r3, #224	@ 0xe0
100025ee:	4a25      	ldr	r2, [pc, #148]	@ (10002684 <clocks_init+0x2b8>)
100025f0:	6811      	ldr	r1, [r2, #0]
100025f2:	400b      	ands	r3, r1
100025f4:	4925      	ldr	r1, [pc, #148]	@ (1000268c <clocks_init+0x2c0>)
100025f6:	600b      	str	r3, [r1, #0]
100025f8:	2180      	movs	r1, #128	@ 0x80
100025fa:	4b25      	ldr	r3, [pc, #148]	@ (10002690 <clocks_init+0x2c4>)
100025fc:	0109      	lsls	r1, r1, #4
100025fe:	6019      	str	r1, [r3, #0]
10002600:	2380      	movs	r3, #128	@ 0x80
10002602:	005b      	lsls	r3, r3, #1
10002604:	6053      	str	r3, [r2, #4]
10002606:	4b12      	ldr	r3, [pc, #72]	@ (10002650 <clocks_init+0x284>)
10002608:	61a3      	str	r3, [r4, #24]
1000260a:	e6f7      	b.n	100023fc <clocks_init+0x30>
1000260c:	20001448 	.word	0x20001448
10002610:	02dc6c00 	.word	0x02dc6c00
10002614:	0000b71b 	.word	0x0000b71b
10002618:	40008000 	.word	0x40008000
1000261c:	4000b03c 	.word	0x4000b03c
10002620:	4000b030 	.word	0x4000b030
10002624:	59682f00 	.word	0x59682f00
10002628:	40028000 	.word	0x40028000
1000262c:	47868c00 	.word	0x47868c00
10002630:	4002c000 	.word	0x4002c000
10002634:	40008030 	.word	0x40008030
10002638:	40009030 	.word	0x40009030
1000263c:	4000a030 	.word	0x4000a030
10002640:	00b71b00 	.word	0x00b71b00
10002644:	4000803c 	.word	0x4000803c
10002648:	4000903c 	.word	0x4000903c
1000264c:	4000a03c 	.word	0x4000a03c
10002650:	07735940 	.word	0x07735940
10002654:	40008054 	.word	0x40008054
10002658:	4000b054 	.word	0x4000b054
1000265c:	40009054 	.word	0x40009054
10002660:	4000a054 	.word	0x4000a054
10002664:	40008060 	.word	0x40008060
10002668:	4000b060 	.word	0x4000b060
1000266c:	40009060 	.word	0x40009060
10002670:	4000a060 	.word	0x4000a060
10002674:	4000806c 	.word	0x4000806c
10002678:	4000b06c 	.word	0x4000b06c
1000267c:	4000906c 	.word	0x4000906c
10002680:	4000a06c 	.word	0x4000a06c
10002684:	40008048 	.word	0x40008048
10002688:	4000b048 	.word	0x4000b048
1000268c:	40009048 	.word	0x40009048
10002690:	4000a048 	.word	0x4000a048

10002694 <clock_get_hz>:
10002694:	4b01      	ldr	r3, [pc, #4]	@ (1000269c <clock_get_hz+0x8>)
10002696:	0080      	lsls	r0, r0, #2
10002698:	58c0      	ldr	r0, [r0, r3]
1000269a:	4770      	bx	lr
1000269c:	20001448 	.word	0x20001448

100026a0 <pll_init>:
100026a0:	b5f8      	push	{r3, r4, r5, r6, r7, lr}
100026a2:	0004      	movs	r4, r0
100026a4:	4822      	ldr	r0, [pc, #136]	@ (10002730 <pll_init+0x90>)
100026a6:	001e      	movs	r6, r3
100026a8:	0017      	movs	r7, r2
100026aa:	000d      	movs	r5, r1
100026ac:	f000 f9ec 	bl	10002a88 <__wrap___aeabi_uidiv>
100026b0:	0001      	movs	r1, r0
100026b2:	0038      	movs	r0, r7
100026b4:	f000 f9e8 	bl	10002a88 <__wrap___aeabi_uidiv>
100026b8:	9b06      	ldr	r3, [sp, #24]
100026ba:	0436      	lsls	r6, r6, #16
100026bc:	031b      	lsls	r3, r3, #12
100026be:	431e      	orrs	r6, r3
100026c0:	6823      	ldr	r3, [r4, #0]
100026c2:	2b00      	cmp	r3, #0
100026c4:	db22      	blt.n	1000270c <pll_init+0x6c>
100026c6:	4b1b      	ldr	r3, [pc, #108]	@ (10002734 <pll_init+0x94>)
100026c8:	491b      	ldr	r1, [pc, #108]	@ (10002738 <pll_init+0x98>)
100026ca:	18e3      	adds	r3, r4, r3
100026cc:	1e5a      	subs	r2, r3, #1
100026ce:	4193      	sbcs	r3, r2
100026d0:	2280      	movs	r2, #128	@ 0x80
100026d2:	0192      	lsls	r2, r2, #6
100026d4:	4694      	mov	ip, r2
100026d6:	425b      	negs	r3, r3
100026d8:	0b1b      	lsrs	r3, r3, #12
100026da:	4a18      	ldr	r2, [pc, #96]	@ (1000273c <pll_init+0x9c>)
100026dc:	031b      	lsls	r3, r3, #12
100026de:	4463      	add	r3, ip
100026e0:	6013      	str	r3, [r2, #0]
100026e2:	4a17      	ldr	r2, [pc, #92]	@ (10002740 <pll_init+0xa0>)
100026e4:	6013      	str	r3, [r2, #0]
100026e6:	001f      	movs	r7, r3
100026e8:	688a      	ldr	r2, [r1, #8]
100026ea:	4397      	bics	r7, r2
100026ec:	d1fb      	bne.n	100026e6 <pll_init+0x46>
100026ee:	22c0      	movs	r2, #192	@ 0xc0
100026f0:	1d23      	adds	r3, r4, #4
100026f2:	0192      	lsls	r2, r2, #6
100026f4:	431a      	orrs	r2, r3
100026f6:	2321      	movs	r3, #33	@ 0x21
100026f8:	6025      	str	r5, [r4, #0]
100026fa:	60a0      	str	r0, [r4, #8]
100026fc:	6013      	str	r3, [r2, #0]
100026fe:	6823      	ldr	r3, [r4, #0]
10002700:	2b00      	cmp	r3, #0
10002702:	dafc      	bge.n	100026fe <pll_init+0x5e>
10002704:	2308      	movs	r3, #8
10002706:	60e6      	str	r6, [r4, #12]
10002708:	6013      	str	r3, [r2, #0]
1000270a:	bdf8      	pop	{r3, r4, r5, r6, r7, pc}
1000270c:	233f      	movs	r3, #63	@ 0x3f
1000270e:	6822      	ldr	r2, [r4, #0]
10002710:	4013      	ands	r3, r2
10002712:	42ab      	cmp	r3, r5
10002714:	d1d7      	bne.n	100026c6 <pll_init+0x26>
10002716:	68a3      	ldr	r3, [r4, #8]
10002718:	051b      	lsls	r3, r3, #20
1000271a:	0d1b      	lsrs	r3, r3, #20
1000271c:	4283      	cmp	r3, r0
1000271e:	d1d2      	bne.n	100026c6 <pll_init+0x26>
10002720:	22ee      	movs	r2, #238	@ 0xee
10002722:	68e3      	ldr	r3, [r4, #12]
10002724:	02d2      	lsls	r2, r2, #11
10002726:	4013      	ands	r3, r2
10002728:	42b3      	cmp	r3, r6
1000272a:	d1cc      	bne.n	100026c6 <pll_init+0x26>
1000272c:	e7ed      	b.n	1000270a <pll_init+0x6a>
1000272e:	46c0      	nop			@ (mov r8, r8)
10002730:	00b71b00 	.word	0x00b71b00
10002734:	bffd4000 	.word	0xbffd4000
10002738:	4000c000 	.word	0x4000c000
1000273c:	4000e000 	.word	0x4000e000
10002740:	4000f000 	.word	0x4000f000

10002744 <watchdog_start_tick>:
10002744:	2380      	movs	r3, #128	@ 0x80
10002746:	4a02      	ldr	r2, [pc, #8]	@ (10002750 <watchdog_start_tick+0xc>)
10002748:	009b      	lsls	r3, r3, #2
1000274a:	4303      	orrs	r3, r0
1000274c:	62d3      	str	r3, [r2, #44]	@ 0x2c
1000274e:	4770      	bx	lr
10002750:	40058000 	.word	0x40058000

10002754 <watchdog_reboot>:
10002754:	b510      	push	{r4, lr}
10002756:	2480      	movs	r4, #128	@ 0x80
10002758:	4b1c      	ldr	r3, [pc, #112]	@ (100027cc <watchdog_reboot+0x78>)
1000275a:	05e4      	lsls	r4, r4, #23
1000275c:	601c      	str	r4, [r3, #0]
1000275e:	2800      	cmp	r0, #0
10002760:	d01a      	beq.n	10002798 <watchdog_reboot+0x44>
10002762:	2301      	movs	r3, #1
10002764:	4c1a      	ldr	r4, [pc, #104]	@ (100027d0 <watchdog_reboot+0x7c>)
10002766:	4318      	orrs	r0, r3
10002768:	4b1a      	ldr	r3, [pc, #104]	@ (100027d4 <watchdog_reboot+0x80>)
1000276a:	61dc      	str	r4, [r3, #28]
1000276c:	4c1a      	ldr	r4, [pc, #104]	@ (100027d8 <watchdog_reboot+0x84>)
1000276e:	4044      	eors	r4, r0
10002770:	621c      	str	r4, [r3, #32]
10002772:	6259      	str	r1, [r3, #36]	@ 0x24
10002774:	6298      	str	r0, [r3, #40]	@ 0x28
10002776:	2180      	movs	r1, #128	@ 0x80
10002778:	4b14      	ldr	r3, [pc, #80]	@ (100027cc <watchdog_reboot+0x78>)
1000277a:	05c9      	lsls	r1, r1, #23
1000277c:	6019      	str	r1, [r3, #0]
1000277e:	4817      	ldr	r0, [pc, #92]	@ (100027dc <watchdog_reboot+0x88>)
10002780:	4917      	ldr	r1, [pc, #92]	@ (100027e0 <watchdog_reboot+0x8c>)
10002782:	6008      	str	r0, [r1, #0]
10002784:	21e0      	movs	r1, #224	@ 0xe0
10002786:	04c9      	lsls	r1, r1, #19
10002788:	6019      	str	r1, [r3, #0]
1000278a:	2a00      	cmp	r2, #0
1000278c:	d107      	bne.n	1000279e <watchdog_reboot+0x4a>
1000278e:	2280      	movs	r2, #128	@ 0x80
10002790:	4b14      	ldr	r3, [pc, #80]	@ (100027e4 <watchdog_reboot+0x90>)
10002792:	0612      	lsls	r2, r2, #24
10002794:	601a      	str	r2, [r3, #0]
10002796:	bd10      	pop	{r4, pc}
10002798:	4b0e      	ldr	r3, [pc, #56]	@ (100027d4 <watchdog_reboot+0x80>)
1000279a:	61d8      	str	r0, [r3, #28]
1000279c:	e7eb      	b.n	10002776 <watchdog_reboot+0x22>
1000279e:	0153      	lsls	r3, r2, #5
100027a0:	1a9b      	subs	r3, r3, r2
100027a2:	009b      	lsls	r3, r3, #2
100027a4:	189a      	adds	r2, r3, r2
100027a6:	2380      	movs	r3, #128	@ 0x80
100027a8:	0112      	lsls	r2, r2, #4
100027aa:	045b      	lsls	r3, r3, #17
100027ac:	429a      	cmp	r2, r3
100027ae:	d209      	bcs.n	100027c4 <watchdog_reboot+0x70>
100027b0:	0013      	movs	r3, r2
100027b2:	490d      	ldr	r1, [pc, #52]	@ (100027e8 <watchdog_reboot+0x94>)
100027b4:	600b      	str	r3, [r1, #0]
100027b6:	4b07      	ldr	r3, [pc, #28]	@ (100027d4 <watchdog_reboot+0x80>)
100027b8:	605a      	str	r2, [r3, #4]
100027ba:	2280      	movs	r2, #128	@ 0x80
100027bc:	4b09      	ldr	r3, [pc, #36]	@ (100027e4 <watchdog_reboot+0x90>)
100027be:	05d2      	lsls	r2, r2, #23
100027c0:	601a      	str	r2, [r3, #0]
100027c2:	e7e8      	b.n	10002796 <watchdog_reboot+0x42>
100027c4:	4b09      	ldr	r3, [pc, #36]	@ (100027ec <watchdog_reboot+0x98>)
100027c6:	001a      	movs	r2, r3
100027c8:	e7f3      	b.n	100027b2 <watchdog_reboot+0x5e>
100027ca:	46c0      	nop			@ (mov r8, r8)
100027cc:	4005b000 	.word	0x4005b000
100027d0:	b007c0d3 	.word	0xb007c0d3
100027d4:	40058000 	.word	0x40058000
100027d8:	4ff83f2d 	.word	0x4ff83f2d
100027dc:	0001fffc 	.word	0x0001fffc
100027e0:	40012008 	.word	0x40012008
100027e4:	4005a000 	.word	0x4005a000
100027e8:	20002220 	.word	0x20002220
100027ec:	00ffffff 	.word	0x00ffffff

100027f0 <xosc_init>:
100027f0:	23aa      	movs	r3, #170	@ 0xaa
100027f2:	4a06      	ldr	r2, [pc, #24]	@ (1000280c <xosc_init+0x1c>)
100027f4:	011b      	lsls	r3, r3, #4
100027f6:	6013      	str	r3, [r2, #0]
100027f8:	232f      	movs	r3, #47	@ 0x2f
100027fa:	4905      	ldr	r1, [pc, #20]	@ (10002810 <xosc_init+0x20>)
100027fc:	60d3      	str	r3, [r2, #12]
100027fe:	4b05      	ldr	r3, [pc, #20]	@ (10002814 <xosc_init+0x24>)
10002800:	6019      	str	r1, [r3, #0]
10002802:	6853      	ldr	r3, [r2, #4]
10002804:	2b00      	cmp	r3, #0
10002806:	dafc      	bge.n	10002802 <xosc_init+0x12>
10002808:	4770      	bx	lr
1000280a:	46c0      	nop			@ (mov r8, r8)
1000280c:	40024000 	.word	0x40024000
10002810:	00fab000 	.word	0x00fab000
10002814:	40026000 	.word	0x40026000

10002818 <runtime_init>:
10002818:	4b2c      	ldr	r3, [pc, #176]	@ (100028cc <runtime_init+0xb4>)
1000281a:	4a2d      	ldr	r2, [pc, #180]	@ (100028d0 <runtime_init+0xb8>)
1000281c:	b570      	push	{r4, r5, r6, lr}
1000281e:	601a      	str	r2, [r3, #0]
10002820:	4a2c      	ldr	r2, [pc, #176]	@ (100028d4 <runtime_init+0xbc>)
10002822:	4b2d      	ldr	r3, [pc, #180]	@ (100028d8 <runtime_init+0xc0>)
10002824:	492d      	ldr	r1, [pc, #180]	@ (100028dc <runtime_init+0xc4>)
10002826:	601a      	str	r2, [r3, #0]
10002828:	0014      	movs	r4, r2
1000282a:	688b      	ldr	r3, [r1, #8]
1000282c:	439c      	bics	r4, r3
1000282e:	d1fb      	bne.n	10002828 <runtime_init+0x10>
10002830:	4d2b      	ldr	r5, [pc, #172]	@ (100028e0 <runtime_init+0xc8>)
10002832:	4e2c      	ldr	r6, [pc, #176]	@ (100028e4 <runtime_init+0xcc>)
10002834:	42b5      	cmp	r5, r6
10002836:	d208      	bcs.n	1000284a <runtime_init+0x32>
10002838:	3e01      	subs	r6, #1
1000283a:	1b76      	subs	r6, r6, r5
1000283c:	08b6      	lsrs	r6, r6, #2
1000283e:	cd08      	ldmia	r5!, {r3}
10002840:	4798      	blx	r3
10002842:	0023      	movs	r3, r4
10002844:	3401      	adds	r4, #1
10002846:	42b3      	cmp	r3, r6
10002848:	d1f9      	bne.n	1000283e <runtime_init+0x26>
1000284a:	f7ff fdbf 	bl	100023cc <clocks_init>
1000284e:	4a26      	ldr	r2, [pc, #152]	@ (100028e8 <runtime_init+0xd0>)
10002850:	4b21      	ldr	r3, [pc, #132]	@ (100028d8 <runtime_init+0xc0>)
10002852:	601a      	str	r2, [r3, #0]
10002854:	4a21      	ldr	r2, [pc, #132]	@ (100028dc <runtime_init+0xc4>)
10002856:	6893      	ldr	r3, [r2, #8]
10002858:	43db      	mvns	r3, r3
1000285a:	01db      	lsls	r3, r3, #7
1000285c:	09dd      	lsrs	r5, r3, #7
1000285e:	2b00      	cmp	r3, #0
10002860:	d1f9      	bne.n	10002856 <runtime_init+0x3e>
10002862:	2240      	movs	r2, #64	@ 0x40
10002864:	4b21      	ldr	r3, [pc, #132]	@ (100028ec <runtime_init+0xd4>)
10002866:	4c22      	ldr	r4, [pc, #136]	@ (100028f0 <runtime_init+0xd8>)
10002868:	4e22      	ldr	r6, [pc, #136]	@ (100028f4 <runtime_init+0xdc>)
1000286a:	679a      	str	r2, [r3, #120]	@ 0x78
1000286c:	675a      	str	r2, [r3, #116]	@ 0x74
1000286e:	671a      	str	r2, [r3, #112]	@ 0x70
10002870:	66da      	str	r2, [r3, #108]	@ 0x6c
10002872:	42b4      	cmp	r4, r6
10002874:	d208      	bcs.n	10002888 <runtime_init+0x70>
10002876:	6823      	ldr	r3, [r4, #0]
10002878:	0020      	movs	r0, r4
1000287a:	2b00      	cmp	r3, #0
1000287c:	d020      	beq.n	100028c0 <runtime_init+0xa8>
1000287e:	3408      	adds	r4, #8
10002880:	f7fe fedc 	bl	1000163c <recursive_mutex_init>
10002884:	42b4      	cmp	r4, r6
10002886:	d3f6      	bcc.n	10002876 <runtime_init+0x5e>
10002888:	4c1b      	ldr	r4, [pc, #108]	@ (100028f8 <runtime_init+0xe0>)
1000288a:	4e1c      	ldr	r6, [pc, #112]	@ (100028fc <runtime_init+0xe4>)
1000288c:	22c0      	movs	r2, #192	@ 0xc0
1000288e:	68b1      	ldr	r1, [r6, #8]
10002890:	0020      	movs	r0, r4
10002892:	f000 fa49 	bl	10002d28 <__wrap___aeabi_memcpy>
10002896:	60b4      	str	r4, [r6, #8]
10002898:	f7fe fbce 	bl	10001038 <spin_locks_reset>
1000289c:	f7fe fe90 	bl	100015c0 <irq_init_priorities>
100028a0:	f7ff f884 	bl	100019ac <alarm_pool_init_default>
100028a4:	4c16      	ldr	r4, [pc, #88]	@ (10002900 <runtime_init+0xe8>)
100028a6:	4e17      	ldr	r6, [pc, #92]	@ (10002904 <runtime_init+0xec>)
100028a8:	42b4      	cmp	r4, r6
100028aa:	d208      	bcs.n	100028be <runtime_init+0xa6>
100028ac:	3e01      	subs	r6, #1
100028ae:	1b36      	subs	r6, r6, r4
100028b0:	08b6      	lsrs	r6, r6, #2
100028b2:	cc08      	ldmia	r4!, {r3}
100028b4:	4798      	blx	r3
100028b6:	002b      	movs	r3, r5
100028b8:	3501      	adds	r5, #1
100028ba:	429e      	cmp	r6, r3
100028bc:	d1f9      	bne.n	100028b2 <runtime_init+0x9a>
100028be:	bd70      	pop	{r4, r5, r6, pc}
100028c0:	3408      	adds	r4, #8
100028c2:	f7fe fead 	bl	10001620 <mutex_init>
100028c6:	42b4      	cmp	r4, r6
100028c8:	d3d5      	bcc.n	10002876 <runtime_init+0x5e>
100028ca:	e7dd      	b.n	10002888 <runtime_init+0x70>
100028cc:	4000e000 	.word	0x4000e000
100028d0:	fefbcdbf 	.word	0xfefbcdbf
100028d4:	003c7ffe 	.word	0x003c7ffe
100028d8:	4000f000 	.word	0x4000f000
100028dc:	4000c000 	.word	0x4000c000
100028e0:	20001430 	.word	0x20001430
100028e4:	20001440 	.word	0x20001440
100028e8:	01ffffff 	.word	0x01ffffff
100028ec:	4001f000 	.word	0x4001f000
100028f0:	20001428 	.word	0x20001428
100028f4:	20001430 	.word	0x20001430
100028f8:	20000000 	.word	0x20000000
100028fc:	e000ed00 	.word	0xe000ed00
10002900:	20001440 	.word	0x20001440
10002904:	20001448 	.word	0x20001448

10002908 <_exit>:
10002908:	be00      	bkpt	0x0000
1000290a:	e7fd      	b.n	10002908 <_exit>

1000290c <_sbrk>:
1000290c:	4a09      	ldr	r2, [pc, #36]	@ (10002934 <_sbrk+0x28>)
1000290e:	0003      	movs	r3, r0
10002910:	6810      	ldr	r0, [r2, #0]
10002912:	2800      	cmp	r0, #0
10002914:	d005      	beq.n	10002922 <_sbrk+0x16>
10002916:	4908      	ldr	r1, [pc, #32]	@ (10002938 <_sbrk+0x2c>)
10002918:	18c3      	adds	r3, r0, r3
1000291a:	428b      	cmp	r3, r1
1000291c:	d807      	bhi.n	1000292e <_sbrk+0x22>
1000291e:	6013      	str	r3, [r2, #0]
10002920:	4770      	bx	lr
10002922:	4806      	ldr	r0, [pc, #24]	@ (1000293c <_sbrk+0x30>)
10002924:	4904      	ldr	r1, [pc, #16]	@ (10002938 <_sbrk+0x2c>)
10002926:	18c3      	adds	r3, r0, r3
10002928:	6010      	str	r0, [r2, #0]
1000292a:	428b      	cmp	r3, r1
1000292c:	d9f7      	bls.n	1000291e <_sbrk+0x12>
1000292e:	2001      	movs	r0, #1
10002930:	4240      	negs	r0, r0
10002932:	e7f5      	b.n	10002920 <_sbrk+0x14>
10002934:	20001dcc 	.word	0x20001dcc
10002938:	20040000 	.word	0x20040000
1000293c:	200023a8 	.word	0x200023a8

10002940 <exit>:
10002940:	b510      	push	{r4, lr}
10002942:	f7ff ffe1 	bl	10002908 <_exit>
10002946:	46c0      	nop			@ (mov r8, r8)

10002948 <panic>:
10002948:	b40f      	push	{r0, r1, r2, r3}
1000294a:	b500      	push	{lr}
1000294c:	4808      	ldr	r0, [pc, #32]	@ (10002970 <panic+0x28>)
1000294e:	b083      	sub	sp, #12
10002950:	f000 fa86 	bl	10002e60 <__wrap_puts>
10002954:	9b04      	ldr	r3, [sp, #16]
10002956:	2b00      	cmp	r3, #0
10002958:	d007      	beq.n	1000296a <panic+0x22>
1000295a:	a905      	add	r1, sp, #20
1000295c:	0018      	movs	r0, r3
1000295e:	9101      	str	r1, [sp, #4]
10002960:	f000 f818 	bl	10002994 <weak_raw_vprintf>
10002964:	4803      	ldr	r0, [pc, #12]	@ (10002974 <panic+0x2c>)
10002966:	f000 fa7b 	bl	10002e60 <__wrap_puts>
1000296a:	2001      	movs	r0, #1
1000296c:	f7ff ffcc 	bl	10002908 <_exit>
10002970:	10006178 	.word	0x10006178
10002974:	10006188 	.word	0x10006188

10002978 <hard_assertion_failure>:
10002978:	b510      	push	{r4, lr}
1000297a:	4801      	ldr	r0, [pc, #4]	@ (10002980 <hard_assertion_failure+0x8>)
1000297c:	f7ff ffe4 	bl	10002948 <panic>
10002980:	1000618c 	.word	0x1000618c

10002984 <_out_char>:
10002984:	b510      	push	{r4, lr}
10002986:	2800      	cmp	r0, #0
10002988:	d100      	bne.n	1000298c <_out_char+0x8>
1000298a:	bd10      	pop	{r4, pc}
1000298c:	f000 fa1c 	bl	10002dc8 <__wrap_putchar>
10002990:	e7fb      	b.n	1000298a <_out_char+0x6>
10002992:	46c0      	nop			@ (mov r8, r8)

10002994 <weak_raw_vprintf>:
10002994:	b510      	push	{r4, lr}
10002996:	4a09      	ldr	r2, [pc, #36]	@ (100029bc <weak_raw_vprintf+0x28>)
10002998:	0003      	movs	r3, r0
1000299a:	6814      	ldr	r4, [r2, #0]
1000299c:	b084      	sub	sp, #16
1000299e:	2c00      	cmp	r4, #0
100029a0:	d008      	beq.n	100029b4 <weak_raw_vprintf+0x20>
100029a2:	2201      	movs	r2, #1
100029a4:	9100      	str	r1, [sp, #0]
100029a6:	4806      	ldr	r0, [pc, #24]	@ (100029c0 <weak_raw_vprintf+0x2c>)
100029a8:	4252      	negs	r2, r2
100029aa:	a903      	add	r1, sp, #12
100029ac:	47a0      	blx	r4
100029ae:	2001      	movs	r0, #1
100029b0:	b004      	add	sp, #16
100029b2:	bd10      	pop	{r4, pc}
100029b4:	f000 fa54 	bl	10002e60 <__wrap_puts>
100029b8:	2000      	movs	r0, #0
100029ba:	e7f9      	b.n	100029b0 <weak_raw_vprintf+0x1c>
100029bc:	200021d0 	.word	0x200021d0
100029c0:	10002985 	.word	0x10002985

100029c4 <__aeabi_bits_init>:
100029c4:	4801      	ldr	r0, [pc, #4]	@ (100029cc <__aeabi_bits_init+0x8>)
100029c6:	2104      	movs	r1, #4
100029c8:	4b01      	ldr	r3, [pc, #4]	@ (100029d0 <__aeabi_bits_init+0xc>)
100029ca:	4718      	bx	r3
100029cc:	20000e60 	.word	0x20000e60
100029d0:	100029f5 	.word	0x100029f5

100029d4 <rom_func_lookup>:
100029d4:	2314      	movs	r3, #20
100029d6:	b510      	push	{r4, lr}
100029d8:	0001      	movs	r1, r0
100029da:	8818      	ldrh	r0, [r3, #0]
100029dc:	3304      	adds	r3, #4
100029de:	881b      	ldrh	r3, [r3, #0]
100029e0:	4798      	blx	r3
100029e2:	bd10      	pop	{r4, pc}

100029e4 <rom_data_lookup>:
100029e4:	2316      	movs	r3, #22
100029e6:	b510      	push	{r4, lr}
100029e8:	0001      	movs	r1, r0
100029ea:	8818      	ldrh	r0, [r3, #0]
100029ec:	3302      	adds	r3, #2
100029ee:	881b      	ldrh	r3, [r3, #0]
100029f0:	4798      	blx	r3
100029f2:	bd10      	pop	{r4, pc}

100029f4 <rom_funcs_lookup>:
100029f4:	b5f8      	push	{r3, r4, r5, r6, r7, lr}
100029f6:	4647      	mov	r7, r8
100029f8:	46ce      	mov	lr, r9
100029fa:	b580      	push	{r7, lr}
100029fc:	1e0f      	subs	r7, r1, #0
100029fe:	d019      	beq.n	10002a34 <rom_funcs_lookup+0x40>
10002a00:	2314      	movs	r3, #20
10002a02:	4699      	mov	r9, r3
10002a04:	3304      	adds	r3, #4
10002a06:	0004      	movs	r4, r0
10002a08:	2500      	movs	r5, #0
10002a0a:	2601      	movs	r6, #1
10002a0c:	4698      	mov	r8, r3
10002a0e:	464b      	mov	r3, r9
10002a10:	8818      	ldrh	r0, [r3, #0]
10002a12:	4643      	mov	r3, r8
10002a14:	6821      	ldr	r1, [r4, #0]
10002a16:	881b      	ldrh	r3, [r3, #0]
10002a18:	4798      	blx	r3
10002a1a:	c401      	stmia	r4!, {r0}
10002a1c:	1e43      	subs	r3, r0, #1
10002a1e:	4198      	sbcs	r0, r3
10002a20:	3501      	adds	r5, #1
10002a22:	4240      	negs	r0, r0
10002a24:	4006      	ands	r6, r0
10002a26:	42af      	cmp	r7, r5
10002a28:	d1f1      	bne.n	10002a0e <rom_funcs_lookup+0x1a>
10002a2a:	0030      	movs	r0, r6
10002a2c:	bcc0      	pop	{r6, r7}
10002a2e:	46b9      	mov	r9, r7
10002a30:	46b0      	mov	r8, r6
10002a32:	bdf8      	pop	{r3, r4, r5, r6, r7, pc}
10002a34:	2601      	movs	r6, #1
10002a36:	e7f8      	b.n	10002a2a <rom_funcs_lookup+0x36>

10002a38 <__wrap___aeabi_idiv>:
10002a38:	4a12      	ldr	r2, [pc, #72]	@ (10002a84 <divmod_s32s32_savestate+0x18>)
10002a3a:	6f93      	ldr	r3, [r2, #120]	@ 0x78
10002a3c:	089b      	lsrs	r3, r3, #2
10002a3e:	d215      	bcs.n	10002a6c <divmod_s32s32_savestate>

10002a40 <divmod_s32s32_unsafe>:
10002a40:	6690      	str	r0, [r2, #104]	@ 0x68
10002a42:	66d1      	str	r1, [r2, #108]	@ 0x6c
10002a44:	2900      	cmp	r1, #0
10002a46:	d005      	beq.n	10002a54 <divmod_s32s32_unsafe+0x14>
10002a48:	e7ff      	b.n	10002a4a <divmod_s32s32_unsafe+0xa>
10002a4a:	e7ff      	b.n	10002a4c <divmod_s32s32_unsafe+0xc>
10002a4c:	e7ff      	b.n	10002a4e <divmod_s32s32_unsafe+0xe>
10002a4e:	6f51      	ldr	r1, [r2, #116]	@ 0x74
10002a50:	6f10      	ldr	r0, [r2, #112]	@ 0x70
10002a52:	4770      	bx	lr
10002a54:	b504      	push	{r2, lr}
10002a56:	2180      	movs	r1, #128	@ 0x80
10002a58:	0609      	lsls	r1, r1, #24
10002a5a:	17c2      	asrs	r2, r0, #31
10002a5c:	4051      	eors	r1, r2
10002a5e:	2800      	cmp	r0, #0
10002a60:	d000      	beq.n	10002a64 <divmod_s32s32_unsafe+0x24>
10002a62:	43c8      	mvns	r0, r1
10002a64:	f003 fadc 	bl	10006020 <____aeabi_idiv0_veneer>
10002a68:	2100      	movs	r1, #0
10002a6a:	bd04      	pop	{r2, pc}

10002a6c <divmod_s32s32_savestate>:
10002a6c:	b5f0      	push	{r4, r5, r6, r7, lr}
10002a6e:	6e14      	ldr	r4, [r2, #96]	@ 0x60
10002a70:	6e55      	ldr	r5, [r2, #100]	@ 0x64
10002a72:	6f57      	ldr	r7, [r2, #116]	@ 0x74
10002a74:	6f16      	ldr	r6, [r2, #112]	@ 0x70
10002a76:	f7ff ffe3 	bl	10002a40 <divmod_s32s32_unsafe>
10002a7a:	6614      	str	r4, [r2, #96]	@ 0x60
10002a7c:	6655      	str	r5, [r2, #100]	@ 0x64
10002a7e:	6757      	str	r7, [r2, #116]	@ 0x74
10002a80:	6716      	str	r6, [r2, #112]	@ 0x70
10002a82:	bdf0      	pop	{r4, r5, r6, r7, pc}
10002a84:	d0000000 	.word	0xd0000000

10002a88 <__wrap___aeabi_uidiv>:
10002a88:	4a11      	ldr	r2, [pc, #68]	@ (10002ad0 <divmod_u32u32_savestate+0x18>)
10002a8a:	6f93      	ldr	r3, [r2, #120]	@ 0x78
10002a8c:	089b      	lsrs	r3, r3, #2
10002a8e:	d213      	bcs.n	10002ab8 <divmod_u32u32_savestate>

10002a90 <divmod_u32u32_unsafe>:
10002a90:	6610      	str	r0, [r2, #96]	@ 0x60
10002a92:	6651      	str	r1, [r2, #100]	@ 0x64
10002a94:	2900      	cmp	r1, #0
10002a96:	d005      	beq.n	10002aa4 <divmod_u32u32_unsafe+0x14>
10002a98:	e7ff      	b.n	10002a9a <divmod_u32u32_unsafe+0xa>
10002a9a:	e7ff      	b.n	10002a9c <divmod_u32u32_unsafe+0xc>
10002a9c:	e7ff      	b.n	10002a9e <divmod_u32u32_unsafe+0xe>
10002a9e:	6f51      	ldr	r1, [r2, #116]	@ 0x74
10002aa0:	6f10      	ldr	r0, [r2, #112]	@ 0x70
10002aa2:	4770      	bx	lr
10002aa4:	b504      	push	{r2, lr}
10002aa6:	2800      	cmp	r0, #0
10002aa8:	d001      	beq.n	10002aae <divmod_u32u32_unsafe+0x1e>
10002aaa:	2000      	movs	r0, #0
10002aac:	43c0      	mvns	r0, r0
10002aae:	f003 fab7 	bl	10006020 <____aeabi_idiv0_veneer>
10002ab2:	2100      	movs	r1, #0
10002ab4:	bd04      	pop	{r2, pc}
10002ab6:	46c0      	nop			@ (mov r8, r8)

10002ab8 <divmod_u32u32_savestate>:
10002ab8:	b5f0      	push	{r4, r5, r6, r7, lr}
10002aba:	6e14      	ldr	r4, [r2, #96]	@ 0x60
10002abc:	6e55      	ldr	r5, [r2, #100]	@ 0x64
10002abe:	6f57      	ldr	r7, [r2, #116]	@ 0x74
10002ac0:	6f16      	ldr	r6, [r2, #112]	@ 0x70
10002ac2:	f7ff ffe5 	bl	10002a90 <divmod_u32u32_unsafe>
10002ac6:	6614      	str	r4, [r2, #96]	@ 0x60
10002ac8:	6655      	str	r5, [r2, #100]	@ 0x64
10002aca:	6757      	str	r7, [r2, #116]	@ 0x74
10002acc:	6716      	str	r6, [r2, #112]	@ 0x70
10002ace:	bdf0      	pop	{r4, r5, r6, r7, pc}
10002ad0:	d0000000 	.word	0xd0000000

10002ad4 <missing_double_func_shim>:
10002ad4:	b510      	push	{r4, lr}
10002ad6:	4801      	ldr	r0, [pc, #4]	@ (10002adc <missing_double_func_shim+0x8>)
10002ad8:	f7ff ff36 	bl	10002948 <panic>
10002adc:	10006198 	.word	0x10006198

10002ae0 <__aeabi_double_init>:
10002ae0:	2313      	movs	r3, #19
10002ae2:	b570      	push	{r4, r5, r6, lr}
10002ae4:	781d      	ldrb	r5, [r3, #0]
10002ae6:	2d01      	cmp	r5, #1
10002ae8:	d015      	beq.n	10002b16 <__aeabi_double_init+0x36>
10002aea:	dd10      	ble.n	10002b0e <__aeabi_double_init+0x2e>
10002aec:	481b      	ldr	r0, [pc, #108]	@ (10002b5c <__aeabi_double_init+0x7c>)
10002aee:	f7ff ff79 	bl	100029e4 <rom_data_lookup>
10002af2:	4c1b      	ldr	r4, [pc, #108]	@ (10002b60 <__aeabi_double_init+0x80>)
10002af4:	0001      	movs	r1, r0
10002af6:	2280      	movs	r2, #128	@ 0x80
10002af8:	0020      	movs	r0, r4
10002afa:	f000 f915 	bl	10002d28 <__wrap___aeabi_memcpy>
10002afe:	2d02      	cmp	r5, #2
10002b00:	d006      	beq.n	10002b10 <__aeabi_double_init+0x30>
10002b02:	4818      	ldr	r0, [pc, #96]	@ (10002b64 <__aeabi_double_init+0x84>)
10002b04:	f7ff ff66 	bl	100029d4 <rom_func_lookup>
10002b08:	4b17      	ldr	r3, [pc, #92]	@ (10002b68 <__aeabi_double_init+0x88>)
10002b0a:	6018      	str	r0, [r3, #0]
10002b0c:	bd70      	pop	{r4, r5, r6, pc}
10002b0e:	4c14      	ldr	r4, [pc, #80]	@ (10002b60 <__aeabi_double_init+0x80>)
10002b10:	4b16      	ldr	r3, [pc, #88]	@ (10002b6c <__aeabi_double_init+0x8c>)
10002b12:	64a3      	str	r3, [r4, #72]	@ 0x48
10002b14:	e7f5      	b.n	10002b02 <__aeabi_double_init+0x22>
10002b16:	4b16      	ldr	r3, [pc, #88]	@ (10002b70 <__aeabi_double_init+0x90>)
10002b18:	4c11      	ldr	r4, [pc, #68]	@ (10002b60 <__aeabi_double_init+0x80>)
10002b1a:	6023      	str	r3, [r4, #0]
10002b1c:	6063      	str	r3, [r4, #4]
10002b1e:	60a3      	str	r3, [r4, #8]
10002b20:	60e3      	str	r3, [r4, #12]
10002b22:	6123      	str	r3, [r4, #16]
10002b24:	6163      	str	r3, [r4, #20]
10002b26:	61a3      	str	r3, [r4, #24]
10002b28:	61e3      	str	r3, [r4, #28]
10002b2a:	6223      	str	r3, [r4, #32]
10002b2c:	6263      	str	r3, [r4, #36]	@ 0x24
10002b2e:	62a3      	str	r3, [r4, #40]	@ 0x28
10002b30:	62e3      	str	r3, [r4, #44]	@ 0x2c
10002b32:	6323      	str	r3, [r4, #48]	@ 0x30
10002b34:	6363      	str	r3, [r4, #52]	@ 0x34
10002b36:	63a3      	str	r3, [r4, #56]	@ 0x38
10002b38:	63e3      	str	r3, [r4, #60]	@ 0x3c
10002b3a:	6423      	str	r3, [r4, #64]	@ 0x40
10002b3c:	6463      	str	r3, [r4, #68]	@ 0x44
10002b3e:	64a3      	str	r3, [r4, #72]	@ 0x48
10002b40:	64e3      	str	r3, [r4, #76]	@ 0x4c
10002b42:	6523      	str	r3, [r4, #80]	@ 0x50
10002b44:	6563      	str	r3, [r4, #84]	@ 0x54
10002b46:	65a3      	str	r3, [r4, #88]	@ 0x58
10002b48:	65e3      	str	r3, [r4, #92]	@ 0x5c
10002b4a:	6623      	str	r3, [r4, #96]	@ 0x60
10002b4c:	6663      	str	r3, [r4, #100]	@ 0x64
10002b4e:	66a3      	str	r3, [r4, #104]	@ 0x68
10002b50:	66e3      	str	r3, [r4, #108]	@ 0x6c
10002b52:	6723      	str	r3, [r4, #112]	@ 0x70
10002b54:	6763      	str	r3, [r4, #116]	@ 0x74
10002b56:	67a3      	str	r3, [r4, #120]	@ 0x78
10002b58:	67e3      	str	r3, [r4, #124]	@ 0x7c
10002b5a:	e7d9      	b.n	10002b10 <__aeabi_double_init+0x30>
10002b5c:	00004453 	.word	0x00004453
10002b60:	20001578 	.word	0x20001578
10002b64:	0000334c 	.word	0x0000334c
10002b68:	20002264 	.word	0x20002264
10002b6c:	10002b75 	.word	0x10002b75
10002b70:	10002ad5 	.word	0x10002ad5

10002b74 <double_table_shim_on_use_helper>:
10002b74:	b507      	push	{r0, r1, r2, lr}
10002b76:	4660      	mov	r0, ip
10002b78:	8801      	ldrh	r1, [r0, #0]
10002b7a:	0a0a      	lsrs	r2, r1, #8
10002b7c:	3002      	adds	r0, #2
10002b7e:	2adf      	cmp	r2, #223	@ 0xdf
10002b80:	d1fa      	bne.n	10002b78 <double_table_shim_on_use_helper+0x4>
10002b82:	b2c9      	uxtb	r1, r1
10002b84:	0882      	lsrs	r2, r0, #2
10002b86:	d304      	bcc.n	10002b92 <double_table_shim_on_use_helper+0x1e>
10002b88:	8802      	ldrh	r2, [r0, #0]
10002b8a:	8840      	ldrh	r0, [r0, #2]
10002b8c:	0400      	lsls	r0, r0, #16
10002b8e:	4310      	orrs	r0, r2
10002b90:	e000      	b.n	10002b94 <double_table_shim_on_use_helper+0x20>
10002b92:	6800      	ldr	r0, [r0, #0]
10002b94:	4a01      	ldr	r2, [pc, #4]	@ (10002b9c <double_table_shim_on_use_helper+0x28>)
10002b96:	5050      	str	r0, [r2, r1]
10002b98:	9003      	str	r0, [sp, #12]
10002b9a:	bd07      	pop	{r0, r1, r2, pc}
10002b9c:	20001578 	.word	0x20001578

10002ba0 <__wrap___aeabi_lmul>:
10002ba0:	4351      	muls	r1, r2
10002ba2:	4343      	muls	r3, r0
10002ba4:	18c9      	adds	r1, r1, r3
10002ba6:	468c      	mov	ip, r1
10002ba8:	0c11      	lsrs	r1, r2, #16
10002baa:	b283      	uxth	r3, r0
10002bac:	434b      	muls	r3, r1
10002bae:	b410      	push	{r4}
10002bb0:	0c04      	lsrs	r4, r0, #16
10002bb2:	4361      	muls	r1, r4
10002bb4:	b292      	uxth	r2, r2
10002bb6:	b280      	uxth	r0, r0
10002bb8:	4350      	muls	r0, r2
10002bba:	4362      	muls	r2, r4
10002bbc:	041c      	lsls	r4, r3, #16
10002bbe:	0c1b      	lsrs	r3, r3, #16
10002bc0:	1900      	adds	r0, r0, r4
10002bc2:	bc10      	pop	{r4}
10002bc4:	4159      	adcs	r1, r3
10002bc6:	0413      	lsls	r3, r2, #16
10002bc8:	0c12      	lsrs	r2, r2, #16
10002bca:	18c0      	adds	r0, r0, r3
10002bcc:	4151      	adcs	r1, r2
10002bce:	4461      	add	r1, ip
10002bd0:	4770      	bx	lr
	...

10002bd4 <__wrap___aeabi_frsub>:
10002bd4:	4048      	eors	r0, r1
10002bd6:	4041      	eors	r1, r0
10002bd8:	4048      	eors	r0, r1

10002bda <__wrap___aeabi_fsub>:
10002bda:	4b0e      	ldr	r3, [pc, #56]	@ (10002c14 <__wrap___aeabi_fmul+0x6>)
10002bdc:	685b      	ldr	r3, [r3, #4]
10002bde:	4718      	bx	r3

10002be0 <__wrap___aeabi_fadd>:
10002be0:	4b0c      	ldr	r3, [pc, #48]	@ (10002c14 <__wrap___aeabi_fmul+0x6>)
10002be2:	681b      	ldr	r3, [r3, #0]
10002be4:	4718      	bx	r3

10002be6 <__wrap___aeabi_fdiv>:
10002be6:	4a0c      	ldr	r2, [pc, #48]	@ (10002c18 <__wrap___aeabi_fmul+0xa>)
10002be8:	6f93      	ldr	r3, [r2, #120]	@ 0x78
10002bea:	089b      	lsrs	r3, r3, #2
10002bec:	d202      	bcs.n	10002bf4 <fdiv_save_state>

10002bee <fdiv_shim_call>:
10002bee:	4b09      	ldr	r3, [pc, #36]	@ (10002c14 <__wrap___aeabi_fmul+0x6>)
10002bf0:	68db      	ldr	r3, [r3, #12]
10002bf2:	4718      	bx	r3

10002bf4 <fdiv_save_state>:
10002bf4:	b5f0      	push	{r4, r5, r6, r7, lr}
10002bf6:	6e14      	ldr	r4, [r2, #96]	@ 0x60
10002bf8:	6e55      	ldr	r5, [r2, #100]	@ 0x64
10002bfa:	6f57      	ldr	r7, [r2, #116]	@ 0x74
10002bfc:	6f16      	ldr	r6, [r2, #112]	@ 0x70
10002bfe:	f7ff fff6 	bl	10002bee <fdiv_shim_call>
10002c02:	4a05      	ldr	r2, [pc, #20]	@ (10002c18 <__wrap___aeabi_fmul+0xa>)
10002c04:	6614      	str	r4, [r2, #96]	@ 0x60
10002c06:	6655      	str	r5, [r2, #100]	@ 0x64
10002c08:	6757      	str	r7, [r2, #116]	@ 0x74
10002c0a:	6716      	str	r6, [r2, #112]	@ 0x70
10002c0c:	bdf0      	pop	{r4, r5, r6, r7, pc}

10002c0e <__wrap___aeabi_fmul>:
10002c0e:	4b01      	ldr	r3, [pc, #4]	@ (10002c14 <__wrap___aeabi_fmul+0x6>)
10002c10:	689b      	ldr	r3, [r3, #8]
10002c12:	4718      	bx	r3
10002c14:	20002268 	.word	0x20002268
10002c18:	d0000000 	.word	0xd0000000

10002c1c <__wrap___aeabi_ui2f>:
10002c1c:	1a49      	subs	r1, r1, r1
10002c1e:	2800      	cmp	r0, #0
10002c20:	d108      	bne.n	10002c34 <__aeabi_i2f_main>
10002c22:	4608      	mov	r0, r1
10002c24:	4770      	bx	lr
	...

10002c28 <__wrap___aeabi_i2f>:
10002c28:	0fc1      	lsrs	r1, r0, #31
10002c2a:	07c9      	lsls	r1, r1, #31
10002c2c:	d500      	bpl.n	10002c30 <__wrap___aeabi_i2f+0x8>
10002c2e:	4240      	negs	r0, r0
10002c30:	2800      	cmp	r0, #0
10002c32:	d017      	beq.n	10002c64 <__aeabi_i2f_main+0x30>

10002c34 <__aeabi_i2f_main>:
10002c34:	46f4      	mov	ip, lr
10002c36:	b403      	push	{r0, r1}
10002c38:	4b0b      	ldr	r3, [pc, #44]	@ (10002c68 <__aeabi_i2f_main+0x34>)
10002c3a:	681b      	ldr	r3, [r3, #0]
10002c3c:	4798      	blx	r3
10002c3e:	bc06      	pop	{r1, r2}
10002c40:	4081      	lsls	r1, r0
10002c42:	389e      	subs	r0, #158	@ 0x9e
10002c44:	4240      	negs	r0, r0
10002c46:	3180      	adds	r1, #128	@ 0x80
10002c48:	d207      	bcs.n	10002c5a <__aeabi_i2f_main+0x26>
10002c4a:	060b      	lsls	r3, r1, #24
10002c4c:	d007      	beq.n	10002c5e <__aeabi_i2f_main+0x2a>
10002c4e:	0049      	lsls	r1, r1, #1
10002c50:	0a49      	lsrs	r1, r1, #9
10002c52:	05c0      	lsls	r0, r0, #23
10002c54:	4310      	orrs	r0, r2
10002c56:	4308      	orrs	r0, r1
10002c58:	4760      	bx	ip
10002c5a:	3001      	adds	r0, #1
10002c5c:	e7f8      	b.n	10002c50 <__aeabi_i2f_main+0x1c>
10002c5e:	0a49      	lsrs	r1, r1, #9
10002c60:	0289      	lsls	r1, r1, #10
10002c62:	e7f5      	b.n	10002c50 <__aeabi_i2f_main+0x1c>
10002c64:	4770      	bx	lr
10002c66:	0000      	.short	0x0000
10002c68:	20002264 	.word	0x20002264

10002c6c <__wrap___aeabi_f2uiz>:
10002c6c:	4b01      	ldr	r3, [pc, #4]	@ (10002c74 <__wrap___aeabi_f2uiz+0x8>)
10002c6e:	6a5b      	ldr	r3, [r3, #36]	@ 0x24
10002c70:	4718      	bx	r3
10002c72:	0000      	.short	0x0000
10002c74:	20002268 	.word	0x20002268

10002c78 <missing_float_func_shim>:
10002c78:	b510      	push	{r4, lr}
10002c7a:	4801      	ldr	r0, [pc, #4]	@ (10002c80 <missing_float_func_shim+0x8>)
10002c7c:	f7ff fe64 	bl	10002948 <panic>
10002c80:	100061f4 	.word	0x100061f4

10002c84 <__aeabi_float_init>:
10002c84:	2313      	movs	r3, #19
10002c86:	b510      	push	{r4, lr}
10002c88:	4810      	ldr	r0, [pc, #64]	@ (10002ccc <__aeabi_float_init+0x48>)
10002c8a:	781c      	ldrb	r4, [r3, #0]
10002c8c:	f7ff feaa 	bl	100029e4 <rom_data_lookup>
10002c90:	0001      	movs	r1, r0
10002c92:	2c01      	cmp	r4, #1
10002c94:	d00a      	beq.n	10002cac <__aeabi_float_init+0x28>
10002c96:	dd03      	ble.n	10002ca0 <__aeabi_float_init+0x1c>
10002c98:	2280      	movs	r2, #128	@ 0x80
10002c9a:	480d      	ldr	r0, [pc, #52]	@ (10002cd0 <__aeabi_float_init+0x4c>)
10002c9c:	f000 f844 	bl	10002d28 <__wrap___aeabi_memcpy>
10002ca0:	480c      	ldr	r0, [pc, #48]	@ (10002cd4 <__aeabi_float_init+0x50>)
10002ca2:	f7ff fe97 	bl	100029d4 <rom_func_lookup>
10002ca6:	4b0c      	ldr	r3, [pc, #48]	@ (10002cd8 <__aeabi_float_init+0x54>)
10002ca8:	6018      	str	r0, [r3, #0]
10002caa:	bd10      	pop	{r4, pc}
10002cac:	4c08      	ldr	r4, [pc, #32]	@ (10002cd0 <__aeabi_float_init+0x4c>)
10002cae:	2254      	movs	r2, #84	@ 0x54
10002cb0:	0020      	movs	r0, r4
10002cb2:	f000 f839 	bl	10002d28 <__wrap___aeabi_memcpy>
10002cb6:	0022      	movs	r2, r4
10002cb8:	4908      	ldr	r1, [pc, #32]	@ (10002cdc <__aeabi_float_init+0x58>)
10002cba:	3280      	adds	r2, #128	@ 0x80
10002cbc:	6823      	ldr	r3, [r4, #0]
10002cbe:	2b00      	cmp	r3, #0
10002cc0:	d100      	bne.n	10002cc4 <__aeabi_float_init+0x40>
10002cc2:	6021      	str	r1, [r4, #0]
10002cc4:	3404      	adds	r4, #4
10002cc6:	4294      	cmp	r4, r2
10002cc8:	d1f8      	bne.n	10002cbc <__aeabi_float_init+0x38>
10002cca:	e7e9      	b.n	10002ca0 <__aeabi_float_init+0x1c>
10002ccc:	00004653 	.word	0x00004653
10002cd0:	20002268 	.word	0x20002268
10002cd4:	0000334c 	.word	0x0000334c
10002cd8:	20002264 	.word	0x20002264
10002cdc:	10002c79 	.word	0x10002c79

10002ce0 <__wrap_malloc>:
10002ce0:	b510      	push	{r4, lr}
10002ce2:	0004      	movs	r4, r0
10002ce4:	f002 fcde 	bl	100056a4 <malloc>
10002ce8:	2800      	cmp	r0, #0
10002cea:	d004      	beq.n	10002cf6 <__wrap_malloc+0x16>
10002cec:	4b03      	ldr	r3, [pc, #12]	@ (10002cfc <__wrap_malloc+0x1c>)
10002cee:	1904      	adds	r4, r0, r4
10002cf0:	429c      	cmp	r4, r3
10002cf2:	d800      	bhi.n	10002cf6 <__wrap_malloc+0x16>
10002cf4:	bd10      	pop	{r4, pc}
10002cf6:	4802      	ldr	r0, [pc, #8]	@ (10002d00 <__wrap_malloc+0x20>)
10002cf8:	f7ff fe26 	bl	10002948 <panic>
10002cfc:	20040000 	.word	0x20040000
10002d00:	100061b0 	.word	0x100061b0

10002d04 <__wrap_free>:
10002d04:	b510      	push	{r4, lr}
10002d06:	f002 fcd7 	bl	100056b8 <free>
10002d0a:	bd10      	pop	{r4, pc}

10002d0c <__aeabi_mem_init>:
10002d0c:	4801      	ldr	r0, [pc, #4]	@ (10002d14 <__aeabi_mem_init+0x8>)
10002d0e:	2104      	movs	r1, #4
10002d10:	4b01      	ldr	r3, [pc, #4]	@ (10002d18 <__aeabi_mem_init+0xc>)
10002d12:	4718      	bx	r3
10002d14:	20000e70 	.word	0x20000e70
10002d18:	100029f5 	.word	0x100029f5

10002d1c <__wrap_memset>:
10002d1c:	4b01      	ldr	r3, [pc, #4]	@ (10002d24 <__wrap_memset+0x8>)
10002d1e:	681b      	ldr	r3, [r3, #0]
10002d20:	4718      	bx	r3
10002d22:	0000      	.short	0x0000
10002d24:	20000e70 	.word	0x20000e70

10002d28 <__wrap___aeabi_memcpy>:
10002d28:	4b01      	ldr	r3, [pc, #4]	@ (10002d30 <__wrap___aeabi_memcpy+0x8>)
10002d2a:	685b      	ldr	r3, [r3, #4]
10002d2c:	4718      	bx	r3
10002d2e:	0000      	.short	0x0000
10002d30:	20000e70 	.word	0x20000e70

10002d34 <stdio_out_chars_crlf>:
10002d34:	b5f0      	push	{r4, r5, r6, r7, lr}
10002d36:	46c6      	mov	lr, r8
10002d38:	b500      	push	{lr}
10002d3a:	7d43      	ldrb	r3, [r0, #21]
10002d3c:	0007      	movs	r7, r0
10002d3e:	000d      	movs	r5, r1
10002d40:	0016      	movs	r6, r2
10002d42:	2b00      	cmp	r3, #0
10002d44:	d038      	beq.n	10002db8 <stdio_out_chars_crlf+0x84>
10002d46:	2a00      	cmp	r2, #0
10002d48:	dd2e      	ble.n	10002da8 <stdio_out_chars_crlf+0x74>
10002d4a:	2100      	movs	r1, #0
10002d4c:	1e6a      	subs	r2, r5, #1
10002d4e:	4690      	mov	r8, r2
10002d50:	5c6a      	ldrb	r2, [r5, r1]
10002d52:	7d03      	ldrb	r3, [r0, #20]
10002d54:	1c4c      	adds	r4, r1, #1
10002d56:	2000      	movs	r0, #0
10002d58:	2a0a      	cmp	r2, #10
10002d5a:	d00c      	beq.n	10002d76 <stdio_out_chars_crlf+0x42>
10002d5c:	42a6      	cmp	r6, r4
10002d5e:	d016      	beq.n	10002d8e <stdio_out_chars_crlf+0x5a>
10002d60:	4643      	mov	r3, r8
10002d62:	5d1b      	ldrb	r3, [r3, r4]
10002d64:	0021      	movs	r1, r4
10002d66:	3b0d      	subs	r3, #13
10002d68:	425a      	negs	r2, r3
10002d6a:	4153      	adcs	r3, r2
10002d6c:	5c6a      	ldrb	r2, [r5, r1]
10002d6e:	b2db      	uxtb	r3, r3
10002d70:	1c4c      	adds	r4, r1, #1
10002d72:	2a0a      	cmp	r2, #10
10002d74:	d1f2      	bne.n	10002d5c <stdio_out_chars_crlf+0x28>
10002d76:	2b00      	cmp	r3, #0
10002d78:	d1f0      	bne.n	10002d5c <stdio_out_chars_crlf+0x28>
10002d7a:	4288      	cmp	r0, r1
10002d7c:	db17      	blt.n	10002dae <stdio_out_chars_crlf+0x7a>
10002d7e:	2102      	movs	r1, #2
10002d80:	4810      	ldr	r0, [pc, #64]	@ (10002dc4 <stdio_out_chars_crlf+0x90>)
10002d82:	683b      	ldr	r3, [r7, #0]
10002d84:	4798      	blx	r3
10002d86:	42a6      	cmp	r6, r4
10002d88:	d007      	beq.n	10002d9a <stdio_out_chars_crlf+0x66>
10002d8a:	0020      	movs	r0, r4
10002d8c:	e7e8      	b.n	10002d60 <stdio_out_chars_crlf+0x2c>
10002d8e:	4286      	cmp	r6, r0
10002d90:	dd03      	ble.n	10002d9a <stdio_out_chars_crlf+0x66>
10002d92:	1a31      	subs	r1, r6, r0
10002d94:	683b      	ldr	r3, [r7, #0]
10002d96:	1828      	adds	r0, r5, r0
10002d98:	4798      	blx	r3
10002d9a:	19ad      	adds	r5, r5, r6
10002d9c:	3d01      	subs	r5, #1
10002d9e:	782b      	ldrb	r3, [r5, #0]
10002da0:	3b0d      	subs	r3, #13
10002da2:	425a      	negs	r2, r3
10002da4:	4153      	adcs	r3, r2
10002da6:	753b      	strb	r3, [r7, #20]
10002da8:	bc80      	pop	{r7}
10002daa:	46b8      	mov	r8, r7
10002dac:	bdf0      	pop	{r4, r5, r6, r7, pc}
10002dae:	1a09      	subs	r1, r1, r0
10002db0:	683b      	ldr	r3, [r7, #0]
10002db2:	1828      	adds	r0, r5, r0
10002db4:	4798      	blx	r3
10002db6:	e7e2      	b.n	10002d7e <stdio_out_chars_crlf+0x4a>
10002db8:	6803      	ldr	r3, [r0, #0]
10002dba:	0011      	movs	r1, r2
10002dbc:	0028      	movs	r0, r5
10002dbe:	4798      	blx	r3
10002dc0:	e7f2      	b.n	10002da8 <stdio_out_chars_crlf+0x74>
10002dc2:	46c0      	nop			@ (mov r8, r8)
10002dc4:	1000657c 	.word	0x1000657c

10002dc8 <__wrap_putchar>:
10002dc8:	b5f0      	push	{r4, r5, r6, r7, lr}
10002dca:	46ce      	mov	lr, r9
10002dcc:	4647      	mov	r7, r8
10002dce:	b580      	push	{r7, lr}
10002dd0:	b083      	sub	sp, #12
10002dd2:	466b      	mov	r3, sp
10002dd4:	0006      	movs	r6, r0
10002dd6:	1ddd      	adds	r5, r3, #7
10002dd8:	7028      	strb	r0, [r5, #0]
10002dda:	f7ff f843 	bl	10001e64 <time_us_64>
10002dde:	2300      	movs	r3, #0
10002de0:	4a1a      	ldr	r2, [pc, #104]	@ (10002e4c <__wrap_putchar+0x84>)
10002de2:	1812      	adds	r2, r2, r0
10002de4:	414b      	adcs	r3, r1
10002de6:	2180      	movs	r1, #128	@ 0x80
10002de8:	0609      	lsls	r1, r1, #24
10002dea:	428b      	cmp	r3, r1
10002dec:	d302      	bcc.n	10002df4 <__wrap_putchar+0x2c>
10002dee:	2201      	movs	r2, #1
10002df0:	4b17      	ldr	r3, [pc, #92]	@ (10002e50 <__wrap_putchar+0x88>)
10002df2:	4252      	negs	r2, r2
10002df4:	4917      	ldr	r1, [pc, #92]	@ (10002e54 <__wrap_putchar+0x8c>)
10002df6:	0008      	movs	r0, r1
10002df8:	4688      	mov	r8, r1
10002dfa:	f003 f929 	bl	10006050 <__mutex_try_enter_block_until_veneer>
10002dfe:	4b16      	ldr	r3, [pc, #88]	@ (10002e58 <__wrap_putchar+0x90>)
10002e00:	4681      	mov	r9, r0
10002e02:	681c      	ldr	r4, [r3, #0]
10002e04:	2c00      	cmp	r4, #0
10002e06:	d014      	beq.n	10002e32 <__wrap_putchar+0x6a>
10002e08:	4f14      	ldr	r7, [pc, #80]	@ (10002e5c <__wrap_putchar+0x94>)
10002e0a:	e002      	b.n	10002e12 <__wrap_putchar+0x4a>
10002e0c:	6924      	ldr	r4, [r4, #16]
10002e0e:	2c00      	cmp	r4, #0
10002e10:	d00f      	beq.n	10002e32 <__wrap_putchar+0x6a>
10002e12:	6823      	ldr	r3, [r4, #0]
10002e14:	2b00      	cmp	r3, #0
10002e16:	d0f9      	beq.n	10002e0c <__wrap_putchar+0x44>
10002e18:	683b      	ldr	r3, [r7, #0]
10002e1a:	2b00      	cmp	r3, #0
10002e1c:	d001      	beq.n	10002e22 <__wrap_putchar+0x5a>
10002e1e:	42a3      	cmp	r3, r4
10002e20:	d1f4      	bne.n	10002e0c <__wrap_putchar+0x44>
10002e22:	0020      	movs	r0, r4
10002e24:	2201      	movs	r2, #1
10002e26:	0029      	movs	r1, r5
10002e28:	f7ff ff84 	bl	10002d34 <stdio_out_chars_crlf>
10002e2c:	6924      	ldr	r4, [r4, #16]
10002e2e:	2c00      	cmp	r4, #0
10002e30:	d1ef      	bne.n	10002e12 <__wrap_putchar+0x4a>
10002e32:	464b      	mov	r3, r9
10002e34:	2b00      	cmp	r3, #0
10002e36:	d105      	bne.n	10002e44 <__wrap_putchar+0x7c>
10002e38:	0030      	movs	r0, r6
10002e3a:	b003      	add	sp, #12
10002e3c:	bcc0      	pop	{r6, r7}
10002e3e:	46b9      	mov	r9, r7
10002e40:	46b0      	mov	r8, r6
10002e42:	bdf0      	pop	{r4, r5, r6, r7, pc}
10002e44:	4640      	mov	r0, r8
10002e46:	f003 f8e3 	bl	10006010 <__mutex_exit_veneer>
10002e4a:	e7f5      	b.n	10002e38 <__wrap_putchar+0x70>
10002e4c:	000f4240 	.word	0x000f4240
10002e50:	7fffffff 	.word	0x7fffffff
10002e54:	20001428 	.word	0x20001428
10002e58:	20001dbc 	.word	0x20001dbc
10002e5c:	20001dc8 	.word	0x20001dc8

10002e60 <__wrap_puts>:
10002e60:	b5f0      	push	{r4, r5, r6, r7, lr}
10002e62:	46de      	mov	lr, fp
10002e64:	4657      	mov	r7, sl
10002e66:	464e      	mov	r6, r9
10002e68:	4645      	mov	r5, r8
10002e6a:	b5e0      	push	{r5, r6, r7, lr}
10002e6c:	b085      	sub	sp, #20
10002e6e:	0007      	movs	r7, r0
10002e70:	f002 ff48 	bl	10005d04 <strlen>
10002e74:	0006      	movs	r6, r0
10002e76:	f7fe fff5 	bl	10001e64 <time_us_64>
10002e7a:	2300      	movs	r3, #0
10002e7c:	4a2b      	ldr	r2, [pc, #172]	@ (10002f2c <__wrap_puts+0xcc>)
10002e7e:	1812      	adds	r2, r2, r0
10002e80:	414b      	adcs	r3, r1
10002e82:	2180      	movs	r1, #128	@ 0x80
10002e84:	0609      	lsls	r1, r1, #24
10002e86:	428b      	cmp	r3, r1
10002e88:	d302      	bcc.n	10002e90 <__wrap_puts+0x30>
10002e8a:	2201      	movs	r2, #1
10002e8c:	4b28      	ldr	r3, [pc, #160]	@ (10002f30 <__wrap_puts+0xd0>)
10002e8e:	4252      	negs	r2, r2
10002e90:	4928      	ldr	r1, [pc, #160]	@ (10002f34 <__wrap_puts+0xd4>)
10002e92:	0008      	movs	r0, r1
10002e94:	468b      	mov	fp, r1
10002e96:	f003 f8db 	bl	10006050 <__mutex_try_enter_block_until_veneer>
10002e9a:	4b27      	ldr	r3, [pc, #156]	@ (10002f38 <__wrap_puts+0xd8>)
10002e9c:	9001      	str	r0, [sp, #4]
10002e9e:	681c      	ldr	r4, [r3, #0]
10002ea0:	469a      	mov	sl, r3
10002ea2:	2c00      	cmp	r4, #0
10002ea4:	d03b      	beq.n	10002f1e <__wrap_puts+0xbe>
10002ea6:	4b25      	ldr	r3, [pc, #148]	@ (10002f3c <__wrap_puts+0xdc>)
10002ea8:	4698      	mov	r8, r3
10002eaa:	ab02      	add	r3, sp, #8
10002eac:	1ddd      	adds	r5, r3, #7
10002eae:	230a      	movs	r3, #10
10002eb0:	4699      	mov	r9, r3
10002eb2:	e002      	b.n	10002eba <__wrap_puts+0x5a>
10002eb4:	6924      	ldr	r4, [r4, #16]
10002eb6:	2c00      	cmp	r4, #0
10002eb8:	d017      	beq.n	10002eea <__wrap_puts+0x8a>
10002eba:	6823      	ldr	r3, [r4, #0]
10002ebc:	2b00      	cmp	r3, #0
10002ebe:	d0f9      	beq.n	10002eb4 <__wrap_puts+0x54>
10002ec0:	4643      	mov	r3, r8
10002ec2:	681b      	ldr	r3, [r3, #0]
10002ec4:	2b00      	cmp	r3, #0
10002ec6:	d001      	beq.n	10002ecc <__wrap_puts+0x6c>
10002ec8:	429c      	cmp	r4, r3
10002eca:	d1f3      	bne.n	10002eb4 <__wrap_puts+0x54>
10002ecc:	0020      	movs	r0, r4
10002ece:	0032      	movs	r2, r6
10002ed0:	0039      	movs	r1, r7
10002ed2:	f7ff ff2f 	bl	10002d34 <stdio_out_chars_crlf>
10002ed6:	464b      	mov	r3, r9
10002ed8:	0020      	movs	r0, r4
10002eda:	2201      	movs	r2, #1
10002edc:	0029      	movs	r1, r5
10002ede:	702b      	strb	r3, [r5, #0]
10002ee0:	f7ff ff28 	bl	10002d34 <stdio_out_chars_crlf>
10002ee4:	6924      	ldr	r4, [r4, #16]
10002ee6:	2c00      	cmp	r4, #0
10002ee8:	d1e7      	bne.n	10002eba <__wrap_puts+0x5a>
10002eea:	9b01      	ldr	r3, [sp, #4]
10002eec:	2b00      	cmp	r3, #0
10002eee:	d118      	bne.n	10002f22 <__wrap_puts+0xc2>
10002ef0:	4653      	mov	r3, sl
10002ef2:	681c      	ldr	r4, [r3, #0]
10002ef4:	2c00      	cmp	r4, #0
10002ef6:	d006      	beq.n	10002f06 <__wrap_puts+0xa6>
10002ef8:	6863      	ldr	r3, [r4, #4]
10002efa:	2b00      	cmp	r3, #0
10002efc:	d00b      	beq.n	10002f16 <__wrap_puts+0xb6>
10002efe:	4798      	blx	r3
10002f00:	6924      	ldr	r4, [r4, #16]
10002f02:	2c00      	cmp	r4, #0
10002f04:	d1f8      	bne.n	10002ef8 <__wrap_puts+0x98>
10002f06:	0030      	movs	r0, r6
10002f08:	b005      	add	sp, #20
10002f0a:	bcf0      	pop	{r4, r5, r6, r7}
10002f0c:	46bb      	mov	fp, r7
10002f0e:	46b2      	mov	sl, r6
10002f10:	46a9      	mov	r9, r5
10002f12:	46a0      	mov	r8, r4
10002f14:	bdf0      	pop	{r4, r5, r6, r7, pc}
10002f16:	6924      	ldr	r4, [r4, #16]
10002f18:	2c00      	cmp	r4, #0
10002f1a:	d1ed      	bne.n	10002ef8 <__wrap_puts+0x98>
10002f1c:	e7f3      	b.n	10002f06 <__wrap_puts+0xa6>
10002f1e:	2800      	cmp	r0, #0
10002f20:	d0f1      	beq.n	10002f06 <__wrap_puts+0xa6>
10002f22:	4658      	mov	r0, fp
10002f24:	f003 f874 	bl	10006010 <__mutex_exit_veneer>
10002f28:	e7e2      	b.n	10002ef0 <__wrap_puts+0x90>
10002f2a:	46c0      	nop			@ (mov r8, r8)
10002f2c:	000f4240 	.word	0x000f4240
10002f30:	7fffffff 	.word	0x7fffffff
10002f34:	20001428 	.word	0x20001428
10002f38:	20001dbc 	.word	0x20001dbc
10002f3c:	20001dc8 	.word	0x20001dc8

10002f40 <stdio_set_driver_enabled>:
10002f40:	4a0a      	ldr	r2, [pc, #40]	@ (10002f6c <stdio_set_driver_enabled+0x2c>)
10002f42:	6813      	ldr	r3, [r2, #0]
10002f44:	2b00      	cmp	r3, #0
10002f46:	d105      	bne.n	10002f54 <stdio_set_driver_enabled+0x14>
10002f48:	e00c      	b.n	10002f64 <stdio_set_driver_enabled+0x24>
10002f4a:	001a      	movs	r2, r3
10002f4c:	691b      	ldr	r3, [r3, #16]
10002f4e:	3210      	adds	r2, #16
10002f50:	2b00      	cmp	r3, #0
10002f52:	d007      	beq.n	10002f64 <stdio_set_driver_enabled+0x24>
10002f54:	4298      	cmp	r0, r3
10002f56:	d1f8      	bne.n	10002f4a <stdio_set_driver_enabled+0xa>
10002f58:	2900      	cmp	r1, #0
10002f5a:	d102      	bne.n	10002f62 <stdio_set_driver_enabled+0x22>
10002f5c:	6903      	ldr	r3, [r0, #16]
10002f5e:	6013      	str	r3, [r2, #0]
10002f60:	6101      	str	r1, [r0, #16]
10002f62:	4770      	bx	lr
10002f64:	2900      	cmp	r1, #0
10002f66:	d0fc      	beq.n	10002f62 <stdio_set_driver_enabled+0x22>
10002f68:	6010      	str	r0, [r2, #0]
10002f6a:	e7fa      	b.n	10002f62 <stdio_set_driver_enabled+0x22>
10002f6c:	20001dbc 	.word	0x20001dbc

10002f70 <stdio_init_all>:
10002f70:	b510      	push	{r4, lr}
10002f72:	f000 f9d9 	bl	10003328 <stdio_usb_init>
10002f76:	bd10      	pop	{r4, pc}

10002f78 <resetd_init>:
10002f78:	4770      	bx	lr
10002f7a:	46c0      	nop			@ (mov r8, r8)

10002f7c <resetd_reset>:
10002f7c:	2200      	movs	r2, #0
10002f7e:	4b01      	ldr	r3, [pc, #4]	@ (10002f84 <resetd_reset+0x8>)
10002f80:	701a      	strb	r2, [r3, #0]
10002f82:	4770      	bx	lr
10002f84:	200023a3 	.word	0x200023a3

10002f88 <resetd_open>:
10002f88:	794b      	ldrb	r3, [r1, #5]
10002f8a:	2000      	movs	r0, #0
10002f8c:	2bff      	cmp	r3, #255	@ 0xff
10002f8e:	d10b      	bne.n	10002fa8 <resetd_open+0x20>
10002f90:	798b      	ldrb	r3, [r1, #6]
10002f92:	2b00      	cmp	r3, #0
10002f94:	d108      	bne.n	10002fa8 <resetd_open+0x20>
10002f96:	79cb      	ldrb	r3, [r1, #7]
10002f98:	2b01      	cmp	r3, #1
10002f9a:	d105      	bne.n	10002fa8 <resetd_open+0x20>
10002f9c:	2a08      	cmp	r2, #8
10002f9e:	d903      	bls.n	10002fa8 <resetd_open+0x20>
10002fa0:	4b02      	ldr	r3, [pc, #8]	@ (10002fac <resetd_open+0x24>)
10002fa2:	788a      	ldrb	r2, [r1, #2]
10002fa4:	3009      	adds	r0, #9
10002fa6:	701a      	strb	r2, [r3, #0]
10002fa8:	4770      	bx	lr
10002faa:	46c0      	nop			@ (mov r8, r8)
10002fac:	200023a3 	.word	0x200023a3

10002fb0 <resetd_xfer_cb>:
10002fb0:	2001      	movs	r0, #1
10002fb2:	4770      	bx	lr

10002fb4 <resetd_control_xfer_cb>:
10002fb4:	b570      	push	{r4, r5, r6, lr}
10002fb6:	2901      	cmp	r1, #1
10002fb8:	d001      	beq.n	10002fbe <resetd_control_xfer_cb+0xa>
10002fba:	2001      	movs	r0, #1
10002fbc:	bd70      	pop	{r4, r5, r6, pc}
10002fbe:	4913      	ldr	r1, [pc, #76]	@ (1000300c <resetd_control_xfer_cb+0x58>)
10002fc0:	7953      	ldrb	r3, [r2, #5]
10002fc2:	7910      	ldrb	r0, [r2, #4]
10002fc4:	7809      	ldrb	r1, [r1, #0]
10002fc6:	021b      	lsls	r3, r3, #8
10002fc8:	4303      	orrs	r3, r0
10002fca:	2000      	movs	r0, #0
10002fcc:	4299      	cmp	r1, r3
10002fce:	d1f5      	bne.n	10002fbc <resetd_control_xfer_cb+0x8>
10002fd0:	7853      	ldrb	r3, [r2, #1]
10002fd2:	2b01      	cmp	r3, #1
10002fd4:	d008      	beq.n	10002fe8 <resetd_control_xfer_cb+0x34>
10002fd6:	2b02      	cmp	r3, #2
10002fd8:	d1f0      	bne.n	10002fbc <resetd_control_xfer_cb+0x8>
10002fda:	2000      	movs	r0, #0
10002fdc:	2264      	movs	r2, #100	@ 0x64
10002fde:	2100      	movs	r1, #0
10002fe0:	f7ff fbb8 	bl	10002754 <watchdog_reboot>
10002fe4:	2001      	movs	r0, #1
10002fe6:	e7e9      	b.n	10002fbc <resetd_control_xfer_cb+0x8>
10002fe8:	7894      	ldrb	r4, [r2, #2]
10002fea:	78d2      	ldrb	r2, [r2, #3]
10002fec:	0005      	movs	r5, r0
10002fee:	0212      	lsls	r2, r2, #8
10002ff0:	4314      	orrs	r4, r2
10002ff2:	05d2      	lsls	r2, r2, #23
10002ff4:	d502      	bpl.n	10002ffc <resetd_control_xfer_cb+0x48>
10002ff6:	0a62      	lsrs	r2, r4, #9
10002ff8:	4093      	lsls	r3, r2
10002ffa:	001d      	movs	r5, r3
10002ffc:	4804      	ldr	r0, [pc, #16]	@ (10003010 <resetd_control_xfer_cb+0x5c>)
10002ffe:	f7ff fce9 	bl	100029d4 <rom_func_lookup>
10003002:	217f      	movs	r1, #127	@ 0x7f
10003004:	0003      	movs	r3, r0
10003006:	4021      	ands	r1, r4
10003008:	0028      	movs	r0, r5
1000300a:	4798      	blx	r3
1000300c:	200023a3 	.word	0x200023a3
10003010:	00004255 	.word	0x00004255

10003014 <usbd_app_driver_get_cb>:
10003014:	2301      	movs	r3, #1
10003016:	7003      	strb	r3, [r0, #0]
10003018:	4800      	ldr	r0, [pc, #0]	@ (1000301c <usbd_app_driver_get_cb+0x8>)
1000301a:	4770      	bx	lr
1000301c:	10006580 	.word	0x10006580

10003020 <tud_cdc_line_coding_cb>:
10003020:	784b      	ldrb	r3, [r1, #1]
10003022:	780a      	ldrb	r2, [r1, #0]
10003024:	021b      	lsls	r3, r3, #8
10003026:	4313      	orrs	r3, r2
10003028:	788a      	ldrb	r2, [r1, #2]
1000302a:	b510      	push	{r4, lr}
1000302c:	0412      	lsls	r2, r2, #16
1000302e:	431a      	orrs	r2, r3
10003030:	78cb      	ldrb	r3, [r1, #3]
10003032:	061b      	lsls	r3, r3, #24
10003034:	4313      	orrs	r3, r2
10003036:	2296      	movs	r2, #150	@ 0x96
10003038:	00d2      	lsls	r2, r2, #3
1000303a:	4293      	cmp	r3, r2
1000303c:	d000      	beq.n	10003040 <tud_cdc_line_coding_cb+0x20>
1000303e:	bd10      	pop	{r4, pc}
10003040:	4803      	ldr	r0, [pc, #12]	@ (10003050 <tud_cdc_line_coding_cb+0x30>)
10003042:	f7ff fcc7 	bl	100029d4 <rom_func_lookup>
10003046:	2100      	movs	r1, #0
10003048:	0003      	movs	r3, r0
1000304a:	0008      	movs	r0, r1
1000304c:	4798      	blx	r3
1000304e:	46c0      	nop			@ (mov r8, r8)
10003050:	00004255 	.word	0x00004255

10003054 <stdio_usb_set_chars_available_callback>:
10003054:	4b02      	ldr	r3, [pc, #8]	@ (10003060 <stdio_usb_set_chars_available_callback+0xc>)
10003056:	6018      	str	r0, [r3, #0]
10003058:	4b02      	ldr	r3, [pc, #8]	@ (10003064 <stdio_usb_set_chars_available_callback+0x10>)
1000305a:	6019      	str	r1, [r3, #0]
1000305c:	4770      	bx	lr
1000305e:	46c0      	nop			@ (mov r8, r8)
10003060:	20001d44 	.word	0x20001d44
10003064:	20001d48 	.word	0x20001d48

10003068 <usb_irq>:
10003068:	b510      	push	{r4, lr}
1000306a:	4b02      	ldr	r3, [pc, #8]	@ (10003074 <usb_irq+0xc>)
1000306c:	7818      	ldrb	r0, [r3, #0]
1000306e:	f7fe f821 	bl	100010b4 <irq_set_pending>
10003072:	bd10      	pop	{r4, pc}
10003074:	200023a4 	.word	0x200023a4

10003078 <timer_task>:
10003078:	4b11      	ldr	r3, [pc, #68]	@ (100030c0 <timer_task+0x48>)
1000307a:	b570      	push	{r4, r5, r6, lr}
1000307c:	681a      	ldr	r2, [r3, #0]
1000307e:	2a00      	cmp	r2, #0
10003080:	d01a      	beq.n	100030b8 <timer_task+0x40>
10003082:	f3ef 8110 	mrs	r1, PRIMASK
10003086:	b672      	cpsid	i
10003088:	6810      	ldr	r0, [r2, #0]
1000308a:	2800      	cmp	r0, #0
1000308c:	d0fc      	beq.n	10003088 <timer_task+0x10>
1000308e:	f3bf 8f5f 	dmb	sy
10003092:	2000      	movs	r0, #0
10003094:	4a0b      	ldr	r2, [pc, #44]	@ (100030c4 <timer_task+0x4c>)
10003096:	6059      	str	r1, [r3, #4]
10003098:	7010      	strb	r0, [r2, #0]
1000309a:	681b      	ldr	r3, [r3, #0]
1000309c:	f3bf 8f5f 	dmb	sy
100030a0:	6018      	str	r0, [r3, #0]
100030a2:	f381 8810 	msr	PRIMASK, r1
100030a6:	2400      	movs	r4, #0
100030a8:	2500      	movs	r5, #0
100030aa:	4b07      	ldr	r3, [pc, #28]	@ (100030c8 <timer_task+0x50>)
100030ac:	7818      	ldrb	r0, [r3, #0]
100030ae:	f7fe f801 	bl	100010b4 <irq_set_pending>
100030b2:	0029      	movs	r1, r5
100030b4:	0020      	movs	r0, r4
100030b6:	bd70      	pop	{r4, r5, r6, pc}
100030b8:	24fa      	movs	r4, #250	@ 0xfa
100030ba:	2500      	movs	r5, #0
100030bc:	00a4      	lsls	r4, r4, #2
100030be:	e7f4      	b.n	100030aa <timer_task+0x32>
100030c0:	20002244 	.word	0x20002244
100030c4:	200023a5 	.word	0x200023a5
100030c8:	200023a4 	.word	0x200023a4

100030cc <stdio_usb_in_chars>:
100030cc:	b570      	push	{r4, r5, r6, lr}
100030ce:	0004      	movs	r4, r0
100030d0:	2000      	movs	r0, #0
100030d2:	000e      	movs	r6, r1
100030d4:	f001 fae8 	bl	100046a8 <tud_cdc_n_connected>
100030d8:	2800      	cmp	r0, #0
100030da:	d036      	beq.n	1000314a <stdio_usb_in_chars+0x7e>
100030dc:	2000      	movs	r0, #0
100030de:	f001 fafb 	bl	100046d8 <tud_cdc_n_available>
100030e2:	2800      	cmp	r0, #0
100030e4:	d031      	beq.n	1000314a <stdio_usb_in_chars+0x7e>
100030e6:	f7fe febd 	bl	10001e64 <time_us_64>
100030ea:	2300      	movs	r3, #0
100030ec:	4a18      	ldr	r2, [pc, #96]	@ (10003150 <stdio_usb_in_chars+0x84>)
100030ee:	1812      	adds	r2, r2, r0
100030f0:	414b      	adcs	r3, r1
100030f2:	2180      	movs	r1, #128	@ 0x80
100030f4:	0609      	lsls	r1, r1, #24
100030f6:	428b      	cmp	r3, r1
100030f8:	d216      	bcs.n	10003128 <stdio_usb_in_chars+0x5c>
100030fa:	4d16      	ldr	r5, [pc, #88]	@ (10003154 <stdio_usb_in_chars+0x88>)
100030fc:	0028      	movs	r0, r5
100030fe:	f002 ffa7 	bl	10006050 <__mutex_try_enter_block_until_veneer>
10003102:	2800      	cmp	r0, #0
10003104:	d021      	beq.n	1000314a <stdio_usb_in_chars+0x7e>
10003106:	2000      	movs	r0, #0
10003108:	f001 face 	bl	100046a8 <tud_cdc_n_connected>
1000310c:	2800      	cmp	r0, #0
1000310e:	d10f      	bne.n	10003130 <stdio_usb_in_chars+0x64>
10003110:	2001      	movs	r0, #1
10003112:	2100      	movs	r1, #0
10003114:	4240      	negs	r0, r0
10003116:	f000 fcc1 	bl	10003a9c <tud_task_ext>
1000311a:	2403      	movs	r4, #3
1000311c:	4264      	negs	r4, r4
1000311e:	0028      	movs	r0, r5
10003120:	f002 ff76 	bl	10006010 <__mutex_exit_veneer>
10003124:	0020      	movs	r0, r4
10003126:	bd70      	pop	{r4, r5, r6, pc}
10003128:	2201      	movs	r2, #1
1000312a:	4b0b      	ldr	r3, [pc, #44]	@ (10003158 <stdio_usb_in_chars+0x8c>)
1000312c:	4252      	negs	r2, r2
1000312e:	e7e4      	b.n	100030fa <stdio_usb_in_chars+0x2e>
10003130:	2000      	movs	r0, #0
10003132:	f001 fad1 	bl	100046d8 <tud_cdc_n_available>
10003136:	2800      	cmp	r0, #0
10003138:	d0ea      	beq.n	10003110 <stdio_usb_in_chars+0x44>
1000313a:	0021      	movs	r1, r4
1000313c:	0032      	movs	r2, r6
1000313e:	2000      	movs	r0, #0
10003140:	f001 fad6 	bl	100046f0 <tud_cdc_n_read>
10003144:	1e04      	subs	r4, r0, #0
10003146:	d1ea      	bne.n	1000311e <stdio_usb_in_chars+0x52>
10003148:	e7e7      	b.n	1000311a <stdio_usb_in_chars+0x4e>
1000314a:	2403      	movs	r4, #3
1000314c:	4264      	negs	r4, r4
1000314e:	e7e9      	b.n	10003124 <stdio_usb_in_chars+0x58>
10003150:	000f4240 	.word	0x000f4240
10003154:	20002370 	.word	0x20002370
10003158:	7fffffff 	.word	0x7fffffff

1000315c <stdio_usb_out_chars>:
1000315c:	b5f8      	push	{r3, r4, r5, r6, r7, lr}
1000315e:	46de      	mov	lr, fp
10003160:	4657      	mov	r7, sl
10003162:	b580      	push	{r7, lr}
10003164:	0005      	movs	r5, r0
10003166:	000c      	movs	r4, r1
10003168:	f7fe fe7c 	bl	10001e64 <time_us_64>
1000316c:	2300      	movs	r3, #0
1000316e:	4a37      	ldr	r2, [pc, #220]	@ (1000324c <stdio_usb_out_chars+0xf0>)
10003170:	1812      	adds	r2, r2, r0
10003172:	414b      	adcs	r3, r1
10003174:	2180      	movs	r1, #128	@ 0x80
10003176:	0609      	lsls	r1, r1, #24
10003178:	428b      	cmp	r3, r1
1000317a:	d302      	bcc.n	10003182 <stdio_usb_out_chars+0x26>
1000317c:	2201      	movs	r2, #1
1000317e:	4b34      	ldr	r3, [pc, #208]	@ (10003250 <stdio_usb_out_chars+0xf4>)
10003180:	4252      	negs	r2, r2
10003182:	4934      	ldr	r1, [pc, #208]	@ (10003254 <stdio_usb_out_chars+0xf8>)
10003184:	0008      	movs	r0, r1
10003186:	468a      	mov	sl, r1
10003188:	f002 ff62 	bl	10006050 <__mutex_try_enter_block_until_veneer>
1000318c:	2800      	cmp	r0, #0
1000318e:	d103      	bne.n	10003198 <stdio_usb_out_chars+0x3c>
10003190:	bcc0      	pop	{r6, r7}
10003192:	46bb      	mov	fp, r7
10003194:	46b2      	mov	sl, r6
10003196:	bdf8      	pop	{r3, r4, r5, r6, r7, pc}
10003198:	2000      	movs	r0, #0
1000319a:	f001 fa85 	bl	100046a8 <tud_cdc_n_connected>
1000319e:	2800      	cmp	r0, #0
100031a0:	d04a      	beq.n	10003238 <stdio_usb_out_chars+0xdc>
100031a2:	2600      	movs	r6, #0
100031a4:	2c00      	cmp	r4, #0
100031a6:	dd43      	ble.n	10003230 <stdio_usb_out_chars+0xd4>
100031a8:	4b2b      	ldr	r3, [pc, #172]	@ (10003258 <stdio_usb_out_chars+0xfc>)
100031aa:	469b      	mov	fp, r3
100031ac:	e014      	b.n	100031d8 <stdio_usb_out_chars+0x7c>
100031ae:	19a9      	adds	r1, r5, r6
100031b0:	2000      	movs	r0, #0
100031b2:	f001 fb11 	bl	100047d8 <tud_cdc_n_write>
100031b6:	0007      	movs	r7, r0
100031b8:	2001      	movs	r0, #1
100031ba:	2100      	movs	r1, #0
100031bc:	4240      	negs	r0, r0
100031be:	f000 fc6d 	bl	10003a9c <tud_task_ext>
100031c2:	2000      	movs	r0, #0
100031c4:	f001 facc 	bl	10004760 <tud_cdc_n_write_flush>
100031c8:	f7fe fe4c 	bl	10001e64 <time_us_64>
100031cc:	4b22      	ldr	r3, [pc, #136]	@ (10003258 <stdio_usb_out_chars+0xfc>)
100031ce:	19f6      	adds	r6, r6, r7
100031d0:	6018      	str	r0, [r3, #0]
100031d2:	6059      	str	r1, [r3, #4]
100031d4:	42b4      	cmp	r4, r6
100031d6:	dd2b      	ble.n	10003230 <stdio_usb_out_chars+0xd4>
100031d8:	2000      	movs	r0, #0
100031da:	f001 fb17 	bl	1000480c <tud_cdc_n_write_available>
100031de:	1ba7      	subs	r7, r4, r6
100031e0:	0002      	movs	r2, r0
100031e2:	42b8      	cmp	r0, r7
100031e4:	dd00      	ble.n	100031e8 <stdio_usb_out_chars+0x8c>
100031e6:	003a      	movs	r2, r7
100031e8:	2a00      	cmp	r2, #0
100031ea:	d1e0      	bne.n	100031ae <stdio_usb_out_chars+0x52>
100031ec:	2001      	movs	r0, #1
100031ee:	2100      	movs	r1, #0
100031f0:	4240      	negs	r0, r0
100031f2:	f000 fc53 	bl	10003a9c <tud_task_ext>
100031f6:	2000      	movs	r0, #0
100031f8:	f001 fab2 	bl	10004760 <tud_cdc_n_write_flush>
100031fc:	2000      	movs	r0, #0
100031fe:	f001 fa53 	bl	100046a8 <tud_cdc_n_connected>
10003202:	2800      	cmp	r0, #0
10003204:	d014      	beq.n	10003230 <stdio_usb_out_chars+0xd4>
10003206:	2000      	movs	r0, #0
10003208:	f001 fb00 	bl	1000480c <tud_cdc_n_write_available>
1000320c:	2800      	cmp	r0, #0
1000320e:	d1e1      	bne.n	100031d4 <stdio_usb_out_chars+0x78>
10003210:	f7fe fe28 	bl	10001e64 <time_us_64>
10003214:	465b      	mov	r3, fp
10003216:	000f      	movs	r7, r1
10003218:	681a      	ldr	r2, [r3, #0]
1000321a:	685b      	ldr	r3, [r3, #4]
1000321c:	2100      	movs	r1, #0
1000321e:	4684      	mov	ip, r0
10003220:	480e      	ldr	r0, [pc, #56]	@ (1000325c <stdio_usb_out_chars+0x100>)
10003222:	1812      	adds	r2, r2, r0
10003224:	414b      	adcs	r3, r1
10003226:	429f      	cmp	r7, r3
10003228:	d802      	bhi.n	10003230 <stdio_usb_out_chars+0xd4>
1000322a:	d1d3      	bne.n	100031d4 <stdio_usb_out_chars+0x78>
1000322c:	4594      	cmp	ip, r2
1000322e:	d9d1      	bls.n	100031d4 <stdio_usb_out_chars+0x78>
10003230:	4650      	mov	r0, sl
10003232:	f002 feed 	bl	10006010 <__mutex_exit_veneer>
10003236:	e7ab      	b.n	10003190 <stdio_usb_out_chars+0x34>
10003238:	2000      	movs	r0, #0
1000323a:	2100      	movs	r1, #0
1000323c:	4b06      	ldr	r3, [pc, #24]	@ (10003258 <stdio_usb_out_chars+0xfc>)
1000323e:	6018      	str	r0, [r3, #0]
10003240:	6059      	str	r1, [r3, #4]
10003242:	4650      	mov	r0, sl
10003244:	f002 fee4 	bl	10006010 <__mutex_exit_veneer>
10003248:	e7a2      	b.n	10003190 <stdio_usb_out_chars+0x34>
1000324a:	46c0      	nop			@ (mov r8, r8)
1000324c:	000f4240 	.word	0x000f4240
10003250:	7fffffff 	.word	0x7fffffff
10003254:	20002370 	.word	0x20002370
10003258:	20001570 	.word	0x20001570
1000325c:	0007a120 	.word	0x0007a120

10003260 <low_priority_worker_irq>:
10003260:	b510      	push	{r4, lr}
10003262:	4c24      	ldr	r4, [pc, #144]	@ (100032f4 <low_priority_worker_irq+0x94>)
10003264:	b084      	sub	sp, #16
10003266:	2100      	movs	r1, #0
10003268:	0020      	movs	r0, r4
1000326a:	f002 fee1 	bl	10006030 <__mutex_try_enter_veneer>
1000326e:	2800      	cmp	r0, #0
10003270:	d11c      	bne.n	100032ac <low_priority_worker_irq+0x4c>
10003272:	4b21      	ldr	r3, [pc, #132]	@ (100032f8 <low_priority_worker_irq+0x98>)
10003274:	681a      	ldr	r2, [r3, #0]
10003276:	2a00      	cmp	r2, #0
10003278:	d016      	beq.n	100032a8 <low_priority_worker_irq+0x48>
1000327a:	f3ef 8110 	mrs	r1, PRIMASK
1000327e:	b672      	cpsid	i
10003280:	6810      	ldr	r0, [r2, #0]
10003282:	2800      	cmp	r0, #0
10003284:	d0fc      	beq.n	10003280 <low_priority_worker_irq+0x20>
10003286:	f3bf 8f5f 	dmb	sy
1000328a:	2401      	movs	r4, #1
1000328c:	481b      	ldr	r0, [pc, #108]	@ (100032fc <low_priority_worker_irq+0x9c>)
1000328e:	6059      	str	r1, [r3, #4]
10003290:	7802      	ldrb	r2, [r0, #0]
10003292:	681b      	ldr	r3, [r3, #0]
10003294:	b2d2      	uxtb	r2, r2
10003296:	7004      	strb	r4, [r0, #0]
10003298:	f3bf 8f5f 	dmb	sy
1000329c:	2000      	movs	r0, #0
1000329e:	6018      	str	r0, [r3, #0]
100032a0:	f381 8810 	msr	PRIMASK, r1
100032a4:	2a00      	cmp	r2, #0
100032a6:	d00a      	beq.n	100032be <low_priority_worker_irq+0x5e>
100032a8:	b004      	add	sp, #16
100032aa:	bd10      	pop	{r4, pc}
100032ac:	2001      	movs	r0, #1
100032ae:	2100      	movs	r1, #0
100032b0:	4240      	negs	r0, r0
100032b2:	f000 fbf3 	bl	10003a9c <tud_task_ext>
100032b6:	0020      	movs	r0, r4
100032b8:	f002 feaa 	bl	10006010 <__mutex_exit_veneer>
100032bc:	e7f4      	b.n	100032a8 <low_priority_worker_irq+0x48>
100032be:	f7fe fbab 	bl	10001a18 <alarm_pool_get_default>
100032c2:	0004      	movs	r4, r0
100032c4:	f7fe fdce 	bl	10001e64 <time_us_64>
100032c8:	22fa      	movs	r2, #250	@ 0xfa
100032ca:	2300      	movs	r3, #0
100032cc:	0092      	lsls	r2, r2, #2
100032ce:	1812      	adds	r2, r2, r0
100032d0:	414b      	adcs	r3, r1
100032d2:	2180      	movs	r1, #128	@ 0x80
100032d4:	0609      	lsls	r1, r1, #24
100032d6:	428b      	cmp	r3, r1
100032d8:	d302      	bcc.n	100032e0 <low_priority_worker_irq+0x80>
100032da:	2201      	movs	r2, #1
100032dc:	4b08      	ldr	r3, [pc, #32]	@ (10003300 <low_priority_worker_irq+0xa0>)
100032de:	4252      	negs	r2, r2
100032e0:	2101      	movs	r1, #1
100032e2:	9102      	str	r1, [sp, #8]
100032e4:	2100      	movs	r1, #0
100032e6:	9101      	str	r1, [sp, #4]
100032e8:	4906      	ldr	r1, [pc, #24]	@ (10003304 <low_priority_worker_irq+0xa4>)
100032ea:	0020      	movs	r0, r4
100032ec:	9100      	str	r1, [sp, #0]
100032ee:	f7fe fb97 	bl	10001a20 <alarm_pool_add_alarm_at>
100032f2:	e7d9      	b.n	100032a8 <low_priority_worker_irq+0x48>
100032f4:	20002370 	.word	0x20002370
100032f8:	20002244 	.word	0x20002244
100032fc:	200023a5 	.word	0x200023a5
10003300:	7fffffff 	.word	0x7fffffff
10003304:	10003079 	.word	0x10003079

10003308 <tud_cdc_rx_cb>:
10003308:	4b05      	ldr	r3, [pc, #20]	@ (10003320 <tud_cdc_rx_cb+0x18>)
1000330a:	b510      	push	{r4, lr}
1000330c:	6818      	ldr	r0, [r3, #0]
1000330e:	2800      	cmp	r0, #0
10003310:	d004      	beq.n	1000331c <tud_cdc_rx_cb+0x14>
10003312:	4b04      	ldr	r3, [pc, #16]	@ (10003324 <tud_cdc_rx_cb+0x1c>)
10003314:	2200      	movs	r2, #0
10003316:	6819      	ldr	r1, [r3, #0]
10003318:	f001 f836 	bl	10004388 <usbd_defer_func>
1000331c:	bd10      	pop	{r4, pc}
1000331e:	46c0      	nop			@ (mov r8, r8)
10003320:	20001d44 	.word	0x20001d44
10003324:	20001d48 	.word	0x20001d48

10003328 <stdio_usb_init>:
10003328:	23d0      	movs	r3, #208	@ 0xd0
1000332a:	b510      	push	{r4, lr}
1000332c:	061b      	lsls	r3, r3, #24
1000332e:	b084      	sub	sp, #16
10003330:	681c      	ldr	r4, [r3, #0]
10003332:	f7fe fb71 	bl	10001a18 <alarm_pool_get_default>
10003336:	f7fe fc31 	bl	10001b9c <alarm_pool_core_num>
1000333a:	42a0      	cmp	r0, r4
1000333c:	d002      	beq.n	10003344 <stdio_usb_init+0x1c>
1000333e:	2000      	movs	r0, #0
10003340:	b004      	add	sp, #16
10003342:	bd10      	pop	{r4, pc}
10003344:	4b27      	ldr	r3, [pc, #156]	@ (100033e4 <stdio_usb_init+0xbc>)
10003346:	781b      	ldrb	r3, [r3, #0]
10003348:	f001 fc42 	bl	10004bd0 <tusb_init>
1000334c:	4826      	ldr	r0, [pc, #152]	@ (100033e8 <stdio_usb_init+0xc0>)
1000334e:	f7fe f967 	bl	10001620 <mutex_init>
10003352:	2001      	movs	r0, #1
10003354:	f7fe f946 	bl	100015e4 <user_irq_claim_unused>
10003358:	23ff      	movs	r3, #255	@ 0xff
1000335a:	4c24      	ldr	r4, [pc, #144]	@ (100033ec <stdio_usb_init+0xc4>)
1000335c:	4924      	ldr	r1, [pc, #144]	@ (100033f0 <stdio_usb_init+0xc8>)
1000335e:	7020      	strb	r0, [r4, #0]
10003360:	4018      	ands	r0, r3
10003362:	f7fd fecd 	bl	10001100 <irq_set_exclusive_handler>
10003366:	7820      	ldrb	r0, [r4, #0]
10003368:	2101      	movs	r1, #1
1000336a:	f7fd fe91 	bl	10001090 <irq_set_enabled>
1000336e:	2005      	movs	r0, #5
10003370:	f7fd fea8 	bl	100010c4 <irq_has_shared_handler>
10003374:	2800      	cmp	r0, #0
10003376:	d127      	bne.n	100033c8 <stdio_usb_init+0xa0>
10003378:	f7fe fb4e 	bl	10001a18 <alarm_pool_get_default>
1000337c:	0004      	movs	r4, r0
1000337e:	f7fe fd71 	bl	10001e64 <time_us_64>
10003382:	22fa      	movs	r2, #250	@ 0xfa
10003384:	2300      	movs	r3, #0
10003386:	0092      	lsls	r2, r2, #2
10003388:	1812      	adds	r2, r2, r0
1000338a:	414b      	adcs	r3, r1
1000338c:	2180      	movs	r1, #128	@ 0x80
1000338e:	0609      	lsls	r1, r1, #24
10003390:	428b      	cmp	r3, r1
10003392:	d302      	bcc.n	1000339a <stdio_usb_init+0x72>
10003394:	2201      	movs	r2, #1
10003396:	4b17      	ldr	r3, [pc, #92]	@ (100033f4 <stdio_usb_init+0xcc>)
10003398:	4252      	negs	r2, r2
1000339a:	2101      	movs	r1, #1
1000339c:	9102      	str	r1, [sp, #8]
1000339e:	2100      	movs	r1, #0
100033a0:	9101      	str	r1, [sp, #4]
100033a2:	4915      	ldr	r1, [pc, #84]	@ (100033f8 <stdio_usb_init+0xd0>)
100033a4:	0020      	movs	r0, r4
100033a6:	9100      	str	r1, [sp, #0]
100033a8:	f7fe fb3a 	bl	10001a20 <alarm_pool_add_alarm_at>
100033ac:	2208      	movs	r2, #8
100033ae:	0004      	movs	r4, r0
100033b0:	2100      	movs	r1, #0
100033b2:	4812      	ldr	r0, [pc, #72]	@ (100033fc <stdio_usb_init+0xd4>)
100033b4:	f7ff fcb2 	bl	10002d1c <__wrap_memset>
100033b8:	2c00      	cmp	r4, #0
100033ba:	dbc0      	blt.n	1000333e <stdio_usb_init+0x16>
100033bc:	4810      	ldr	r0, [pc, #64]	@ (10003400 <stdio_usb_init+0xd8>)
100033be:	2101      	movs	r1, #1
100033c0:	f7ff fdbe 	bl	10002f40 <stdio_set_driver_enabled>
100033c4:	2001      	movs	r0, #1
100033c6:	e7bb      	b.n	10003340 <stdio_usb_init+0x18>
100033c8:	2200      	movs	r2, #0
100033ca:	490e      	ldr	r1, [pc, #56]	@ (10003404 <stdio_usb_init+0xdc>)
100033cc:	2005      	movs	r0, #5
100033ce:	f7fd fec1 	bl	10001154 <irq_add_shared_handler>
100033d2:	f7fd fe3f 	bl	10001054 <next_striped_spin_lock_num>
100033d6:	4b09      	ldr	r3, [pc, #36]	@ (100033fc <stdio_usb_init+0xd4>)
100033d8:	0001      	movs	r1, r0
100033da:	0018      	movs	r0, r3
100033dc:	f7fe f94a 	bl	10001674 <critical_section_init_with_lock_num>
100033e0:	e7ec      	b.n	100033bc <stdio_usb_init+0x94>
100033e2:	46c0      	nop			@ (mov r8, r8)
100033e4:	100067ec 	.word	0x100067ec
100033e8:	20002370 	.word	0x20002370
100033ec:	200023a4 	.word	0x200023a4
100033f0:	10003261 	.word	0x10003261
100033f4:	7fffffff 	.word	0x7fffffff
100033f8:	10003079 	.word	0x10003079
100033fc:	20002244 	.word	0x20002244
10003400:	20000e80 	.word	0x20000e80
10003404:	10003069 	.word	0x10003069

10003408 <tud_descriptor_device_cb>:
10003408:	4800      	ldr	r0, [pc, #0]	@ (1000340c <tud_descriptor_device_cb+0x4>)
1000340a:	4770      	bx	lr
1000340c:	10006610 	.word	0x10006610

10003410 <tud_descriptor_configuration_cb>:
10003410:	4800      	ldr	r0, [pc, #0]	@ (10003414 <tud_descriptor_configuration_cb+0x4>)
10003412:	4770      	bx	lr
10003414:	100065bc 	.word	0x100065bc

10003418 <tud_descriptor_string_cb>:
10003418:	b510      	push	{r4, lr}
1000341a:	0004      	movs	r4, r0
1000341c:	4817      	ldr	r0, [pc, #92]	@ (1000347c <tud_descriptor_string_cb+0x64>)
1000341e:	7803      	ldrb	r3, [r0, #0]
10003420:	2b00      	cmp	r3, #0
10003422:	d020      	beq.n	10003466 <tud_descriptor_string_cb+0x4e>
10003424:	2c00      	cmp	r4, #0
10003426:	d106      	bne.n	10003436 <tud_descriptor_string_cb+0x1e>
10003428:	4b15      	ldr	r3, [pc, #84]	@ (10003480 <tud_descriptor_string_cb+0x68>)
1000342a:	4816      	ldr	r0, [pc, #88]	@ (10003484 <tud_descriptor_string_cb+0x6c>)
1000342c:	8043      	strh	r3, [r0, #2]
1000342e:	3b06      	subs	r3, #6
10003430:	3bff      	subs	r3, #255	@ 0xff
10003432:	8003      	strh	r3, [r0, #0]
10003434:	bd10      	pop	{r4, pc}
10003436:	2c05      	cmp	r4, #5
10003438:	d819      	bhi.n	1000346e <tud_descriptor_string_cb+0x56>
1000343a:	4b13      	ldr	r3, [pc, #76]	@ (10003488 <tud_descriptor_string_cb+0x70>)
1000343c:	00a4      	lsls	r4, r4, #2
1000343e:	58e0      	ldr	r0, [r4, r3]
10003440:	4912      	ldr	r1, [pc, #72]	@ (1000348c <tud_descriptor_string_cb+0x74>)
10003442:	2301      	movs	r3, #1
10003444:	3801      	subs	r0, #1
10003446:	e004      	b.n	10003452 <tud_descriptor_string_cb+0x3a>
10003448:	3301      	adds	r3, #1
1000344a:	800a      	strh	r2, [r1, #0]
1000344c:	3102      	adds	r1, #2
1000344e:	2b14      	cmp	r3, #20
10003450:	d00f      	beq.n	10003472 <tud_descriptor_string_cb+0x5a>
10003452:	5cc2      	ldrb	r2, [r0, r3]
10003454:	2a00      	cmp	r2, #0
10003456:	d1f7      	bne.n	10003448 <tud_descriptor_string_cb+0x30>
10003458:	22c0      	movs	r2, #192	@ 0xc0
1000345a:	b2db      	uxtb	r3, r3
1000345c:	005b      	lsls	r3, r3, #1
1000345e:	0092      	lsls	r2, r2, #2
10003460:	4808      	ldr	r0, [pc, #32]	@ (10003484 <tud_descriptor_string_cb+0x6c>)
10003462:	4313      	orrs	r3, r2
10003464:	e7e5      	b.n	10003432 <tud_descriptor_string_cb+0x1a>
10003466:	2111      	movs	r1, #17
10003468:	f000 f81a 	bl	100034a0 <pico_get_unique_board_id_string>
1000346c:	e7da      	b.n	10003424 <tud_descriptor_string_cb+0xc>
1000346e:	2000      	movs	r0, #0
10003470:	e7e0      	b.n	10003434 <tud_descriptor_string_cb+0x1c>
10003472:	23ca      	movs	r3, #202	@ 0xca
10003474:	4803      	ldr	r0, [pc, #12]	@ (10003484 <tud_descriptor_string_cb+0x6c>)
10003476:	009b      	lsls	r3, r3, #2
10003478:	e7db      	b.n	10003432 <tud_descriptor_string_cb+0x1a>
1000347a:	46c0      	nop			@ (mov r8, r8)
1000347c:	2000238c 	.word	0x2000238c
10003480:	00000409 	.word	0x00000409
10003484:	20001d94 	.word	0x20001d94
10003488:	100065a4 	.word	0x100065a4
1000348c:	20001d96 	.word	0x20001d96

10003490 <_retrieve_unique_id_on_boot>:
10003490:	b510      	push	{r4, lr}
10003492:	4802      	ldr	r0, [pc, #8]	@ (1000349c <_retrieve_unique_id_on_boot+0xc>)
10003494:	f000 f8d8 	bl	10003648 <flash_get_unique_id>
10003498:	bd10      	pop	{r4, pc}
1000349a:	46c0      	nop			@ (mov r8, r8)
1000349c:	2000225c 	.word	0x2000225c

100034a0 <pico_get_unique_board_id_string>:
100034a0:	b530      	push	{r4, r5, lr}
100034a2:	1e4b      	subs	r3, r1, #1
100034a4:	2901      	cmp	r1, #1
100034a6:	d100      	bne.n	100034aa <pico_get_unique_board_id_string+0xa>
100034a8:	e0a7      	b.n	100035fa <pico_get_unique_board_id_string+0x15a>
100034aa:	4a66      	ldr	r2, [pc, #408]	@ (10003644 <pico_get_unique_board_id_string+0x1a4>)
100034ac:	7811      	ldrb	r1, [r2, #0]
100034ae:	090d      	lsrs	r5, r1, #4
100034b0:	002c      	movs	r4, r5
100034b2:	3430      	adds	r4, #48	@ 0x30
100034b4:	299f      	cmp	r1, #159	@ 0x9f
100034b6:	d900      	bls.n	100034ba <pico_get_unique_board_id_string+0x1a>
100034b8:	e0a2      	b.n	10003600 <pico_get_unique_board_id_string+0x160>
100034ba:	7004      	strb	r4, [r0, #0]
100034bc:	2b01      	cmp	r3, #1
100034be:	d100      	bne.n	100034c2 <pico_get_unique_board_id_string+0x22>
100034c0:	e0be      	b.n	10003640 <pico_get_unique_board_id_string+0x1a0>
100034c2:	210f      	movs	r1, #15
100034c4:	7814      	ldrb	r4, [r2, #0]
100034c6:	4021      	ands	r1, r4
100034c8:	000c      	movs	r4, r1
100034ca:	3430      	adds	r4, #48	@ 0x30
100034cc:	2909      	cmp	r1, #9
100034ce:	d900      	bls.n	100034d2 <pico_get_unique_board_id_string+0x32>
100034d0:	e098      	b.n	10003604 <pico_get_unique_board_id_string+0x164>
100034d2:	7044      	strb	r4, [r0, #1]
100034d4:	2b02      	cmp	r3, #2
100034d6:	d100      	bne.n	100034da <pico_get_unique_board_id_string+0x3a>
100034d8:	e0b2      	b.n	10003640 <pico_get_unique_board_id_string+0x1a0>
100034da:	7854      	ldrb	r4, [r2, #1]
100034dc:	0925      	lsrs	r5, r4, #4
100034de:	0029      	movs	r1, r5
100034e0:	3130      	adds	r1, #48	@ 0x30
100034e2:	2c9f      	cmp	r4, #159	@ 0x9f
100034e4:	d900      	bls.n	100034e8 <pico_get_unique_board_id_string+0x48>
100034e6:	e090      	b.n	1000360a <pico_get_unique_board_id_string+0x16a>
100034e8:	7081      	strb	r1, [r0, #2]
100034ea:	2b03      	cmp	r3, #3
100034ec:	d100      	bne.n	100034f0 <pico_get_unique_board_id_string+0x50>
100034ee:	e0a7      	b.n	10003640 <pico_get_unique_board_id_string+0x1a0>
100034f0:	210f      	movs	r1, #15
100034f2:	4021      	ands	r1, r4
100034f4:	000c      	movs	r4, r1
100034f6:	3430      	adds	r4, #48	@ 0x30
100034f8:	2909      	cmp	r1, #9
100034fa:	d900      	bls.n	100034fe <pico_get_unique_board_id_string+0x5e>
100034fc:	e087      	b.n	1000360e <pico_get_unique_board_id_string+0x16e>
100034fe:	70c4      	strb	r4, [r0, #3]
10003500:	2b04      	cmp	r3, #4
10003502:	d100      	bne.n	10003506 <pico_get_unique_board_id_string+0x66>
10003504:	e09c      	b.n	10003640 <pico_get_unique_board_id_string+0x1a0>
10003506:	7894      	ldrb	r4, [r2, #2]
10003508:	0925      	lsrs	r5, r4, #4
1000350a:	0029      	movs	r1, r5
1000350c:	3130      	adds	r1, #48	@ 0x30
1000350e:	2c9f      	cmp	r4, #159	@ 0x9f
10003510:	d900      	bls.n	10003514 <pico_get_unique_board_id_string+0x74>
10003512:	e07f      	b.n	10003614 <pico_get_unique_board_id_string+0x174>
10003514:	7101      	strb	r1, [r0, #4]
10003516:	2b05      	cmp	r3, #5
10003518:	d100      	bne.n	1000351c <pico_get_unique_board_id_string+0x7c>
1000351a:	e091      	b.n	10003640 <pico_get_unique_board_id_string+0x1a0>
1000351c:	210f      	movs	r1, #15
1000351e:	4021      	ands	r1, r4
10003520:	000c      	movs	r4, r1
10003522:	3430      	adds	r4, #48	@ 0x30
10003524:	2909      	cmp	r1, #9
10003526:	d900      	bls.n	1000352a <pico_get_unique_board_id_string+0x8a>
10003528:	e076      	b.n	10003618 <pico_get_unique_board_id_string+0x178>
1000352a:	7144      	strb	r4, [r0, #5]
1000352c:	2b06      	cmp	r3, #6
1000352e:	d100      	bne.n	10003532 <pico_get_unique_board_id_string+0x92>
10003530:	e086      	b.n	10003640 <pico_get_unique_board_id_string+0x1a0>
10003532:	78d4      	ldrb	r4, [r2, #3]
10003534:	0925      	lsrs	r5, r4, #4
10003536:	0029      	movs	r1, r5
10003538:	3130      	adds	r1, #48	@ 0x30
1000353a:	2c9f      	cmp	r4, #159	@ 0x9f
1000353c:	d900      	bls.n	10003540 <pico_get_unique_board_id_string+0xa0>
1000353e:	e06e      	b.n	1000361e <pico_get_unique_board_id_string+0x17e>
10003540:	7181      	strb	r1, [r0, #6]
10003542:	2b07      	cmp	r3, #7
10003544:	d100      	bne.n	10003548 <pico_get_unique_board_id_string+0xa8>
10003546:	e07b      	b.n	10003640 <pico_get_unique_board_id_string+0x1a0>
10003548:	210f      	movs	r1, #15
1000354a:	4021      	ands	r1, r4
1000354c:	000c      	movs	r4, r1
1000354e:	3430      	adds	r4, #48	@ 0x30
10003550:	2909      	cmp	r1, #9
10003552:	d866      	bhi.n	10003622 <pico_get_unique_board_id_string+0x182>
10003554:	71c4      	strb	r4, [r0, #7]
10003556:	2b08      	cmp	r3, #8
10003558:	d100      	bne.n	1000355c <pico_get_unique_board_id_string+0xbc>
1000355a:	e071      	b.n	10003640 <pico_get_unique_board_id_string+0x1a0>
1000355c:	7914      	ldrb	r4, [r2, #4]
1000355e:	0925      	lsrs	r5, r4, #4
10003560:	0029      	movs	r1, r5
10003562:	3130      	adds	r1, #48	@ 0x30
10003564:	2c9f      	cmp	r4, #159	@ 0x9f
10003566:	d85f      	bhi.n	10003628 <pico_get_unique_board_id_string+0x188>
10003568:	7201      	strb	r1, [r0, #8]
1000356a:	2b09      	cmp	r3, #9
1000356c:	d068      	beq.n	10003640 <pico_get_unique_board_id_string+0x1a0>
1000356e:	210f      	movs	r1, #15
10003570:	4021      	ands	r1, r4
10003572:	000c      	movs	r4, r1
10003574:	3430      	adds	r4, #48	@ 0x30
10003576:	2909      	cmp	r1, #9
10003578:	d858      	bhi.n	1000362c <pico_get_unique_board_id_string+0x18c>
1000357a:	7244      	strb	r4, [r0, #9]
1000357c:	2b0a      	cmp	r3, #10
1000357e:	d05f      	beq.n	10003640 <pico_get_unique_board_id_string+0x1a0>
10003580:	7954      	ldrb	r4, [r2, #5]
10003582:	0925      	lsrs	r5, r4, #4
10003584:	0029      	movs	r1, r5
10003586:	3130      	adds	r1, #48	@ 0x30
10003588:	2c9f      	cmp	r4, #159	@ 0x9f
1000358a:	d852      	bhi.n	10003632 <pico_get_unique_board_id_string+0x192>
1000358c:	7281      	strb	r1, [r0, #10]
1000358e:	2b0b      	cmp	r3, #11
10003590:	d056      	beq.n	10003640 <pico_get_unique_board_id_string+0x1a0>
10003592:	210f      	movs	r1, #15
10003594:	4021      	ands	r1, r4
10003596:	000c      	movs	r4, r1
10003598:	3430      	adds	r4, #48	@ 0x30
1000359a:	2909      	cmp	r1, #9
1000359c:	d84b      	bhi.n	10003636 <pico_get_unique_board_id_string+0x196>
1000359e:	72c4      	strb	r4, [r0, #11]
100035a0:	2b0c      	cmp	r3, #12
100035a2:	d04d      	beq.n	10003640 <pico_get_unique_board_id_string+0x1a0>
100035a4:	7994      	ldrb	r4, [r2, #6]
100035a6:	0925      	lsrs	r5, r4, #4
100035a8:	0029      	movs	r1, r5
100035aa:	3130      	adds	r1, #48	@ 0x30
100035ac:	2c9f      	cmp	r4, #159	@ 0x9f
100035ae:	d900      	bls.n	100035b2 <pico_get_unique_board_id_string+0x112>
100035b0:	3107      	adds	r1, #7
100035b2:	7301      	strb	r1, [r0, #12]
100035b4:	2b0d      	cmp	r3, #13
100035b6:	d043      	beq.n	10003640 <pico_get_unique_board_id_string+0x1a0>
100035b8:	210f      	movs	r1, #15
100035ba:	4021      	ands	r1, r4
100035bc:	000c      	movs	r4, r1
100035be:	3430      	adds	r4, #48	@ 0x30
100035c0:	2909      	cmp	r1, #9
100035c2:	d901      	bls.n	100035c8 <pico_get_unique_board_id_string+0x128>
100035c4:	3137      	adds	r1, #55	@ 0x37
100035c6:	000c      	movs	r4, r1
100035c8:	7344      	strb	r4, [r0, #13]
100035ca:	2b0e      	cmp	r3, #14
100035cc:	d038      	beq.n	10003640 <pico_get_unique_board_id_string+0x1a0>
100035ce:	79d1      	ldrb	r1, [r2, #7]
100035d0:	090c      	lsrs	r4, r1, #4
100035d2:	0022      	movs	r2, r4
100035d4:	3230      	adds	r2, #48	@ 0x30
100035d6:	299f      	cmp	r1, #159	@ 0x9f
100035d8:	d900      	bls.n	100035dc <pico_get_unique_board_id_string+0x13c>
100035da:	3207      	adds	r2, #7
100035dc:	7382      	strb	r2, [r0, #14]
100035de:	2b0f      	cmp	r3, #15
100035e0:	d02e      	beq.n	10003640 <pico_get_unique_board_id_string+0x1a0>
100035e2:	220f      	movs	r2, #15
100035e4:	400a      	ands	r2, r1
100035e6:	0011      	movs	r1, r2
100035e8:	3137      	adds	r1, #55	@ 0x37
100035ea:	2a09      	cmp	r2, #9
100035ec:	d801      	bhi.n	100035f2 <pico_get_unique_board_id_string+0x152>
100035ee:	3230      	adds	r2, #48	@ 0x30
100035f0:	0011      	movs	r1, r2
100035f2:	73c1      	strb	r1, [r0, #15]
100035f4:	2b10      	cmp	r3, #16
100035f6:	d023      	beq.n	10003640 <pico_get_unique_board_id_string+0x1a0>
100035f8:	3010      	adds	r0, #16
100035fa:	2300      	movs	r3, #0
100035fc:	7003      	strb	r3, [r0, #0]
100035fe:	bd30      	pop	{r4, r5, pc}
10003600:	3407      	adds	r4, #7
10003602:	e75a      	b.n	100034ba <pico_get_unique_board_id_string+0x1a>
10003604:	3137      	adds	r1, #55	@ 0x37
10003606:	000c      	movs	r4, r1
10003608:	e763      	b.n	100034d2 <pico_get_unique_board_id_string+0x32>
1000360a:	3107      	adds	r1, #7
1000360c:	e76c      	b.n	100034e8 <pico_get_unique_board_id_string+0x48>
1000360e:	3137      	adds	r1, #55	@ 0x37
10003610:	000c      	movs	r4, r1
10003612:	e774      	b.n	100034fe <pico_get_unique_board_id_string+0x5e>
10003614:	3107      	adds	r1, #7
10003616:	e77d      	b.n	10003514 <pico_get_unique_board_id_string+0x74>
10003618:	3137      	adds	r1, #55	@ 0x37
1000361a:	000c      	movs	r4, r1
1000361c:	e785      	b.n	1000352a <pico_get_unique_board_id_string+0x8a>
1000361e:	3107      	adds	r1, #7
10003620:	e78e      	b.n	10003540 <pico_get_unique_board_id_string+0xa0>
10003622:	3137      	adds	r1, #55	@ 0x37
10003624:	000c      	movs	r4, r1
10003626:	e795      	b.n	10003554 <pico_get_unique_board_id_string+0xb4>
10003628:	3107      	adds	r1, #7
1000362a:	e79d      	b.n	10003568 <pico_get_unique_board_id_string+0xc8>
1000362c:	3137      	adds	r1, #55	@ 0x37
1000362e:	000c      	movs	r4, r1
10003630:	e7a3      	b.n	1000357a <pico_get_unique_board_id_string+0xda>
10003632:	3107      	adds	r1, #7
10003634:	e7aa      	b.n	1000358c <pico_get_unique_board_id_string+0xec>
10003636:	3137      	adds	r1, #55	@ 0x37
10003638:	000c      	movs	r4, r1
1000363a:	72c4      	strb	r4, [r0, #11]
1000363c:	2b0c      	cmp	r3, #12
1000363e:	d1b1      	bne.n	100035a4 <pico_get_unique_board_id_string+0x104>
10003640:	18c0      	adds	r0, r0, r3
10003642:	e7da      	b.n	100035fa <pico_get_unique_board_id_string+0x15a>
10003644:	2000225c 	.word	0x2000225c

10003648 <flash_get_unique_id>:
10003648:	b510      	push	{r4, lr}
1000364a:	b088      	sub	sp, #32
1000364c:	0004      	movs	r4, r0
1000364e:	220d      	movs	r2, #13
10003650:	2100      	movs	r1, #0
10003652:	4668      	mov	r0, sp
10003654:	f7ff fb62 	bl	10002d1c <__wrap_memset>
10003658:	220d      	movs	r2, #13
1000365a:	2100      	movs	r1, #0
1000365c:	a804      	add	r0, sp, #16
1000365e:	f7ff fb5d 	bl	10002d1c <__wrap_memset>
10003662:	234b      	movs	r3, #75	@ 0x4b
10003664:	466a      	mov	r2, sp
10003666:	4668      	mov	r0, sp
10003668:	7013      	strb	r3, [r2, #0]
1000366a:	a904      	add	r1, sp, #16
1000366c:	220d      	movs	r2, #13
1000366e:	f002 fcc7 	bl	10006000 <__flash_do_cmd_veneer>
10003672:	2115      	movs	r1, #21
10003674:	2208      	movs	r2, #8
10003676:	0020      	movs	r0, r4
10003678:	4469      	add	r1, sp
1000367a:	f7ff fb55 	bl	10002d28 <__wrap___aeabi_memcpy>
1000367e:	b008      	add	sp, #32
10003680:	bd10      	pop	{r4, pc}
10003682:	46c0      	nop			@ (mov r8, r8)

10003684 <dcd_int_enable>:
10003684:	b510      	push	{r4, lr}
10003686:	2101      	movs	r1, #1
10003688:	2005      	movs	r0, #5
1000368a:	f7fd fd01 	bl	10001090 <irq_set_enabled>
1000368e:	bd10      	pop	{r4, pc}

10003690 <dcd_set_address>:
10003690:	b510      	push	{r4, lr}
10003692:	2200      	movs	r2, #0
10003694:	2100      	movs	r1, #0
10003696:	4802      	ldr	r0, [pc, #8]	@ (100036a0 <dcd_set_address+0x10>)
10003698:	f000 f958 	bl	1000394c <hw_endpoint_xfer_start>
1000369c:	bd10      	pop	{r4, pc}
1000369e:	46c0      	nop			@ (mov r8, r8)
100036a0:	20001df0 	.word	0x20001df0

100036a4 <dcd_connect>:
100036a4:	2280      	movs	r2, #128	@ 0x80
100036a6:	4b02      	ldr	r3, [pc, #8]	@ (100036b0 <dcd_connect+0xc>)
100036a8:	0252      	lsls	r2, r2, #9
100036aa:	64da      	str	r2, [r3, #76]	@ 0x4c
100036ac:	4770      	bx	lr
100036ae:	46c0      	nop			@ (mov r8, r8)
100036b0:	50112000 	.word	0x50112000

100036b4 <dcd_init>:
100036b4:	b5f0      	push	{r4, r5, r6, r7, lr}
100036b6:	46c6      	mov	lr, r8
100036b8:	b500      	push	{lr}
100036ba:	0006      	movs	r6, r0
100036bc:	f000 f920 	bl	10003900 <rp2040_usb_init>
100036c0:	230c      	movs	r3, #12
100036c2:	4d1b      	ldr	r5, [pc, #108]	@ (10003730 <dcd_init+0x7c>)
100036c4:	22ff      	movs	r2, #255	@ 0xff
100036c6:	67ab      	str	r3, [r5, #120]	@ 0x78
100036c8:	2005      	movs	r0, #5
100036ca:	491a      	ldr	r1, [pc, #104]	@ (10003734 <dcd_init+0x80>)
100036cc:	f7fd fd42 	bl	10001154 <irq_add_shared_handler>
100036d0:	2340      	movs	r3, #64	@ 0x40
100036d2:	4698      	mov	r8, r3
100036d4:	4c18      	ldr	r4, [pc, #96]	@ (10003738 <dcd_init+0x84>)
100036d6:	2240      	movs	r2, #64	@ 0x40
100036d8:	2100      	movs	r1, #0
100036da:	0020      	movs	r0, r4
100036dc:	f7ff fb1e 	bl	10002d1c <__wrap_memset>
100036e0:	4643      	mov	r3, r8
100036e2:	2701      	movs	r7, #1
100036e4:	8323      	strh	r3, [r4, #24]
100036e6:	2121      	movs	r1, #33	@ 0x21
100036e8:	2300      	movs	r3, #0
100036ea:	4a14      	ldr	r2, [pc, #80]	@ (1000373c <dcd_init+0x88>)
100036ec:	7067      	strb	r7, [r4, #1]
100036ee:	60a2      	str	r2, [r4, #8]
100036f0:	6013      	str	r3, [r2, #0]
100036f2:	5463      	strb	r3, [r4, r1]
100036f4:	315f      	adds	r1, #95	@ 0x5f
100036f6:	8461      	strh	r1, [r4, #34]	@ 0x22
100036f8:	4641      	mov	r1, r8
100036fa:	8721      	strh	r1, [r4, #56]	@ 0x38
100036fc:	3905      	subs	r1, #5
100036fe:	5463      	strb	r3, [r4, r1]
10003700:	4a0f      	ldr	r2, [pc, #60]	@ (10003740 <dcd_init+0x8c>)
10003702:	4910      	ldr	r1, [pc, #64]	@ (10003744 <dcd_init+0x90>)
10003704:	6063      	str	r3, [r4, #4]
10003706:	60e2      	str	r2, [r4, #12]
10003708:	62a1      	str	r1, [r4, #40]	@ 0x28
1000370a:	600b      	str	r3, [r1, #0]
1000370c:	6263      	str	r3, [r4, #36]	@ 0x24
1000370e:	62e2      	str	r2, [r4, #44]	@ 0x2c
10003710:	f002 fcae 	bl	10006070 <__reset_non_control_endpoints_veneer>
10003714:	2380      	movs	r3, #128	@ 0x80
10003716:	059b      	lsls	r3, r3, #22
10003718:	642f      	str	r7, [r5, #64]	@ 0x40
1000371a:	64eb      	str	r3, [r5, #76]	@ 0x4c
1000371c:	2390      	movs	r3, #144	@ 0x90
1000371e:	4a0a      	ldr	r2, [pc, #40]	@ (10003748 <dcd_init+0x94>)
10003720:	0030      	movs	r0, r6
10003722:	50ea      	str	r2, [r5, r3]
10003724:	f7ff ffbe 	bl	100036a4 <dcd_connect>
10003728:	bc80      	pop	{r7}
1000372a:	46b8      	mov	r8, r7
1000372c:	bdf0      	pop	{r4, r5, r6, r7, pc}
1000372e:	46c0      	nop			@ (mov r8, r8)
10003730:	50110000 	.word	0x50110000
10003734:	200004a1 	.word	0x200004a1
10003738:	20001dd0 	.word	0x20001dd0
1000373c:	50100084 	.word	0x50100084
10003740:	50100100 	.word	0x50100100
10003744:	50100080 	.word	0x50100080
10003748:	0001d010 	.word	0x0001d010

1000374c <dcd_edpt0_status_complete>:
1000374c:	780b      	ldrb	r3, [r1, #0]
1000374e:	065b      	lsls	r3, r3, #25
10003750:	d102      	bne.n	10003758 <dcd_edpt0_status_complete+0xc>
10003752:	784b      	ldrb	r3, [r1, #1]
10003754:	2b05      	cmp	r3, #5
10003756:	d000      	beq.n	1000375a <dcd_edpt0_status_complete+0xe>
10003758:	4770      	bx	lr
1000375a:	788a      	ldrb	r2, [r1, #2]
1000375c:	4b01      	ldr	r3, [pc, #4]	@ (10003764 <dcd_edpt0_status_complete+0x18>)
1000375e:	601a      	str	r2, [r3, #0]
10003760:	e7fa      	b.n	10003758 <dcd_edpt0_status_complete+0xc>
10003762:	46c0      	nop			@ (mov r8, r8)
10003764:	50110000 	.word	0x50110000

10003768 <dcd_edpt_open>:
10003768:	b5f0      	push	{r4, r5, r6, r7, lr}
1000376a:	46c6      	mov	lr, r8
1000376c:	b500      	push	{lr}
1000376e:	78cc      	ldrb	r4, [r1, #3]
10003770:	7888      	ldrb	r0, [r1, #2]
10003772:	790a      	ldrb	r2, [r1, #4]
10003774:	794b      	ldrb	r3, [r1, #5]
10003776:	217f      	movs	r1, #127	@ 0x7f
10003778:	07a4      	lsls	r4, r4, #30
1000377a:	4001      	ands	r1, r0
1000377c:	021b      	lsls	r3, r3, #8
1000377e:	09c5      	lsrs	r5, r0, #7
10003780:	4313      	orrs	r3, r2
10003782:	004f      	lsls	r7, r1, #1
10003784:	0fa2      	lsrs	r2, r4, #30
10003786:	0014      	movs	r4, r2
10003788:	4e32      	ldr	r6, [pc, #200]	@ (10003854 <dcd_edpt_open+0xec>)
1000378a:	197a      	adds	r2, r7, r5
1000378c:	0152      	lsls	r2, r2, #5
1000378e:	18b2      	adds	r2, r6, r2
10003790:	7090      	strb	r0, [r2, #2]
10003792:	2001      	movs	r0, #1
10003794:	4068      	eors	r0, r5
10003796:	7050      	strb	r0, [r2, #1]
10003798:	2000      	movs	r0, #0
1000379a:	055b      	lsls	r3, r3, #21
1000379c:	0d5b      	lsrs	r3, r3, #21
1000379e:	70d0      	strb	r0, [r2, #3]
100037a0:	8313      	strh	r3, [r2, #24]
100037a2:	76d4      	strb	r4, [r2, #27]
100037a4:	4680      	mov	r8, r0
100037a6:	00ca      	lsls	r2, r1, #3
100037a8:	2d01      	cmp	r5, #1
100037aa:	d033      	beq.n	10003814 <dcd_edpt_open+0xac>
100037ac:	482a      	ldr	r0, [pc, #168]	@ (10003858 <dcd_edpt_open+0xf0>)
100037ae:	4684      	mov	ip, r0
100037b0:	0188      	lsls	r0, r1, #6
100037b2:	4462      	add	r2, ip
100037b4:	4684      	mov	ip, r0
100037b6:	44b4      	add	ip, r6
100037b8:	4660      	mov	r0, ip
100037ba:	6082      	str	r2, [r0, #8]
100037bc:	4640      	mov	r0, r8
100037be:	6010      	str	r0, [r2, #0]
100037c0:	2900      	cmp	r1, #0
100037c2:	d033      	beq.n	1000382c <dcd_edpt_open+0xc4>
100037c4:	4a25      	ldr	r2, [pc, #148]	@ (1000385c <dcd_edpt_open+0xf4>)
100037c6:	00c9      	lsls	r1, r1, #3
100037c8:	4690      	mov	r8, r2
100037ca:	4662      	mov	r2, ip
100037cc:	4441      	add	r1, r8
100037ce:	6051      	str	r1, [r2, #4]
100037d0:	223f      	movs	r2, #63	@ 0x3f
100037d2:	333f      	adds	r3, #63	@ 0x3f
100037d4:	4393      	bics	r3, r2
100037d6:	2c02      	cmp	r4, #2
100037d8:	d100      	bne.n	100037dc <dcd_edpt_open+0x74>
100037da:	005b      	lsls	r3, r3, #1
100037dc:	4820      	ldr	r0, [pc, #128]	@ (10003860 <dcd_edpt_open+0xf8>)
100037de:	197a      	adds	r2, r7, r5
100037e0:	6801      	ldr	r1, [r0, #0]
100037e2:	0152      	lsls	r2, r2, #5
100037e4:	18b2      	adds	r2, r6, r2
100037e6:	60d1      	str	r1, [r2, #12]
100037e8:	4a1e      	ldr	r2, [pc, #120]	@ (10003864 <dcd_edpt_open+0xfc>)
100037ea:	18cb      	adds	r3, r1, r3
100037ec:	6003      	str	r3, [r0, #0]
100037ee:	4051      	eors	r1, r2
100037f0:	405a      	eors	r2, r3
100037f2:	2380      	movs	r3, #128	@ 0x80
100037f4:	4688      	mov	r8, r1
100037f6:	015b      	lsls	r3, r3, #5
100037f8:	429a      	cmp	r2, r3
100037fa:	d828      	bhi.n	1000384e <dcd_edpt_open+0xe6>
100037fc:	4643      	mov	r3, r8
100037fe:	06a4      	lsls	r4, r4, #26
10003800:	431c      	orrs	r4, r3
10003802:	2380      	movs	r3, #128	@ 0x80
10003804:	197f      	adds	r7, r7, r5
10003806:	017f      	lsls	r7, r7, #5
10003808:	19f6      	adds	r6, r6, r7
1000380a:	6872      	ldr	r2, [r6, #4]
1000380c:	061b      	lsls	r3, r3, #24
1000380e:	4323      	orrs	r3, r4
10003810:	6013      	str	r3, [r2, #0]
10003812:	e011      	b.n	10003838 <dcd_edpt_open+0xd0>
10003814:	4814      	ldr	r0, [pc, #80]	@ (10003868 <dcd_edpt_open+0x100>)
10003816:	4684      	mov	ip, r0
10003818:	0188      	lsls	r0, r1, #6
1000381a:	4462      	add	r2, ip
1000381c:	4684      	mov	ip, r0
1000381e:	44b4      	add	ip, r6
10003820:	4660      	mov	r0, ip
10003822:	6282      	str	r2, [r0, #40]	@ 0x28
10003824:	4640      	mov	r0, r8
10003826:	6010      	str	r0, [r2, #0]
10003828:	2900      	cmp	r1, #0
1000382a:	d109      	bne.n	10003840 <dcd_edpt_open+0xd8>
1000382c:	2300      	movs	r3, #0
1000382e:	016d      	lsls	r5, r5, #5
10003830:	1975      	adds	r5, r6, r5
10003832:	606b      	str	r3, [r5, #4]
10003834:	4b0d      	ldr	r3, [pc, #52]	@ (1000386c <dcd_edpt_open+0x104>)
10003836:	60eb      	str	r3, [r5, #12]
10003838:	2001      	movs	r0, #1
1000383a:	bc80      	pop	{r7}
1000383c:	46b8      	mov	r8, r7
1000383e:	bdf0      	pop	{r4, r5, r6, r7, pc}
10003840:	4a08      	ldr	r2, [pc, #32]	@ (10003864 <dcd_edpt_open+0xfc>)
10003842:	00c9      	lsls	r1, r1, #3
10003844:	4690      	mov	r8, r2
10003846:	4662      	mov	r2, ip
10003848:	4441      	add	r1, r8
1000384a:	6251      	str	r1, [r2, #36]	@ 0x24
1000384c:	e7c0      	b.n	100037d0 <dcd_edpt_open+0x68>
1000384e:	f7ff f893 	bl	10002978 <hard_assertion_failure>
10003852:	e7d3      	b.n	100037fc <dcd_edpt_open+0x94>
10003854:	20001dd0 	.word	0x20001dd0
10003858:	50100084 	.word	0x50100084
1000385c:	50100004 	.word	0x50100004
10003860:	20002224 	.word	0x20002224
10003864:	50100000 	.word	0x50100000
10003868:	50100080 	.word	0x50100080
1000386c:	50100100 	.word	0x50100100

10003870 <dcd_edpt_close_all>:
10003870:	b510      	push	{r4, lr}
10003872:	f002 fbfd 	bl	10006070 <__reset_non_control_endpoints_veneer>
10003876:	bd10      	pop	{r4, pc}

10003878 <dcd_edpt_xfer>:
10003878:	b510      	push	{r4, lr}
1000387a:	207f      	movs	r0, #127	@ 0x7f
1000387c:	000c      	movs	r4, r1
1000387e:	4020      	ands	r0, r4
10003880:	0040      	lsls	r0, r0, #1
10003882:	09e4      	lsrs	r4, r4, #7
10003884:	0011      	movs	r1, r2
10003886:	1900      	adds	r0, r0, r4
10003888:	001a      	movs	r2, r3
1000388a:	4b03      	ldr	r3, [pc, #12]	@ (10003898 <dcd_edpt_xfer+0x20>)
1000388c:	0140      	lsls	r0, r0, #5
1000388e:	18c0      	adds	r0, r0, r3
10003890:	f000 f85c 	bl	1000394c <hw_endpoint_xfer_start>
10003894:	2001      	movs	r0, #1
10003896:	bd10      	pop	{r4, pc}
10003898:	20001dd0 	.word	0x20001dd0

1000389c <dcd_edpt_stall>:
1000389c:	237f      	movs	r3, #127	@ 0x7f
1000389e:	0018      	movs	r0, r3
100038a0:	b510      	push	{r4, lr}
100038a2:	4008      	ands	r0, r1
100038a4:	09ca      	lsrs	r2, r1, #7
100038a6:	420b      	tst	r3, r1
100038a8:	d103      	bne.n	100038b2 <dcd_edpt_stall+0x16>
100038aa:	4907      	ldr	r1, [pc, #28]	@ (100038c8 <dcd_edpt_stall+0x2c>)
100038ac:	3b7d      	subs	r3, #125	@ 0x7d
100038ae:	1a9b      	subs	r3, r3, r2
100038b0:	668b      	str	r3, [r1, #104]	@ 0x68
100038b2:	0040      	lsls	r0, r0, #1
100038b4:	1880      	adds	r0, r0, r2
100038b6:	2280      	movs	r2, #128	@ 0x80
100038b8:	4b04      	ldr	r3, [pc, #16]	@ (100038cc <dcd_edpt_stall+0x30>)
100038ba:	0140      	lsls	r0, r0, #5
100038bc:	2100      	movs	r1, #0
100038be:	18c0      	adds	r0, r0, r3
100038c0:	0112      	lsls	r2, r2, #4
100038c2:	f002 fbe5 	bl	10006090 <___hw_endpoint_buffer_control_update32_veneer>
100038c6:	bd10      	pop	{r4, pc}
100038c8:	50112000 	.word	0x50112000
100038cc:	20001dd0 	.word	0x20001dd0

100038d0 <dcd_edpt_clear_stall>:
100038d0:	227f      	movs	r2, #127	@ 0x7f
100038d2:	0013      	movs	r3, r2
100038d4:	b510      	push	{r4, lr}
100038d6:	400b      	ands	r3, r1
100038d8:	420a      	tst	r2, r1
100038da:	d100      	bne.n	100038de <dcd_edpt_clear_stall+0xe>
100038dc:	bd10      	pop	{r4, pc}
100038de:	09c9      	lsrs	r1, r1, #7
100038e0:	005b      	lsls	r3, r3, #1
100038e2:	185b      	adds	r3, r3, r1
100038e4:	4804      	ldr	r0, [pc, #16]	@ (100038f8 <dcd_edpt_clear_stall+0x28>)
100038e6:	015b      	lsls	r3, r3, #5
100038e8:	18c0      	adds	r0, r0, r3
100038ea:	2300      	movs	r3, #0
100038ec:	2200      	movs	r2, #0
100038ee:	4903      	ldr	r1, [pc, #12]	@ (100038fc <dcd_edpt_clear_stall+0x2c>)
100038f0:	70c3      	strb	r3, [r0, #3]
100038f2:	f002 fbcd 	bl	10006090 <___hw_endpoint_buffer_control_update32_veneer>
100038f6:	e7f1      	b.n	100038dc <dcd_edpt_clear_stall+0xc>
100038f8:	20001dd0 	.word	0x20001dd0
100038fc:	fffff7ff 	.word	0xfffff7ff

10003900 <rp2040_usb_init>:
10003900:	2280      	movs	r2, #128	@ 0x80
10003902:	4b0d      	ldr	r3, [pc, #52]	@ (10003938 <rp2040_usb_init+0x38>)
10003904:	0452      	lsls	r2, r2, #17
10003906:	b510      	push	{r4, lr}
10003908:	601a      	str	r2, [r3, #0]
1000390a:	4b0c      	ldr	r3, [pc, #48]	@ (1000393c <rp2040_usb_init+0x3c>)
1000390c:	490c      	ldr	r1, [pc, #48]	@ (10003940 <rp2040_usb_init+0x40>)
1000390e:	601a      	str	r2, [r3, #0]
10003910:	0010      	movs	r0, r2
10003912:	688b      	ldr	r3, [r1, #8]
10003914:	4398      	bics	r0, r3
10003916:	d1fb      	bne.n	10003910 <rp2040_usb_init+0x10>
10003918:	4c0a      	ldr	r4, [pc, #40]	@ (10003944 <rp2040_usb_init+0x44>)
1000391a:	229c      	movs	r2, #156	@ 0x9c
1000391c:	2100      	movs	r1, #0
1000391e:	0020      	movs	r0, r4
10003920:	f7ff f9fc 	bl	10002d1c <__wrap_memset>
10003924:	2280      	movs	r2, #128	@ 0x80
10003926:	2100      	movs	r1, #0
10003928:	0152      	lsls	r2, r2, #5
1000392a:	4807      	ldr	r0, [pc, #28]	@ (10003948 <rp2040_usb_init+0x48>)
1000392c:	f7ff f9f6 	bl	10002d1c <__wrap_memset>
10003930:	2309      	movs	r3, #9
10003932:	6763      	str	r3, [r4, #116]	@ 0x74
10003934:	bd10      	pop	{r4, pc}
10003936:	46c0      	nop			@ (mov r8, r8)
10003938:	4000e000 	.word	0x4000e000
1000393c:	4000f000 	.word	0x4000f000
10003940:	4000c000 	.word	0x4000c000
10003944:	50110000 	.word	0x50110000
10003948:	50100000 	.word	0x50100000

1000394c <hw_endpoint_xfer_start>:
1000394c:	2300      	movs	r3, #0
1000394e:	b510      	push	{r4, lr}
10003950:	82c3      	strh	r3, [r0, #22]
10003952:	3301      	adds	r3, #1
10003954:	8282      	strh	r2, [r0, #20]
10003956:	7683      	strb	r3, [r0, #26]
10003958:	6101      	str	r1, [r0, #16]
1000395a:	0004      	movs	r4, r0
1000395c:	f002 fb90 	bl	10006080 <__e15_is_bulkin_ep_veneer>
10003960:	2800      	cmp	r0, #0
10003962:	d004      	beq.n	1000396e <hw_endpoint_xfer_start+0x22>
10003964:	2180      	movs	r1, #128	@ 0x80
10003966:	2390      	movs	r3, #144	@ 0x90
10003968:	4a07      	ldr	r2, [pc, #28]	@ (10003988 <hw_endpoint_xfer_start+0x3c>)
1000396a:	0289      	lsls	r1, r1, #10
1000396c:	50d1      	str	r1, [r2, r3]
1000396e:	0020      	movs	r0, r4
10003970:	f002 fb3e 	bl	10005ff0 <__e15_is_critical_frame_period_veneer>
10003974:	2800      	cmp	r0, #0
10003976:	d002      	beq.n	1000397e <hw_endpoint_xfer_start+0x32>
10003978:	2301      	movs	r3, #1
1000397a:	7723      	strb	r3, [r4, #28]
1000397c:	bd10      	pop	{r4, pc}
1000397e:	0020      	movs	r0, r4
10003980:	f002 fb6e 	bl	10006060 <__hw_endpoint_start_next_buffer_veneer>
10003984:	e7fa      	b.n	1000397c <hw_endpoint_xfer_start+0x30>
10003986:	46c0      	nop			@ (mov r8, r8)
10003988:	50112000 	.word	0x50112000

1000398c <tud_mounted>:
1000398c:	4b02      	ldr	r3, [pc, #8]	@ (10003998 <tud_mounted+0xc>)
1000398e:	7858      	ldrb	r0, [r3, #1]
10003990:	1e43      	subs	r3, r0, #1
10003992:	4198      	sbcs	r0, r3
10003994:	b2c0      	uxtb	r0, r0
10003996:	4770      	bx	lr
10003998:	20001b10 	.word	0x20001b10

1000399c <tud_suspended>:
1000399c:	4b02      	ldr	r3, [pc, #8]	@ (100039a8 <tud_suspended+0xc>)
1000399e:	7818      	ldrb	r0, [r3, #0]
100039a0:	0740      	lsls	r0, r0, #29
100039a2:	0fc0      	lsrs	r0, r0, #31
100039a4:	4770      	bx	lr
100039a6:	46c0      	nop			@ (mov r8, r8)
100039a8:	20001b10 	.word	0x20001b10

100039ac <tud_inited>:
100039ac:	4b03      	ldr	r3, [pc, #12]	@ (100039bc <tud_inited+0x10>)
100039ae:	7818      	ldrb	r0, [r3, #0]
100039b0:	38ff      	subs	r0, #255	@ 0xff
100039b2:	1e43      	subs	r3, r0, #1
100039b4:	4198      	sbcs	r0, r3
100039b6:	b2c0      	uxtb	r0, r0
100039b8:	4770      	bx	lr
100039ba:	46c0      	nop			@ (mov r8, r8)
100039bc:	20000ebc 	.word	0x20000ebc

100039c0 <tud_init>:
100039c0:	b5f8      	push	{r3, r4, r5, r6, r7, lr}
100039c2:	46ce      	mov	lr, r9
100039c4:	4647      	mov	r7, r8
100039c6:	b580      	push	{r7, lr}
100039c8:	4e2a      	ldr	r6, [pc, #168]	@ (10003a74 <tud_init+0xb4>)
100039ca:	0005      	movs	r5, r0
100039cc:	7833      	ldrb	r3, [r6, #0]
100039ce:	2bff      	cmp	r3, #255	@ 0xff
100039d0:	d001      	beq.n	100039d6 <tud_init+0x16>
100039d2:	2001      	movs	r0, #1
100039d4:	e03d      	b.n	10003a52 <tud_init+0x92>
100039d6:	2253      	movs	r2, #83	@ 0x53
100039d8:	2100      	movs	r1, #0
100039da:	4827      	ldr	r0, [pc, #156]	@ (10003a78 <tud_init+0xb8>)
100039dc:	f7ff f99e 	bl	10002d1c <__wrap_memset>
100039e0:	4c26      	ldr	r4, [pc, #152]	@ (10003a7c <tud_init+0xbc>)
100039e2:	0020      	movs	r0, r4
100039e4:	f7fd fe1c 	bl	10001620 <mutex_init>
100039e8:	4b25      	ldr	r3, [pc, #148]	@ (10003a80 <tud_init+0xc0>)
100039ea:	601c      	str	r4, [r3, #0]
100039ec:	4c25      	ldr	r4, [pc, #148]	@ (10003a84 <tud_init+0xc4>)
100039ee:	0020      	movs	r0, r4
100039f0:	3c14      	subs	r4, #20
100039f2:	f7fd fe31 	bl	10001658 <critical_section_init>
100039f6:	0020      	movs	r0, r4
100039f8:	f001 fbcc 	bl	10005194 <tu_fifo_clear>
100039fc:	4b22      	ldr	r3, [pc, #136]	@ (10003a88 <tud_init+0xc8>)
100039fe:	4f23      	ldr	r7, [pc, #140]	@ (10003a8c <tud_init+0xcc>)
10003a00:	601c      	str	r4, [r3, #0]
10003a02:	4b23      	ldr	r3, [pc, #140]	@ (10003a90 <tud_init+0xd0>)
10003a04:	4698      	mov	r8, r3
10003a06:	2f00      	cmp	r7, #0
10003a08:	d01e      	beq.n	10003a48 <tud_init+0x88>
10003a0a:	0018      	movs	r0, r3
10003a0c:	f7ff fb02 	bl	10003014 <usbd_app_driver_get_cb>
10003a10:	4b20      	ldr	r3, [pc, #128]	@ (10003a94 <tud_init+0xd4>)
10003a12:	6018      	str	r0, [r3, #0]
10003a14:	4643      	mov	r3, r8
10003a16:	781b      	ldrb	r3, [r3, #0]
10003a18:	4a1f      	ldr	r2, [pc, #124]	@ (10003a98 <tud_init+0xd8>)
10003a1a:	2400      	movs	r4, #0
10003a1c:	4691      	mov	r9, r2
10003a1e:	2f00      	cmp	r7, #0
10003a20:	d014      	beq.n	10003a4c <tud_init+0x8c>
10003a22:	464a      	mov	r2, r9
10003a24:	42a3      	cmp	r3, r4
10003a26:	d81a      	bhi.n	10003a5e <tud_init+0x9e>
10003a28:	4790      	blx	r2
10003a2a:	4643      	mov	r3, r8
10003a2c:	3401      	adds	r4, #1
10003a2e:	781b      	ldrb	r3, [r3, #0]
10003a30:	b2e4      	uxtb	r4, r4
10003a32:	42a3      	cmp	r3, r4
10003a34:	d2f3      	bcs.n	10003a1e <tud_init+0x5e>
10003a36:	0028      	movs	r0, r5
10003a38:	7035      	strb	r5, [r6, #0]
10003a3a:	f7ff fe3b 	bl	100036b4 <dcd_init>
10003a3e:	0028      	movs	r0, r5
10003a40:	f7ff fe20 	bl	10003684 <dcd_int_enable>
10003a44:	2001      	movs	r0, #1
10003a46:	e004      	b.n	10003a52 <tud_init+0x92>
10003a48:	781b      	ldrb	r3, [r3, #0]
10003a4a:	e7e5      	b.n	10003a18 <tud_init+0x58>
10003a4c:	2c00      	cmp	r4, #0
10003a4e:	d004      	beq.n	10003a5a <tud_init+0x9a>
10003a50:	2000      	movs	r0, #0
10003a52:	bcc0      	pop	{r6, r7}
10003a54:	46b9      	mov	r9, r7
10003a56:	46b0      	mov	r8, r6
10003a58:	bdf8      	pop	{r3, r4, r5, r6, r7, pc}
10003a5a:	4a0f      	ldr	r2, [pc, #60]	@ (10003a98 <tud_init+0xd8>)
10003a5c:	e7e4      	b.n	10003a28 <tud_init+0x68>
10003a5e:	4a0d      	ldr	r2, [pc, #52]	@ (10003a94 <tud_init+0xd4>)
10003a60:	0063      	lsls	r3, r4, #1
10003a62:	6812      	ldr	r2, [r2, #0]
10003a64:	191b      	adds	r3, r3, r4
10003a66:	00db      	lsls	r3, r3, #3
10003a68:	18d3      	adds	r3, r2, r3
10003a6a:	2b00      	cmp	r3, #0
10003a6c:	d0f0      	beq.n	10003a50 <tud_init+0x90>
10003a6e:	681a      	ldr	r2, [r3, #0]
10003a70:	e7da      	b.n	10003a28 <tud_init+0x68>
10003a72:	46c0      	nop			@ (mov r8, r8)
10003a74:	20000ebc 	.word	0x20000ebc
10003a78:	20001b10 	.word	0x20001b10
10003a7c:	20001ac8 	.word	0x20001ac8
10003a80:	20001b64 	.word	0x20001b64
10003a84:	20000eb4 	.word	0x20000eb4
10003a88:	20001b68 	.word	0x20001b68
10003a8c:	10003015 	.word	0x10003015
10003a90:	2000239d 	.word	0x2000239d
10003a94:	200017e8 	.word	0x200017e8
10003a98:	10004825 	.word	0x10004825

10003a9c <tud_task_ext>:
10003a9c:	b5f0      	push	{r4, r5, r6, r7, lr}
10003a9e:	46de      	mov	lr, fp
10003aa0:	4657      	mov	r7, sl
10003aa2:	464e      	mov	r6, r9
10003aa4:	4645      	mov	r5, r8
10003aa6:	b5e0      	push	{r5, r6, r7, lr}
10003aa8:	b091      	sub	sp, #68	@ 0x44
10003aaa:	f001 f897 	bl	10004bdc <tusb_inited>
10003aae:	2800      	cmp	r0, #0
10003ab0:	d100      	bne.n	10003ab4 <tud_task_ext+0x18>
10003ab2:	e0fc      	b.n	10003cae <tud_task_ext+0x212>
10003ab4:	4bc3      	ldr	r3, [pc, #780]	@ (10003dc4 <tud_task_ext+0x328>)
10003ab6:	4ec4      	ldr	r6, [pc, #784]	@ (10003dc8 <tud_task_ext+0x32c>)
10003ab8:	4699      	mov	r9, r3
10003aba:	4bc4      	ldr	r3, [pc, #784]	@ (10003dcc <tud_task_ext+0x330>)
10003abc:	ac0d      	add	r4, sp, #52	@ 0x34
10003abe:	9302      	str	r3, [sp, #8]
10003ac0:	4bc3      	ldr	r3, [pc, #780]	@ (10003dd0 <tud_task_ext+0x334>)
10003ac2:	469b      	mov	fp, r3
10003ac4:	464b      	mov	r3, r9
10003ac6:	9301      	str	r3, [sp, #4]
10003ac8:	6835      	ldr	r5, [r6, #0]
10003aca:	696a      	ldr	r2, [r5, #20]
10003acc:	f3ef 8110 	mrs	r1, PRIMASK
10003ad0:	b672      	cpsid	i
10003ad2:	6813      	ldr	r3, [r2, #0]
10003ad4:	2b00      	cmp	r3, #0
10003ad6:	d0fc      	beq.n	10003ad2 <tud_task_ext+0x36>
10003ad8:	f3bf 8f5f 	dmb	sy
10003adc:	61a9      	str	r1, [r5, #24]
10003ade:	0028      	movs	r0, r5
10003ae0:	0021      	movs	r1, r4
10003ae2:	f001 f985 	bl	10004df0 <tu_fifo_read>
10003ae6:	696a      	ldr	r2, [r5, #20]
10003ae8:	69ab      	ldr	r3, [r5, #24]
10003aea:	f3bf 8f5f 	dmb	sy
10003aee:	2100      	movs	r1, #0
10003af0:	6011      	str	r1, [r2, #0]
10003af2:	f383 8810 	msr	PRIMASK, r3
10003af6:	2800      	cmp	r0, #0
10003af8:	d100      	bne.n	10003afc <tud_task_ext+0x60>
10003afa:	e0d8      	b.n	10003cae <tud_task_ext+0x212>
10003afc:	7863      	ldrb	r3, [r4, #1]
10003afe:	2b08      	cmp	r3, #8
10003b00:	d8e2      	bhi.n	10003ac8 <tud_task_ext+0x2c>
10003b02:	9a01      	ldr	r2, [sp, #4]
10003b04:	009b      	lsls	r3, r3, #2
10003b06:	58d3      	ldr	r3, [r2, r3]
10003b08:	469f      	mov	pc, r3
10003b0a:	6863      	ldr	r3, [r4, #4]
10003b0c:	2b00      	cmp	r3, #0
10003b0e:	d0db      	beq.n	10003ac8 <tud_task_ext+0x2c>
10003b10:	68a0      	ldr	r0, [r4, #8]
10003b12:	4798      	blx	r3
10003b14:	e7d8      	b.n	10003ac8 <tud_task_ext+0x2c>
10003b16:	207f      	movs	r0, #127	@ 0x7f
10003b18:	7921      	ldrb	r1, [r4, #4]
10003b1a:	4dac      	ldr	r5, [pc, #688]	@ (10003dcc <tud_task_ext+0x330>)
10003b1c:	4008      	ands	r0, r1
10003b1e:	0043      	lsls	r3, r0, #1
10003b20:	09ca      	lsrs	r2, r1, #7
10003b22:	18eb      	adds	r3, r5, r3
10003b24:	189b      	adds	r3, r3, r2
10003b26:	001d      	movs	r5, r3
10003b28:	2701      	movs	r7, #1
10003b2a:	3530      	adds	r5, #48	@ 0x30
10003b2c:	78ea      	ldrb	r2, [r5, #3]
10003b2e:	43ba      	bics	r2, r7
10003b30:	70ea      	strb	r2, [r5, #3]
10003b32:	78ea      	ldrb	r2, [r5, #3]
10003b34:	3703      	adds	r7, #3
10003b36:	43ba      	bics	r2, r7
10003b38:	70ea      	strb	r2, [r5, #3]
10003b3a:	2800      	cmp	r0, #0
10003b3c:	d100      	bne.n	10003b40 <tud_task_ext+0xa4>
10003b3e:	e0f2      	b.n	10003d26 <tud_task_ext+0x28a>
10003b40:	4fa4      	ldr	r7, [pc, #656]	@ (10003dd4 <tud_task_ext+0x338>)
10003b42:	7cdb      	ldrb	r3, [r3, #19]
10003b44:	2f00      	cmp	r7, #0
10003b46:	d006      	beq.n	10003b56 <tud_task_ext+0xba>
10003b48:	4aa3      	ldr	r2, [pc, #652]	@ (10003dd8 <tud_task_ext+0x33c>)
10003b4a:	7812      	ldrb	r2, [r2, #0]
10003b4c:	4293      	cmp	r3, r2
10003b4e:	d200      	bcs.n	10003b52 <tud_task_ext+0xb6>
10003b50:	e0f1      	b.n	10003d36 <tud_task_ext+0x29a>
10003b52:	1a9b      	subs	r3, r3, r2
10003b54:	b2db      	uxtb	r3, r3
10003b56:	2b00      	cmp	r3, #0
10003b58:	d000      	beq.n	10003b5c <tud_task_ext+0xc0>
10003b5a:	e0a8      	b.n	10003cae <tud_task_ext+0x212>
10003b5c:	4d9f      	ldr	r5, [pc, #636]	@ (10003ddc <tud_task_ext+0x340>)
10003b5e:	68a3      	ldr	r3, [r4, #8]
10003b60:	7962      	ldrb	r2, [r4, #5]
10003b62:	7820      	ldrb	r0, [r4, #0]
10003b64:	47a8      	blx	r5
10003b66:	e7af      	b.n	10003ac8 <tud_task_ext+0x2c>
10003b68:	2201      	movs	r2, #1
10003b6a:	4d98      	ldr	r5, [pc, #608]	@ (10003dcc <tud_task_ext+0x330>)
10003b6c:	2001      	movs	r0, #1
10003b6e:	782b      	ldrb	r3, [r5, #0]
10003b70:	2104      	movs	r1, #4
10003b72:	4313      	orrs	r3, r2
10003b74:	702b      	strb	r3, [r5, #0]
10003b76:	2333      	movs	r3, #51	@ 0x33
10003b78:	5cea      	ldrb	r2, [r5, r3]
10003b7a:	4382      	bics	r2, r0
10003b7c:	54ea      	strb	r2, [r5, r3]
10003b7e:	5cea      	ldrb	r2, [r5, r3]
10003b80:	438a      	bics	r2, r1
10003b82:	54ea      	strb	r2, [r5, r3]
10003b84:	3301      	adds	r3, #1
10003b86:	5cea      	ldrb	r2, [r5, r3]
10003b88:	4382      	bics	r2, r0
10003b8a:	54ea      	strb	r2, [r5, r3]
10003b8c:	5cea      	ldrb	r2, [r5, r3]
10003b8e:	2000      	movs	r0, #0
10003b90:	438a      	bics	r2, r1
10003b92:	54ea      	strb	r2, [r5, r3]
10003b94:	7823      	ldrb	r3, [r4, #0]
10003b96:	469a      	mov	sl, r3
10003b98:	f000 fcf8 	bl	1000458c <usbd_control_set_complete_callback>
10003b9c:	2260      	movs	r2, #96	@ 0x60
10003b9e:	7923      	ldrb	r3, [r4, #4]
10003ba0:	401a      	ands	r2, r3
10003ba2:	2a60      	cmp	r2, #96	@ 0x60
10003ba4:	d100      	bne.n	10003ba8 <tud_task_ext+0x10c>
10003ba6:	e0b5      	b.n	10003d14 <tud_task_ext+0x278>
10003ba8:	2a40      	cmp	r2, #64	@ 0x40
10003baa:	d100      	bne.n	10003bae <tud_task_ext+0x112>
10003bac:	e0af      	b.n	10003d0e <tud_task_ext+0x272>
10003bae:	06db      	lsls	r3, r3, #27
10003bb0:	0edb      	lsrs	r3, r3, #27
10003bb2:	2b01      	cmp	r3, #1
10003bb4:	d100      	bne.n	10003bb8 <tud_task_ext+0x11c>
10003bb6:	e0d3      	b.n	10003d60 <tud_task_ext+0x2c4>
10003bb8:	2b02      	cmp	r3, #2
10003bba:	d100      	bne.n	10003bbe <tud_task_ext+0x122>
10003bbc:	e120      	b.n	10003e00 <tud_task_ext+0x364>
10003bbe:	2b00      	cmp	r3, #0
10003bc0:	d000      	beq.n	10003bc4 <tud_task_ext+0x128>
10003bc2:	e0a7      	b.n	10003d14 <tud_task_ext+0x278>
10003bc4:	2a20      	cmp	r2, #32
10003bc6:	d100      	bne.n	10003bca <tud_task_ext+0x12e>
10003bc8:	e153      	b.n	10003e72 <tud_task_ext+0x3d6>
10003bca:	2a00      	cmp	r2, #0
10003bcc:	d000      	beq.n	10003bd0 <tud_task_ext+0x134>
10003bce:	e0a1      	b.n	10003d14 <tud_task_ext+0x278>
10003bd0:	7963      	ldrb	r3, [r4, #5]
10003bd2:	2b09      	cmp	r3, #9
10003bd4:	d900      	bls.n	10003bd8 <tud_task_ext+0x13c>
10003bd6:	e09d      	b.n	10003d14 <tud_task_ext+0x278>
10003bd8:	4a81      	ldr	r2, [pc, #516]	@ (10003de0 <tud_task_ext+0x344>)
10003bda:	009b      	lsls	r3, r3, #2
10003bdc:	58d3      	ldr	r3, [r2, r3]
10003bde:	469f      	mov	pc, r3
10003be0:	9b02      	ldr	r3, [sp, #8]
10003be2:	781b      	ldrb	r3, [r3, #0]
10003be4:	07db      	lsls	r3, r3, #31
10003be6:	d400      	bmi.n	10003bea <tud_task_ext+0x14e>
10003be8:	e76e      	b.n	10003ac8 <tud_task_ext+0x2c>
10003bea:	4b7e      	ldr	r3, [pc, #504]	@ (10003de4 <tud_task_ext+0x348>)
10003bec:	2b00      	cmp	r3, #0
10003bee:	d100      	bne.n	10003bf2 <tud_task_ext+0x156>
10003bf0:	e76a      	b.n	10003ac8 <tud_task_ext+0x2c>
10003bf2:	e000      	b.n	10003bf6 <tud_task_ext+0x15a>
10003bf4:	bf00      	nop
10003bf6:	e767      	b.n	10003ac8 <tud_task_ext+0x2c>
10003bf8:	4d74      	ldr	r5, [pc, #464]	@ (10003dcc <tud_task_ext+0x330>)
10003bfa:	782b      	ldrb	r3, [r5, #0]
10003bfc:	07db      	lsls	r3, r3, #31
10003bfe:	d400      	bmi.n	10003c02 <tud_task_ext+0x166>
10003c00:	e762      	b.n	10003ac8 <tud_task_ext+0x2c>
10003c02:	4b79      	ldr	r3, [pc, #484]	@ (10003de8 <tud_task_ext+0x34c>)
10003c04:	2b00      	cmp	r3, #0
10003c06:	d100      	bne.n	10003c0a <tud_task_ext+0x16e>
10003c08:	e75e      	b.n	10003ac8 <tud_task_ext+0x2c>
10003c0a:	7828      	ldrb	r0, [r5, #0]
10003c0c:	0700      	lsls	r0, r0, #28
10003c0e:	0fc0      	lsrs	r0, r0, #31
10003c10:	e000      	b.n	10003c14 <tud_task_ext+0x178>
10003c12:	bf00      	nop
10003c14:	e758      	b.n	10003ac8 <tud_task_ext+0x2c>
10003c16:	2500      	movs	r5, #0
10003c18:	7823      	ldrb	r3, [r4, #0]
10003c1a:	4f6e      	ldr	r7, [pc, #440]	@ (10003dd4 <tud_task_ext+0x338>)
10003c1c:	469a      	mov	sl, r3
10003c1e:	4b6e      	ldr	r3, [pc, #440]	@ (10003dd8 <tud_task_ext+0x33c>)
10003c20:	4698      	mov	r8, r3
10003c22:	781b      	ldrb	r3, [r3, #0]
10003c24:	2f00      	cmp	r7, #0
10003c26:	d049      	beq.n	10003cbc <tud_task_ext+0x220>
10003c28:	465a      	mov	r2, fp
10003c2a:	42ab      	cmp	r3, r5
10003c2c:	d863      	bhi.n	10003cf6 <tud_task_ext+0x25a>
10003c2e:	4650      	mov	r0, sl
10003c30:	4790      	blx	r2
10003c32:	4643      	mov	r3, r8
10003c34:	3501      	adds	r5, #1
10003c36:	781b      	ldrb	r3, [r3, #0]
10003c38:	b2ed      	uxtb	r5, r5
10003c3a:	42ab      	cmp	r3, r5
10003c3c:	d2f2      	bcs.n	10003c24 <tud_task_ext+0x188>
10003c3e:	4d63      	ldr	r5, [pc, #396]	@ (10003dcc <tud_task_ext+0x330>)
10003c40:	2253      	movs	r2, #83	@ 0x53
10003c42:	2100      	movs	r1, #0
10003c44:	0028      	movs	r0, r5
10003c46:	f7ff f869 	bl	10002d1c <__wrap_memset>
10003c4a:	2210      	movs	r2, #16
10003c4c:	21ff      	movs	r1, #255	@ 0xff
10003c4e:	1ce8      	adds	r0, r5, #3
10003c50:	f7ff f864 	bl	10002d1c <__wrap_memset>
10003c54:	0028      	movs	r0, r5
10003c56:	2220      	movs	r2, #32
10003c58:	21ff      	movs	r1, #255	@ 0xff
10003c5a:	3013      	adds	r0, #19
10003c5c:	f7ff f85e 	bl	10002d1c <__wrap_memset>
10003c60:	e02e      	b.n	10003cc0 <tud_task_ext+0x224>
10003c62:	2500      	movs	r5, #0
10003c64:	7823      	ldrb	r3, [r4, #0]
10003c66:	4f5b      	ldr	r7, [pc, #364]	@ (10003dd4 <tud_task_ext+0x338>)
10003c68:	469a      	mov	sl, r3
10003c6a:	4b5b      	ldr	r3, [pc, #364]	@ (10003dd8 <tud_task_ext+0x33c>)
10003c6c:	4698      	mov	r8, r3
10003c6e:	781b      	ldrb	r3, [r3, #0]
10003c70:	2f00      	cmp	r7, #0
10003c72:	d02e      	beq.n	10003cd2 <tud_task_ext+0x236>
10003c74:	465a      	mov	r2, fp
10003c76:	429d      	cmp	r5, r3
10003c78:	d333      	bcc.n	10003ce2 <tud_task_ext+0x246>
10003c7a:	4650      	mov	r0, sl
10003c7c:	4790      	blx	r2
10003c7e:	4643      	mov	r3, r8
10003c80:	3501      	adds	r5, #1
10003c82:	781b      	ldrb	r3, [r3, #0]
10003c84:	b2ed      	uxtb	r5, r5
10003c86:	42ab      	cmp	r3, r5
10003c88:	d2f2      	bcs.n	10003c70 <tud_task_ext+0x1d4>
10003c8a:	4d50      	ldr	r5, [pc, #320]	@ (10003dcc <tud_task_ext+0x330>)
10003c8c:	2253      	movs	r2, #83	@ 0x53
10003c8e:	2100      	movs	r1, #0
10003c90:	0028      	movs	r0, r5
10003c92:	f7ff f843 	bl	10002d1c <__wrap_memset>
10003c96:	2210      	movs	r2, #16
10003c98:	21ff      	movs	r1, #255	@ 0xff
10003c9a:	1ce8      	adds	r0, r5, #3
10003c9c:	f7ff f83e 	bl	10002d1c <__wrap_memset>
10003ca0:	0028      	movs	r0, r5
10003ca2:	2220      	movs	r2, #32
10003ca4:	21ff      	movs	r1, #255	@ 0xff
10003ca6:	3013      	adds	r0, #19
10003ca8:	f7ff f838 	bl	10002d1c <__wrap_memset>
10003cac:	e014      	b.n	10003cd8 <tud_task_ext+0x23c>
10003cae:	b011      	add	sp, #68	@ 0x44
10003cb0:	bcf0      	pop	{r4, r5, r6, r7}
10003cb2:	46bb      	mov	fp, r7
10003cb4:	46b2      	mov	sl, r6
10003cb6:	46a9      	mov	r9, r5
10003cb8:	46a0      	mov	r8, r4
10003cba:	bdf0      	pop	{r4, r5, r6, r7, pc}
10003cbc:	2d00      	cmp	r5, #0
10003cbe:	d038      	beq.n	10003d32 <tud_task_ext+0x296>
10003cc0:	f000 fc5a 	bl	10004578 <usbd_control_reset>
10003cc4:	4b49      	ldr	r3, [pc, #292]	@ (10003dec <tud_task_ext+0x350>)
10003cc6:	2b00      	cmp	r3, #0
10003cc8:	d100      	bne.n	10003ccc <tud_task_ext+0x230>
10003cca:	e6fd      	b.n	10003ac8 <tud_task_ext+0x2c>
10003ccc:	e000      	b.n	10003cd0 <tud_task_ext+0x234>
10003cce:	bf00      	nop
10003cd0:	e6fa      	b.n	10003ac8 <tud_task_ext+0x2c>
10003cd2:	2d00      	cmp	r5, #0
10003cd4:	d019      	beq.n	10003d0a <tud_task_ext+0x26e>
10003cd6:	4d3d      	ldr	r5, [pc, #244]	@ (10003dcc <tud_task_ext+0x330>)
10003cd8:	f000 fc4e 	bl	10004578 <usbd_control_reset>
10003cdc:	7923      	ldrb	r3, [r4, #4]
10003cde:	70ab      	strb	r3, [r5, #2]
10003ce0:	e6f2      	b.n	10003ac8 <tud_task_ext+0x2c>
10003ce2:	4a43      	ldr	r2, [pc, #268]	@ (10003df0 <tud_task_ext+0x354>)
10003ce4:	006b      	lsls	r3, r5, #1
10003ce6:	6812      	ldr	r2, [r2, #0]
10003ce8:	195b      	adds	r3, r3, r5
10003cea:	00db      	lsls	r3, r3, #3
10003cec:	18d3      	adds	r3, r2, r3
10003cee:	2b00      	cmp	r3, #0
10003cf0:	d0f1      	beq.n	10003cd6 <tud_task_ext+0x23a>
10003cf2:	685a      	ldr	r2, [r3, #4]
10003cf4:	e7c1      	b.n	10003c7a <tud_task_ext+0x1de>
10003cf6:	4a3e      	ldr	r2, [pc, #248]	@ (10003df0 <tud_task_ext+0x354>)
10003cf8:	006b      	lsls	r3, r5, #1
10003cfa:	6812      	ldr	r2, [r2, #0]
10003cfc:	195b      	adds	r3, r3, r5
10003cfe:	00db      	lsls	r3, r3, #3
10003d00:	18d3      	adds	r3, r2, r3
10003d02:	2b00      	cmp	r3, #0
10003d04:	d0dc      	beq.n	10003cc0 <tud_task_ext+0x224>
10003d06:	685a      	ldr	r2, [r3, #4]
10003d08:	e791      	b.n	10003c2e <tud_task_ext+0x192>
10003d0a:	4a31      	ldr	r2, [pc, #196]	@ (10003dd0 <tud_task_ext+0x334>)
10003d0c:	e7b5      	b.n	10003c7a <tud_task_ext+0x1de>
10003d0e:	4839      	ldr	r0, [pc, #228]	@ (10003df4 <tud_task_ext+0x358>)
10003d10:	2800      	cmp	r0, #0
10003d12:	d11a      	bne.n	10003d4a <tud_task_ext+0x2ae>
10003d14:	7820      	ldrb	r0, [r4, #0]
10003d16:	2100      	movs	r1, #0
10003d18:	f7ff fdc0 	bl	1000389c <dcd_edpt_stall>
10003d1c:	2180      	movs	r1, #128	@ 0x80
10003d1e:	7820      	ldrb	r0, [r4, #0]
10003d20:	f7ff fdbc 	bl	1000389c <dcd_edpt_stall>
10003d24:	e6d0      	b.n	10003ac8 <tud_task_ext+0x2c>
10003d26:	68a3      	ldr	r3, [r4, #8]
10003d28:	7962      	ldrb	r2, [r4, #5]
10003d2a:	7820      	ldrb	r0, [r4, #0]
10003d2c:	f000 fc42 	bl	100045b4 <usbd_control_xfer_cb>
10003d30:	e6ca      	b.n	10003ac8 <tud_task_ext+0x2c>
10003d32:	4a27      	ldr	r2, [pc, #156]	@ (10003dd0 <tud_task_ext+0x334>)
10003d34:	e77b      	b.n	10003c2e <tud_task_ext+0x192>
10003d36:	4a2e      	ldr	r2, [pc, #184]	@ (10003df0 <tud_task_ext+0x354>)
10003d38:	0058      	lsls	r0, r3, #1
10003d3a:	6812      	ldr	r2, [r2, #0]
10003d3c:	18c3      	adds	r3, r0, r3
10003d3e:	00db      	lsls	r3, r3, #3
10003d40:	18d3      	adds	r3, r2, r3
10003d42:	2b00      	cmp	r3, #0
10003d44:	d0b3      	beq.n	10003cae <tud_task_ext+0x212>
10003d46:	691d      	ldr	r5, [r3, #16]
10003d48:	e709      	b.n	10003b5e <tud_task_ext+0xc2>
10003d4a:	f000 fc1f 	bl	1000458c <usbd_control_set_complete_callback>
10003d4e:	2101      	movs	r1, #1
10003d50:	4650      	mov	r0, sl
10003d52:	aa0e      	add	r2, sp, #56	@ 0x38
10003d54:	e000      	b.n	10003d58 <tud_task_ext+0x2bc>
10003d56:	bf00      	nop
10003d58:	2800      	cmp	r0, #0
10003d5a:	d000      	beq.n	10003d5e <tud_task_ext+0x2c2>
10003d5c:	e6b4      	b.n	10003ac8 <tud_task_ext+0x2c>
10003d5e:	e7d9      	b.n	10003d14 <tud_task_ext+0x278>
10003d60:	7a23      	ldrb	r3, [r4, #8]
10003d62:	2b0f      	cmp	r3, #15
10003d64:	d8d6      	bhi.n	10003d14 <tud_task_ext+0x278>
10003d66:	4f1b      	ldr	r7, [pc, #108]	@ (10003dd4 <tud_task_ext+0x338>)
10003d68:	18eb      	adds	r3, r5, r3
10003d6a:	78db      	ldrb	r3, [r3, #3]
10003d6c:	2f00      	cmp	r7, #0
10003d6e:	d006      	beq.n	10003d7e <tud_task_ext+0x2e2>
10003d70:	4a19      	ldr	r2, [pc, #100]	@ (10003dd8 <tud_task_ext+0x33c>)
10003d72:	7812      	ldrb	r2, [r2, #0]
10003d74:	4293      	cmp	r3, r2
10003d76:	d200      	bcs.n	10003d7a <tud_task_ext+0x2de>
10003d78:	e09c      	b.n	10003eb4 <tud_task_ext+0x418>
10003d7a:	1a9b      	subs	r3, r3, r2
10003d7c:	b2db      	uxtb	r3, r3
10003d7e:	2b00      	cmp	r3, #0
10003d80:	d1c8      	bne.n	10003d14 <tud_task_ext+0x278>
10003d82:	481d      	ldr	r0, [pc, #116]	@ (10003df8 <tud_task_ext+0x35c>)
10003d84:	4d1d      	ldr	r5, [pc, #116]	@ (10003dfc <tud_task_ext+0x360>)
10003d86:	f000 fc01 	bl	1000458c <usbd_control_set_complete_callback>
10003d8a:	2101      	movs	r1, #1
10003d8c:	4650      	mov	r0, sl
10003d8e:	68eb      	ldr	r3, [r5, #12]
10003d90:	aa0e      	add	r2, sp, #56	@ 0x38
10003d92:	4798      	blx	r3
10003d94:	2800      	cmp	r0, #0
10003d96:	d000      	beq.n	10003d9a <tud_task_ext+0x2fe>
10003d98:	e696      	b.n	10003ac8 <tud_task_ext+0x2c>
10003d9a:	2260      	movs	r2, #96	@ 0x60
10003d9c:	0015      	movs	r5, r2
10003d9e:	7923      	ldrb	r3, [r4, #4]
10003da0:	401d      	ands	r5, r3
10003da2:	421a      	tst	r2, r3
10003da4:	d1b6      	bne.n	10003d14 <tud_task_ext+0x278>
10003da6:	7963      	ldrb	r3, [r4, #5]
10003da8:	3b0a      	subs	r3, #10
10003daa:	2b01      	cmp	r3, #1
10003dac:	d8b2      	bhi.n	10003d14 <tud_task_ext+0x278>
10003dae:	f000 fbed 	bl	1000458c <usbd_control_set_complete_callback>
10003db2:	7963      	ldrb	r3, [r4, #5]
10003db4:	2b0a      	cmp	r3, #10
10003db6:	d100      	bne.n	10003dba <tud_task_ext+0x31e>
10003db8:	e17d      	b.n	100040b6 <tud_task_ext+0x61a>
10003dba:	4650      	mov	r0, sl
10003dbc:	a90e      	add	r1, sp, #56	@ 0x38
10003dbe:	f000 fb6f 	bl	100044a0 <tud_control_status>
10003dc2:	e681      	b.n	10003ac8 <tud_task_ext+0x2c>
10003dc4:	10006624 	.word	0x10006624
10003dc8:	20001b68 	.word	0x20001b68
10003dcc:	20001b10 	.word	0x20001b10
10003dd0:	100048a1 	.word	0x100048a1
10003dd4:	10003015 	.word	0x10003015
10003dd8:	2000239d 	.word	0x2000239d
10003ddc:	10004a95 	.word	0x10004a95
10003de0:	10006648 	.word	0x10006648
	...
10003df0:	200017e8 	.word	0x200017e8
10003df4:	00000000 	.word	0x00000000
10003df8:	100049b1 	.word	0x100049b1
10003dfc:	100066b0 	.word	0x100066b0
10003e00:	2370      	movs	r3, #112	@ 0x70
10003e02:	7a21      	ldrb	r1, [r4, #8]
10003e04:	420b      	tst	r3, r1
10003e06:	d185      	bne.n	10003d14 <tud_task_ext+0x278>
10003e08:	09c8      	lsrs	r0, r1, #7
10003e0a:	4684      	mov	ip, r0
10003e0c:	330f      	adds	r3, #15
10003e0e:	400b      	ands	r3, r1
10003e10:	005b      	lsls	r3, r3, #1
10003e12:	18e8      	adds	r0, r5, r3
10003e14:	4460      	add	r0, ip
10003e16:	7cc0      	ldrb	r0, [r0, #19]
10003e18:	4fb1      	ldr	r7, [pc, #708]	@ (100040e0 <tud_task_ext+0x644>)
10003e1a:	4680      	mov	r8, r0
10003e1c:	2f00      	cmp	r7, #0
10003e1e:	d007      	beq.n	10003e30 <tud_task_ext+0x394>
10003e20:	48b0      	ldr	r0, [pc, #704]	@ (100040e4 <tud_task_ext+0x648>)
10003e22:	7800      	ldrb	r0, [r0, #0]
10003e24:	4580      	cmp	r8, r0
10003e26:	d350      	bcc.n	10003eca <tud_task_ext+0x42e>
10003e28:	4647      	mov	r7, r8
10003e2a:	1a38      	subs	r0, r7, r0
10003e2c:	b2c0      	uxtb	r0, r0
10003e2e:	4680      	mov	r8, r0
10003e30:	4640      	mov	r0, r8
10003e32:	2800      	cmp	r0, #0
10003e34:	d13a      	bne.n	10003eac <tud_task_ext+0x410>
10003e36:	2a00      	cmp	r2, #0
10003e38:	d000      	beq.n	10003e3c <tud_task_ext+0x3a0>
10003e3a:	e0f5      	b.n	10004028 <tud_task_ext+0x58c>
10003e3c:	4aaa      	ldr	r2, [pc, #680]	@ (100040e8 <tud_task_ext+0x64c>)
10003e3e:	4690      	mov	r8, r2
10003e40:	7967      	ldrb	r7, [r4, #5]
10003e42:	2002      	movs	r0, #2
10003e44:	003a      	movs	r2, r7
10003e46:	4382      	bics	r2, r0
10003e48:	2a01      	cmp	r2, #1
10003e4a:	d100      	bne.n	10003e4e <tud_task_ext+0x3b2>
10003e4c:	e0f0      	b.n	10004030 <tud_task_ext+0x594>
10003e4e:	2f00      	cmp	r7, #0
10003e50:	d000      	beq.n	10003e54 <tud_task_ext+0x3b8>
10003e52:	e75f      	b.n	10003d14 <tud_task_ext+0x278>
10003e54:	18eb      	adds	r3, r5, r3
10003e56:	4463      	add	r3, ip
10003e58:	3330      	adds	r3, #48	@ 0x30
10003e5a:	78db      	ldrb	r3, [r3, #3]
10003e5c:	aa0c      	add	r2, sp, #48	@ 0x30
10003e5e:	079b      	lsls	r3, r3, #30
10003e60:	0fdb      	lsrs	r3, r3, #31
10003e62:	3202      	adds	r2, #2
10003e64:	8013      	strh	r3, [r2, #0]
10003e66:	4650      	mov	r0, sl
10003e68:	2302      	movs	r3, #2
10003e6a:	a90e      	add	r1, sp, #56	@ 0x38
10003e6c:	f000 fb2e 	bl	100044cc <tud_control_xfer>
10003e70:	e62a      	b.n	10003ac8 <tud_task_ext+0x2c>
10003e72:	7a23      	ldrb	r3, [r4, #8]
10003e74:	2b0f      	cmp	r3, #15
10003e76:	d900      	bls.n	10003e7a <tud_task_ext+0x3de>
10003e78:	e74c      	b.n	10003d14 <tud_task_ext+0x278>
10003e7a:	4f99      	ldr	r7, [pc, #612]	@ (100040e0 <tud_task_ext+0x644>)
10003e7c:	18eb      	adds	r3, r5, r3
10003e7e:	78db      	ldrb	r3, [r3, #3]
10003e80:	2f00      	cmp	r7, #0
10003e82:	d006      	beq.n	10003e92 <tud_task_ext+0x3f6>
10003e84:	4a97      	ldr	r2, [pc, #604]	@ (100040e4 <tud_task_ext+0x648>)
10003e86:	7812      	ldrb	r2, [r2, #0]
10003e88:	4293      	cmp	r3, r2
10003e8a:	d200      	bcs.n	10003e8e <tud_task_ext+0x3f2>
10003e8c:	e0f3      	b.n	10004076 <tud_task_ext+0x5da>
10003e8e:	1a9b      	subs	r3, r3, r2
10003e90:	b2db      	uxtb	r3, r3
10003e92:	2b00      	cmp	r3, #0
10003e94:	d000      	beq.n	10003e98 <tud_task_ext+0x3fc>
10003e96:	e73d      	b.n	10003d14 <tud_task_ext+0x278>
10003e98:	4894      	ldr	r0, [pc, #592]	@ (100040ec <tud_task_ext+0x650>)
10003e9a:	4d93      	ldr	r5, [pc, #588]	@ (100040e8 <tud_task_ext+0x64c>)
10003e9c:	f000 fb76 	bl	1000458c <usbd_control_set_complete_callback>
10003ea0:	2101      	movs	r1, #1
10003ea2:	4650      	mov	r0, sl
10003ea4:	68eb      	ldr	r3, [r5, #12]
10003ea6:	aa0e      	add	r2, sp, #56	@ 0x38
10003ea8:	4798      	blx	r3
10003eaa:	e755      	b.n	10003d58 <tud_task_ext+0x2bc>
10003eac:	4690      	mov	r8, r2
10003eae:	2a00      	cmp	r2, #0
10003eb0:	d0c6      	beq.n	10003e40 <tud_task_ext+0x3a4>
10003eb2:	e72f      	b.n	10003d14 <tud_task_ext+0x278>
10003eb4:	4a8e      	ldr	r2, [pc, #568]	@ (100040f0 <tud_task_ext+0x654>)
10003eb6:	0059      	lsls	r1, r3, #1
10003eb8:	6815      	ldr	r5, [r2, #0]
10003eba:	18cb      	adds	r3, r1, r3
10003ebc:	00db      	lsls	r3, r3, #3
10003ebe:	18ed      	adds	r5, r5, r3
10003ec0:	2d00      	cmp	r5, #0
10003ec2:	d100      	bne.n	10003ec6 <tud_task_ext+0x42a>
10003ec4:	e726      	b.n	10003d14 <tud_task_ext+0x278>
10003ec6:	68e8      	ldr	r0, [r5, #12]
10003ec8:	e75d      	b.n	10003d86 <tud_task_ext+0x2ea>
10003eca:	4647      	mov	r7, r8
10003ecc:	4888      	ldr	r0, [pc, #544]	@ (100040f0 <tud_task_ext+0x654>)
10003ece:	007f      	lsls	r7, r7, #1
10003ed0:	6800      	ldr	r0, [r0, #0]
10003ed2:	4447      	add	r7, r8
10003ed4:	4680      	mov	r8, r0
10003ed6:	00ff      	lsls	r7, r7, #3
10003ed8:	44b8      	add	r8, r7
10003eda:	2a00      	cmp	r2, #0
10003edc:	d0b0      	beq.n	10003e40 <tud_task_ext+0x3a4>
10003ede:	4643      	mov	r3, r8
10003ee0:	2b00      	cmp	r3, #0
10003ee2:	d100      	bne.n	10003ee6 <tud_task_ext+0x44a>
10003ee4:	e716      	b.n	10003d14 <tud_task_ext+0x278>
10003ee6:	68d8      	ldr	r0, [r3, #12]
10003ee8:	f000 fb50 	bl	1000458c <usbd_control_set_complete_callback>
10003eec:	4643      	mov	r3, r8
10003eee:	2101      	movs	r1, #1
10003ef0:	4650      	mov	r0, sl
10003ef2:	68db      	ldr	r3, [r3, #12]
10003ef4:	aa0e      	add	r2, sp, #56	@ 0x38
10003ef6:	4798      	blx	r3
10003ef8:	e72e      	b.n	10003d58 <tud_task_ext+0x2bc>
10003efa:	79a3      	ldrb	r3, [r4, #6]
10003efc:	9303      	str	r3, [sp, #12]
10003efe:	001a      	movs	r2, r3
10003f00:	786b      	ldrb	r3, [r5, #1]
10003f02:	429a      	cmp	r2, r3
10003f04:	d007      	beq.n	10003f16 <tud_task_ext+0x47a>
10003f06:	786b      	ldrb	r3, [r5, #1]
10003f08:	2b00      	cmp	r3, #0
10003f0a:	d000      	beq.n	10003f0e <tud_task_ext+0x472>
10003f0c:	e158      	b.n	100041c0 <tud_task_ext+0x724>
10003f0e:	9b03      	ldr	r3, [sp, #12]
10003f10:	2b00      	cmp	r3, #0
10003f12:	d000      	beq.n	10003f16 <tud_task_ext+0x47a>
10003f14:	e0f8      	b.n	10004108 <tud_task_ext+0x66c>
10003f16:	9b03      	ldr	r3, [sp, #12]
10003f18:	4650      	mov	r0, sl
10003f1a:	a90e      	add	r1, sp, #56	@ 0x38
10003f1c:	706b      	strb	r3, [r5, #1]
10003f1e:	f000 fabf 	bl	100044a0 <tud_control_status>
10003f22:	e5d1      	b.n	10003ac8 <tud_task_ext+0x2c>
10003f24:	786b      	ldrb	r3, [r5, #1]
10003f26:	aa0c      	add	r2, sp, #48	@ 0x30
10003f28:	3202      	adds	r2, #2
10003f2a:	7013      	strb	r3, [r2, #0]
10003f2c:	4650      	mov	r0, sl
10003f2e:	2301      	movs	r3, #1
10003f30:	a90e      	add	r1, sp, #56	@ 0x38
10003f32:	f000 facb 	bl	100044cc <tud_control_xfer>
10003f36:	e5c7      	b.n	10003ac8 <tud_task_ext+0x2c>
10003f38:	88e3      	ldrh	r3, [r4, #6]
10003f3a:	0a1a      	lsrs	r2, r3, #8
10003f3c:	b2d8      	uxtb	r0, r3
10003f3e:	2a0f      	cmp	r2, #15
10003f40:	d900      	bls.n	10003f44 <tud_task_ext+0x4a8>
10003f42:	e6e7      	b.n	10003d14 <tud_task_ext+0x278>
10003f44:	496b      	ldr	r1, [pc, #428]	@ (100040f4 <tud_task_ext+0x658>)
10003f46:	0093      	lsls	r3, r2, #2
10003f48:	58cb      	ldr	r3, [r1, r3]
10003f4a:	469f      	mov	pc, r3
10003f4c:	a80e      	add	r0, sp, #56	@ 0x38
10003f4e:	f000 fb23 	bl	10004598 <usbd_control_set_request>
10003f52:	4650      	mov	r0, sl
10003f54:	79a1      	ldrb	r1, [r4, #6]
10003f56:	f7ff fb9b 	bl	10003690 <dcd_set_address>
10003f5a:	2202      	movs	r2, #2
10003f5c:	782b      	ldrb	r3, [r5, #0]
10003f5e:	4313      	orrs	r3, r2
10003f60:	702b      	strb	r3, [r5, #0]
10003f62:	e5b1      	b.n	10003ac8 <tud_task_ext+0x2c>
10003f64:	88e3      	ldrh	r3, [r4, #6]
10003f66:	2b01      	cmp	r3, #1
10003f68:	d000      	beq.n	10003f6c <tud_task_ext+0x4d0>
10003f6a:	e6d3      	b.n	10003d14 <tud_task_ext+0x278>
10003f6c:	2208      	movs	r2, #8
10003f6e:	782b      	ldrb	r3, [r5, #0]
10003f70:	4650      	mov	r0, sl
10003f72:	4393      	bics	r3, r2
10003f74:	a90e      	add	r1, sp, #56	@ 0x38
10003f76:	702b      	strb	r3, [r5, #0]
10003f78:	f000 fa92 	bl	100044a0 <tud_control_status>
10003f7c:	e5a4      	b.n	10003ac8 <tud_task_ext+0x2c>
10003f7e:	2002      	movs	r0, #2
10003f80:	7829      	ldrb	r1, [r5, #0]
10003f82:	ab0c      	add	r3, sp, #48	@ 0x30
10003f84:	1c9a      	adds	r2, r3, #2
10003f86:	068b      	lsls	r3, r1, #26
10003f88:	0889      	lsrs	r1, r1, #2
10003f8a:	0fdb      	lsrs	r3, r3, #31
10003f8c:	4001      	ands	r1, r0
10003f8e:	430b      	orrs	r3, r1
10003f90:	e768      	b.n	10003e64 <tud_task_ext+0x3c8>
10003f92:	88e3      	ldrh	r3, [r4, #6]
10003f94:	2b01      	cmp	r3, #1
10003f96:	d000      	beq.n	10003f9a <tud_task_ext+0x4fe>
10003f98:	e6bc      	b.n	10003d14 <tud_task_ext+0x278>
10003f9a:	2208      	movs	r2, #8
10003f9c:	782b      	ldrb	r3, [r5, #0]
10003f9e:	4650      	mov	r0, sl
10003fa0:	4313      	orrs	r3, r2
10003fa2:	a90e      	add	r1, sp, #56	@ 0x38
10003fa4:	702b      	strb	r3, [r5, #0]
10003fa6:	f000 fa7b 	bl	100044a0 <tud_control_status>
10003faa:	e58d      	b.n	10003ac8 <tud_task_ext+0x2c>
10003fac:	4b52      	ldr	r3, [pc, #328]	@ (100040f8 <tud_task_ext+0x65c>)
10003fae:	2b00      	cmp	r3, #0
10003fb0:	d100      	bne.n	10003fb4 <tud_task_ext+0x518>
10003fb2:	e6af      	b.n	10003d14 <tud_task_ext+0x278>
10003fb4:	e000      	b.n	10003fb8 <tud_task_ext+0x51c>
10003fb6:	bf00      	nop
10003fb8:	1e02      	subs	r2, r0, #0
10003fba:	d100      	bne.n	10003fbe <tud_task_ext+0x522>
10003fbc:	e6aa      	b.n	10003d14 <tud_task_ext+0x278>
10003fbe:	78d3      	ldrb	r3, [r2, #3]
10003fc0:	7891      	ldrb	r1, [r2, #2]
10003fc2:	021b      	lsls	r3, r3, #8
10003fc4:	430b      	orrs	r3, r1
10003fc6:	4650      	mov	r0, sl
10003fc8:	a90e      	add	r1, sp, #56	@ 0x38
10003fca:	f000 fa7f 	bl	100044cc <tud_control_xfer>
10003fce:	e6c3      	b.n	10003d58 <tud_task_ext+0x2bc>
10003fd0:	4b4a      	ldr	r3, [pc, #296]	@ (100040fc <tud_task_ext+0x660>)
10003fd2:	2b00      	cmp	r3, #0
10003fd4:	d100      	bne.n	10003fd8 <tud_task_ext+0x53c>
10003fd6:	e69d      	b.n	10003d14 <tud_task_ext+0x278>
10003fd8:	e000      	b.n	10003fdc <tud_task_ext+0x540>
10003fda:	bf00      	nop
10003fdc:	1e02      	subs	r2, r0, #0
10003fde:	d100      	bne.n	10003fe2 <tud_task_ext+0x546>
10003fe0:	e698      	b.n	10003d14 <tud_task_ext+0x278>
10003fe2:	4650      	mov	r0, sl
10003fe4:	7813      	ldrb	r3, [r2, #0]
10003fe6:	a90e      	add	r1, sp, #56	@ 0x38
10003fe8:	f000 fa70 	bl	100044cc <tud_control_xfer>
10003fec:	e6b4      	b.n	10003d58 <tud_task_ext+0x2bc>
10003fee:	8921      	ldrh	r1, [r4, #8]
10003ff0:	f7ff fa12 	bl	10003418 <tud_descriptor_string_cb>
10003ff4:	1e02      	subs	r2, r0, #0
10003ff6:	d1f4      	bne.n	10003fe2 <tud_task_ext+0x546>
10003ff8:	e68c      	b.n	10003d14 <tud_task_ext+0x278>
10003ffa:	2a02      	cmp	r2, #2
10003ffc:	d100      	bne.n	10004000 <tud_task_ext+0x564>
10003ffe:	e12d      	b.n	1000425c <tud_task_ext+0x7c0>
10004000:	4b3f      	ldr	r3, [pc, #252]	@ (10004100 <tud_task_ext+0x664>)
10004002:	2b00      	cmp	r3, #0
10004004:	d100      	bne.n	10004008 <tud_task_ext+0x56c>
10004006:	e685      	b.n	10003d14 <tud_task_ext+0x278>
10004008:	e000      	b.n	1000400c <tud_task_ext+0x570>
1000400a:	bf00      	nop
1000400c:	0002      	movs	r2, r0
1000400e:	2a00      	cmp	r2, #0
10004010:	d100      	bne.n	10004014 <tud_task_ext+0x578>
10004012:	e67f      	b.n	10003d14 <tud_task_ext+0x278>
10004014:	e7d3      	b.n	10003fbe <tud_task_ext+0x522>
10004016:	f7ff f9f7 	bl	10003408 <tud_descriptor_device_cb>
1000401a:	2312      	movs	r3, #18
1000401c:	0002      	movs	r2, r0
1000401e:	a90e      	add	r1, sp, #56	@ 0x38
10004020:	4650      	mov	r0, sl
10004022:	f000 fa53 	bl	100044cc <tud_control_xfer>
10004026:	e697      	b.n	10003d58 <tud_task_ext+0x2bc>
10004028:	4b2f      	ldr	r3, [pc, #188]	@ (100040e8 <tud_task_ext+0x64c>)
1000402a:	4830      	ldr	r0, [pc, #192]	@ (100040ec <tud_task_ext+0x650>)
1000402c:	4698      	mov	r8, r3
1000402e:	e75b      	b.n	10003ee8 <tud_task_ext+0x44c>
10004030:	88e2      	ldrh	r2, [r4, #6]
10004032:	2a00      	cmp	r2, #0
10004034:	d109      	bne.n	1000404a <tud_task_ext+0x5ae>
10004036:	4a33      	ldr	r2, [pc, #204]	@ (10004104 <tud_task_ext+0x668>)
10004038:	7810      	ldrb	r0, [r2, #0]
1000403a:	2f01      	cmp	r7, #1
1000403c:	d026      	beq.n	1000408c <tud_task_ext+0x5f0>
1000403e:	18ef      	adds	r7, r5, r3
10004040:	4467      	add	r7, ip
10004042:	3730      	adds	r7, #48	@ 0x30
10004044:	78fb      	ldrb	r3, [r7, #3]
10004046:	079b      	lsls	r3, r3, #30
10004048:	d53e      	bpl.n	100040c8 <tud_task_ext+0x62c>
1000404a:	4643      	mov	r3, r8
1000404c:	2b00      	cmp	r3, #0
1000404e:	d100      	bne.n	10004052 <tud_task_ext+0x5b6>
10004050:	e53a      	b.n	10003ac8 <tud_task_ext+0x2c>
10004052:	68d8      	ldr	r0, [r3, #12]
10004054:	f000 fa9a 	bl	1000458c <usbd_control_set_complete_callback>
10004058:	4643      	mov	r3, r8
1000405a:	2101      	movs	r1, #1
1000405c:	68db      	ldr	r3, [r3, #12]
1000405e:	aa0e      	add	r2, sp, #56	@ 0x38
10004060:	4650      	mov	r0, sl
10004062:	4798      	blx	r3
10004064:	2000      	movs	r0, #0
10004066:	f000 fa91 	bl	1000458c <usbd_control_set_complete_callback>
1000406a:	2334      	movs	r3, #52	@ 0x34
1000406c:	5ceb      	ldrb	r3, [r5, r3]
1000406e:	07db      	lsls	r3, r3, #31
10004070:	d500      	bpl.n	10004074 <tud_task_ext+0x5d8>
10004072:	e529      	b.n	10003ac8 <tud_task_ext+0x2c>
10004074:	e6a1      	b.n	10003dba <tud_task_ext+0x31e>
10004076:	4a1e      	ldr	r2, [pc, #120]	@ (100040f0 <tud_task_ext+0x654>)
10004078:	0059      	lsls	r1, r3, #1
1000407a:	6815      	ldr	r5, [r2, #0]
1000407c:	18cb      	adds	r3, r1, r3
1000407e:	00db      	lsls	r3, r3, #3
10004080:	18ed      	adds	r5, r5, r3
10004082:	2d00      	cmp	r5, #0
10004084:	d100      	bne.n	10004088 <tud_task_ext+0x5ec>
10004086:	e645      	b.n	10003d14 <tud_task_ext+0x278>
10004088:	68e8      	ldr	r0, [r5, #12]
1000408a:	e707      	b.n	10003e9c <tud_task_ext+0x400>
1000408c:	2230      	movs	r2, #48	@ 0x30
1000408e:	4691      	mov	r9, r2
10004090:	18eb      	adds	r3, r5, r3
10004092:	4463      	add	r3, ip
10004094:	4499      	add	r9, r3
10004096:	464b      	mov	r3, r9
10004098:	78db      	ldrb	r3, [r3, #3]
1000409a:	079b      	lsls	r3, r3, #30
1000409c:	d5d5      	bpl.n	1000404a <tud_task_ext+0x5ae>
1000409e:	f7ff fc17 	bl	100038d0 <dcd_edpt_clear_stall>
100040a2:	464b      	mov	r3, r9
100040a4:	2202      	movs	r2, #2
100040a6:	78db      	ldrb	r3, [r3, #3]
100040a8:	4393      	bics	r3, r2
100040aa:	464a      	mov	r2, r9
100040ac:	70d3      	strb	r3, [r2, #3]
100040ae:	78d3      	ldrb	r3, [r2, #3]
100040b0:	43bb      	bics	r3, r7
100040b2:	70d3      	strb	r3, [r2, #3]
100040b4:	e7c9      	b.n	1000404a <tud_task_ext+0x5ae>
100040b6:	ab0c      	add	r3, sp, #48	@ 0x30
100040b8:	1c9a      	adds	r2, r3, #2
100040ba:	4650      	mov	r0, sl
100040bc:	2301      	movs	r3, #1
100040be:	a90e      	add	r1, sp, #56	@ 0x38
100040c0:	7015      	strb	r5, [r2, #0]
100040c2:	f000 fa03 	bl	100044cc <tud_control_xfer>
100040c6:	e4ff      	b.n	10003ac8 <tud_task_ext+0x2c>
100040c8:	f7ff fbe8 	bl	1000389c <dcd_edpt_stall>
100040cc:	2202      	movs	r2, #2
100040ce:	78fb      	ldrb	r3, [r7, #3]
100040d0:	4313      	orrs	r3, r2
100040d2:	2201      	movs	r2, #1
100040d4:	70fb      	strb	r3, [r7, #3]
100040d6:	78fb      	ldrb	r3, [r7, #3]
100040d8:	4313      	orrs	r3, r2
100040da:	70fb      	strb	r3, [r7, #3]
100040dc:	e7b5      	b.n	1000404a <tud_task_ext+0x5ae>
100040de:	46c0      	nop			@ (mov r8, r8)
100040e0:	10003015 	.word	0x10003015
100040e4:	2000239d 	.word	0x2000239d
100040e8:	100066b0 	.word	0x100066b0
100040ec:	100049b1 	.word	0x100049b1
100040f0:	200017e8 	.word	0x200017e8
100040f4:	10006670 	.word	0x10006670
	...
10004104:	20000ebc 	.word	0x20000ebc
10004108:	1e58      	subs	r0, r3, #1
1000410a:	b2c0      	uxtb	r0, r0
1000410c:	f7ff f980 	bl	10003410 <tud_descriptor_configuration_cb>
10004110:	2800      	cmp	r0, #0
10004112:	d100      	bne.n	10004116 <tud_task_ext+0x67a>
10004114:	e5fe      	b.n	10003d14 <tud_task_ext+0x278>
10004116:	7843      	ldrb	r3, [r0, #1]
10004118:	9307      	str	r3, [sp, #28]
1000411a:	2b02      	cmp	r3, #2
1000411c:	d000      	beq.n	10004120 <tud_task_ext+0x684>
1000411e:	e5f9      	b.n	10003d14 <tud_task_ext+0x278>
10004120:	2101      	movs	r1, #1
10004122:	79c2      	ldrb	r2, [r0, #7]
10004124:	46b1      	mov	r9, r6
10004126:	1193      	asrs	r3, r2, #6
10004128:	1152      	asrs	r2, r2, #5
1000412a:	400b      	ands	r3, r1
1000412c:	400a      	ands	r2, r1
1000412e:	0112      	lsls	r2, r2, #4
10004130:	015b      	lsls	r3, r3, #5
10004132:	4313      	orrs	r3, r2
10004134:	782a      	ldrb	r2, [r5, #0]
10004136:	312f      	adds	r1, #47	@ 0x2f
10004138:	438a      	bics	r2, r1
1000413a:	4313      	orrs	r3, r2
1000413c:	702b      	strb	r3, [r5, #0]
1000413e:	2309      	movs	r3, #9
10004140:	4698      	mov	r8, r3
10004142:	4480      	add	r8, r0
10004144:	4647      	mov	r7, r8
10004146:	46a8      	mov	r8, r5
10004148:	78c3      	ldrb	r3, [r0, #3]
1000414a:	7882      	ldrb	r2, [r0, #2]
1000414c:	021b      	lsls	r3, r3, #8
1000414e:	4313      	orrs	r3, r2
10004150:	18c3      	adds	r3, r0, r3
10004152:	9304      	str	r3, [sp, #16]
10004154:	4b5c      	ldr	r3, [pc, #368]	@ (100042c8 <tud_task_ext+0x82c>)
10004156:	9309      	str	r3, [sp, #36]	@ 0x24
10004158:	9b04      	ldr	r3, [sp, #16]
1000415a:	42bb      	cmp	r3, r7
1000415c:	d800      	bhi.n	10004160 <tud_task_ext+0x6c4>
1000415e:	e081      	b.n	10004264 <tud_task_ext+0x7c8>
10004160:	787b      	ldrb	r3, [r7, #1]
10004162:	2201      	movs	r2, #1
10004164:	2b0b      	cmp	r3, #11
10004166:	d102      	bne.n	1000416e <tud_task_ext+0x6d2>
10004168:	783b      	ldrb	r3, [r7, #0]
1000416a:	78fa      	ldrb	r2, [r7, #3]
1000416c:	18ff      	adds	r7, r7, r3
1000416e:	787b      	ldrb	r3, [r7, #1]
10004170:	2b04      	cmp	r3, #4
10004172:	d123      	bne.n	100041bc <tud_task_ext+0x720>
10004174:	2500      	movs	r5, #0
10004176:	9b04      	ldr	r3, [sp, #16]
10004178:	920b      	str	r2, [sp, #44]	@ 0x2c
1000417a:	1bdb      	subs	r3, r3, r7
1000417c:	b29b      	uxth	r3, r3
1000417e:	9305      	str	r3, [sp, #20]
10004180:	4b52      	ldr	r3, [pc, #328]	@ (100042cc <tud_task_ext+0x830>)
10004182:	7819      	ldrb	r1, [r3, #0]
10004184:	9306      	str	r3, [sp, #24]
10004186:	4b52      	ldr	r3, [pc, #328]	@ (100042d0 <tud_task_ext+0x834>)
10004188:	930a      	str	r3, [sp, #40]	@ 0x28
1000418a:	4b52      	ldr	r3, [pc, #328]	@ (100042d4 <tud_task_ext+0x838>)
1000418c:	9308      	str	r3, [sp, #32]
1000418e:	9b0a      	ldr	r3, [sp, #40]	@ 0x28
10004190:	2b00      	cmp	r3, #0
10004192:	d052      	beq.n	1000423a <tud_task_ext+0x79e>
10004194:	9b09      	ldr	r3, [sp, #36]	@ 0x24
10004196:	9e08      	ldr	r6, [sp, #32]
10004198:	428d      	cmp	r5, r1
1000419a:	d345      	bcc.n	10004228 <tud_task_ext+0x78c>
1000419c:	0039      	movs	r1, r7
1000419e:	4650      	mov	r0, sl
100041a0:	9a05      	ldr	r2, [sp, #20]
100041a2:	4798      	blx	r3
100041a4:	4684      	mov	ip, r0
100041a6:	2808      	cmp	r0, #8
100041a8:	d902      	bls.n	100041b0 <tud_task_ext+0x714>
100041aa:	9a05      	ldr	r2, [sp, #20]
100041ac:	4282      	cmp	r2, r0
100041ae:	d262      	bcs.n	10004276 <tud_task_ext+0x7da>
100041b0:	9b06      	ldr	r3, [sp, #24]
100041b2:	3501      	adds	r5, #1
100041b4:	7819      	ldrb	r1, [r3, #0]
100041b6:	b2ed      	uxtb	r5, r5
100041b8:	42a9      	cmp	r1, r5
100041ba:	d2e8      	bcs.n	1000418e <tud_task_ext+0x6f2>
100041bc:	464e      	mov	r6, r9
100041be:	e5a9      	b.n	10003d14 <tud_task_ext+0x278>
100041c0:	4650      	mov	r0, sl
100041c2:	f7ff fb55 	bl	10003870 <dcd_edpt_close_all>
100041c6:	2200      	movs	r2, #0
100041c8:	4691      	mov	r9, r2
100041ca:	4a43      	ldr	r2, [pc, #268]	@ (100042d8 <tud_task_ext+0x83c>)
100041cc:	78ab      	ldrb	r3, [r5, #2]
100041ce:	9205      	str	r2, [sp, #20]
100041d0:	002a      	movs	r2, r5
100041d2:	464d      	mov	r5, r9
100041d4:	4691      	mov	r9, r2
100041d6:	9304      	str	r3, [sp, #16]
100041d8:	4b3c      	ldr	r3, [pc, #240]	@ (100042cc <tud_task_ext+0x830>)
100041da:	4f3d      	ldr	r7, [pc, #244]	@ (100042d0 <tud_task_ext+0x834>)
100041dc:	4698      	mov	r8, r3
100041de:	781b      	ldrb	r3, [r3, #0]
100041e0:	2f00      	cmp	r7, #0
100041e2:	d01b      	beq.n	1000421c <tud_task_ext+0x780>
100041e4:	9a05      	ldr	r2, [sp, #20]
100041e6:	429d      	cmp	r5, r3
100041e8:	d32c      	bcc.n	10004244 <tud_task_ext+0x7a8>
100041ea:	4650      	mov	r0, sl
100041ec:	4790      	blx	r2
100041ee:	4643      	mov	r3, r8
100041f0:	3501      	adds	r5, #1
100041f2:	781b      	ldrb	r3, [r3, #0]
100041f4:	b2ed      	uxtb	r5, r5
100041f6:	42ab      	cmp	r3, r5
100041f8:	d2f2      	bcs.n	100041e0 <tud_task_ext+0x744>
100041fa:	464d      	mov	r5, r9
100041fc:	2253      	movs	r2, #83	@ 0x53
100041fe:	2100      	movs	r1, #0
10004200:	0028      	movs	r0, r5
10004202:	f7fe fd8b 	bl	10002d1c <__wrap_memset>
10004206:	2210      	movs	r2, #16
10004208:	21ff      	movs	r1, #255	@ 0xff
1000420a:	4834      	ldr	r0, [pc, #208]	@ (100042dc <tud_task_ext+0x840>)
1000420c:	f7fe fd86 	bl	10002d1c <__wrap_memset>
10004210:	2220      	movs	r2, #32
10004212:	21ff      	movs	r1, #255	@ 0xff
10004214:	4832      	ldr	r0, [pc, #200]	@ (100042e0 <tud_task_ext+0x844>)
10004216:	f7fe fd81 	bl	10002d1c <__wrap_memset>
1000421a:	e002      	b.n	10004222 <tud_task_ext+0x786>
1000421c:	2d00      	cmp	r5, #0
1000421e:	d01b      	beq.n	10004258 <tud_task_ext+0x7bc>
10004220:	464d      	mov	r5, r9
10004222:	9b04      	ldr	r3, [sp, #16]
10004224:	70ab      	strb	r3, [r5, #2]
10004226:	e672      	b.n	10003f0e <tud_task_ext+0x472>
10004228:	2318      	movs	r3, #24
1000422a:	4a2e      	ldr	r2, [pc, #184]	@ (100042e4 <tud_task_ext+0x848>)
1000422c:	436b      	muls	r3, r5
1000422e:	6816      	ldr	r6, [r2, #0]
10004230:	18f6      	adds	r6, r6, r3
10004232:	2e00      	cmp	r6, #0
10004234:	d0c2      	beq.n	100041bc <tud_task_ext+0x720>
10004236:	68b3      	ldr	r3, [r6, #8]
10004238:	e7b0      	b.n	1000419c <tud_task_ext+0x700>
1000423a:	2d00      	cmp	r5, #0
1000423c:	d1be      	bne.n	100041bc <tud_task_ext+0x720>
1000423e:	4b22      	ldr	r3, [pc, #136]	@ (100042c8 <tud_task_ext+0x82c>)
10004240:	4e24      	ldr	r6, [pc, #144]	@ (100042d4 <tud_task_ext+0x838>)
10004242:	e7ab      	b.n	1000419c <tud_task_ext+0x700>
10004244:	4a27      	ldr	r2, [pc, #156]	@ (100042e4 <tud_task_ext+0x848>)
10004246:	006b      	lsls	r3, r5, #1
10004248:	6812      	ldr	r2, [r2, #0]
1000424a:	195b      	adds	r3, r3, r5
1000424c:	00db      	lsls	r3, r3, #3
1000424e:	18d3      	adds	r3, r2, r3
10004250:	2b00      	cmp	r3, #0
10004252:	d0e5      	beq.n	10004220 <tud_task_ext+0x784>
10004254:	685a      	ldr	r2, [r3, #4]
10004256:	e7c8      	b.n	100041ea <tud_task_ext+0x74e>
10004258:	4a1f      	ldr	r2, [pc, #124]	@ (100042d8 <tud_task_ext+0x83c>)
1000425a:	e7c6      	b.n	100041ea <tud_task_ext+0x74e>
1000425c:	f7ff f8d8 	bl	10003410 <tud_descriptor_configuration_cb>
10004260:	0002      	movs	r2, r0
10004262:	e6d4      	b.n	1000400e <tud_task_ext+0x572>
10004264:	4b20      	ldr	r3, [pc, #128]	@ (100042e8 <tud_task_ext+0x84c>)
10004266:	4645      	mov	r5, r8
10004268:	464e      	mov	r6, r9
1000426a:	2b00      	cmp	r3, #0
1000426c:	d100      	bne.n	10004270 <tud_task_ext+0x7d4>
1000426e:	e652      	b.n	10003f16 <tud_task_ext+0x47a>
10004270:	e000      	b.n	10004274 <tud_task_ext+0x7d8>
10004272:	bf00      	nop
10004274:	e64f      	b.n	10003f16 <tud_task_ext+0x47a>
10004276:	9a0b      	ldr	r2, [sp, #44]	@ 0x2c
10004278:	2a01      	cmp	r2, #1
1000427a:	d01f      	beq.n	100042bc <tud_task_ext+0x820>
1000427c:	2100      	movs	r1, #0
1000427e:	4646      	mov	r6, r8
10004280:	e009      	b.n	10004296 <tud_task_ext+0x7fa>
10004282:	78bb      	ldrb	r3, [r7, #2]
10004284:	18cb      	adds	r3, r1, r3
10004286:	b2db      	uxtb	r3, r3
10004288:	18f3      	adds	r3, r6, r3
1000428a:	78d8      	ldrb	r0, [r3, #3]
1000428c:	28ff      	cmp	r0, #255	@ 0xff
1000428e:	d195      	bne.n	100041bc <tud_task_ext+0x720>
10004290:	3101      	adds	r1, #1
10004292:	70dd      	strb	r5, [r3, #3]
10004294:	b2c9      	uxtb	r1, r1
10004296:	4291      	cmp	r1, r2
10004298:	d1f3      	bne.n	10004282 <tud_task_ext+0x7e6>
1000429a:	46b0      	mov	r8, r6
1000429c:	4666      	mov	r6, ip
1000429e:	002b      	movs	r3, r5
100042a0:	0039      	movs	r1, r7
100042a2:	0032      	movs	r2, r6
100042a4:	480e      	ldr	r0, [pc, #56]	@ (100042e0 <tud_task_ext+0x844>)
100042a6:	f000 fd1f 	bl	10004ce8 <tu_edpt_bind_driver>
100042aa:	46b4      	mov	ip, r6
100042ac:	9b06      	ldr	r3, [sp, #24]
100042ae:	4467      	add	r7, ip
100042b0:	781b      	ldrb	r3, [r3, #0]
100042b2:	42ab      	cmp	r3, r5
100042b4:	d300      	bcc.n	100042b8 <tud_task_ext+0x81c>
100042b6:	e74f      	b.n	10004158 <tud_task_ext+0x6bc>
100042b8:	464e      	mov	r6, r9
100042ba:	e52b      	b.n	10003d14 <tud_task_ext+0x278>
100042bc:	4b02      	ldr	r3, [pc, #8]	@ (100042c8 <tud_task_ext+0x82c>)
100042be:	68b1      	ldr	r1, [r6, #8]
100042c0:	4299      	cmp	r1, r3
100042c2:	d1db      	bne.n	1000427c <tud_task_ext+0x7e0>
100042c4:	9a07      	ldr	r2, [sp, #28]
100042c6:	e7d9      	b.n	1000427c <tud_task_ext+0x7e0>
100042c8:	100048cd 	.word	0x100048cd
100042cc:	2000239d 	.word	0x2000239d
100042d0:	10003015 	.word	0x10003015
100042d4:	100066b0 	.word	0x100066b0
100042d8:	100048a1 	.word	0x100048a1
100042dc:	20001b13 	.word	0x20001b13
100042e0:	20001b23 	.word	0x20001b23
100042e4:	200017e8 	.word	0x200017e8
100042e8:	00000000 	.word	0x00000000

100042ec <usbd_open_edpt_pair>:
100042ec:	b5f8      	push	{r3, r4, r5, r6, r7, lr}
100042ee:	4657      	mov	r7, sl
100042f0:	464e      	mov	r6, r9
100042f2:	46de      	mov	lr, fp
100042f4:	4645      	mov	r5, r8
100042f6:	000c      	movs	r4, r1
100042f8:	b5e0      	push	{r5, r6, r7, lr}
100042fa:	0016      	movs	r6, r2
100042fc:	001f      	movs	r7, r3
100042fe:	2a00      	cmp	r2, #0
10004300:	d03c      	beq.n	1000437c <usbd_open_edpt_pair+0x90>
10004302:	4b1f      	ldr	r3, [pc, #124]	@ (10004380 <usbd_open_edpt_pair+0x94>)
10004304:	2500      	movs	r5, #0
10004306:	469a      	mov	sl, r3
10004308:	2370      	movs	r3, #112	@ 0x70
1000430a:	4699      	mov	r9, r3
1000430c:	4b1d      	ldr	r3, [pc, #116]	@ (10004384 <usbd_open_edpt_pair+0x98>)
1000430e:	469b      	mov	fp, r3
10004310:	e017      	b.n	10004342 <usbd_open_edpt_pair+0x56>
10004312:	465b      	mov	r3, fp
10004314:	0020      	movs	r0, r4
10004316:	7899      	ldrb	r1, [r3, #2]
10004318:	f000 fca8 	bl	10004c6c <tu_edpt_validate>
1000431c:	2800      	cmp	r0, #0
1000431e:	d01f      	beq.n	10004360 <usbd_open_edpt_pair+0x74>
10004320:	0021      	movs	r1, r4
10004322:	4640      	mov	r0, r8
10004324:	f7ff fa20 	bl	10003768 <dcd_edpt_open>
10004328:	2800      	cmp	r0, #0
1000432a:	d019      	beq.n	10004360 <usbd_open_edpt_pair+0x74>
1000432c:	78a3      	ldrb	r3, [r4, #2]
1000432e:	09da      	lsrs	r2, r3, #7
10004330:	2a01      	cmp	r2, #1
10004332:	d01c      	beq.n	1000436e <usbd_open_edpt_pair+0x82>
10004334:	9a0a      	ldr	r2, [sp, #40]	@ 0x28
10004336:	3501      	adds	r5, #1
10004338:	7013      	strb	r3, [r2, #0]
1000433a:	7823      	ldrb	r3, [r4, #0]
1000433c:	18e4      	adds	r4, r4, r3
1000433e:	42b5      	cmp	r5, r6
10004340:	da1c      	bge.n	1000437c <usbd_open_edpt_pair+0x90>
10004342:	7863      	ldrb	r3, [r4, #1]
10004344:	2b05      	cmp	r3, #5
10004346:	d10b      	bne.n	10004360 <usbd_open_edpt_pair+0x74>
10004348:	78e3      	ldrb	r3, [r4, #3]
1000434a:	079b      	lsls	r3, r3, #30
1000434c:	0f9b      	lsrs	r3, r3, #30
1000434e:	42bb      	cmp	r3, r7
10004350:	d106      	bne.n	10004360 <usbd_open_edpt_pair+0x74>
10004352:	4653      	mov	r3, sl
10004354:	464a      	mov	r2, r9
10004356:	781b      	ldrb	r3, [r3, #0]
10004358:	4698      	mov	r8, r3
1000435a:	78a3      	ldrb	r3, [r4, #2]
1000435c:	421a      	tst	r2, r3
1000435e:	d0d8      	beq.n	10004312 <usbd_open_edpt_pair+0x26>
10004360:	2000      	movs	r0, #0
10004362:	bcf0      	pop	{r4, r5, r6, r7}
10004364:	46bb      	mov	fp, r7
10004366:	46b2      	mov	sl, r6
10004368:	46a9      	mov	r9, r5
1000436a:	46a0      	mov	r8, r4
1000436c:	bdf8      	pop	{r3, r4, r5, r6, r7, pc}
1000436e:	9a0b      	ldr	r2, [sp, #44]	@ 0x2c
10004370:	3501      	adds	r5, #1
10004372:	7013      	strb	r3, [r2, #0]
10004374:	7823      	ldrb	r3, [r4, #0]
10004376:	18e4      	adds	r4, r4, r3
10004378:	42b5      	cmp	r5, r6
1000437a:	dbe2      	blt.n	10004342 <usbd_open_edpt_pair+0x56>
1000437c:	2001      	movs	r0, #1
1000437e:	e7f0      	b.n	10004362 <usbd_open_edpt_pair+0x76>
10004380:	20000ebc 	.word	0x20000ebc
10004384:	20001b10 	.word	0x20001b10

10004388 <usbd_defer_func>:
10004388:	2380      	movs	r3, #128	@ 0x80
1000438a:	b510      	push	{r4, lr}
1000438c:	011b      	lsls	r3, r3, #4
1000438e:	b084      	sub	sp, #16
10004390:	9301      	str	r3, [sp, #4]
10004392:	4b0e      	ldr	r3, [pc, #56]	@ (100043cc <usbd_defer_func+0x44>)
10004394:	9002      	str	r0, [sp, #8]
10004396:	681c      	ldr	r4, [r3, #0]
10004398:	9103      	str	r1, [sp, #12]
1000439a:	6962      	ldr	r2, [r4, #20]
1000439c:	f3ef 8310 	mrs	r3, PRIMASK
100043a0:	b672      	cpsid	i
100043a2:	6811      	ldr	r1, [r2, #0]
100043a4:	2900      	cmp	r1, #0
100043a6:	d0fc      	beq.n	100043a2 <usbd_defer_func+0x1a>
100043a8:	f3bf 8f5f 	dmb	sy
100043ac:	61a3      	str	r3, [r4, #24]
100043ae:	0020      	movs	r0, r4
100043b0:	a901      	add	r1, sp, #4
100043b2:	f000 fddf 	bl	10004f74 <tu_fifo_write>
100043b6:	6962      	ldr	r2, [r4, #20]
100043b8:	69a3      	ldr	r3, [r4, #24]
100043ba:	f3bf 8f5f 	dmb	sy
100043be:	2100      	movs	r1, #0
100043c0:	6011      	str	r1, [r2, #0]
100043c2:	f383 8810 	msr	PRIMASK, r3
100043c6:	b004      	add	sp, #16
100043c8:	bd10      	pop	{r4, pc}
100043ca:	46c0      	nop			@ (mov r8, r8)
100043cc:	20001b68 	.word	0x20001b68

100043d0 <usbd_edpt_open>:
100043d0:	2270      	movs	r2, #112	@ 0x70
100043d2:	b570      	push	{r4, r5, r6, lr}
100043d4:	4b09      	ldr	r3, [pc, #36]	@ (100043fc <usbd_edpt_open+0x2c>)
100043d6:	000c      	movs	r4, r1
100043d8:	781d      	ldrb	r5, [r3, #0]
100043da:	788b      	ldrb	r3, [r1, #2]
100043dc:	421a      	tst	r2, r3
100043de:	d001      	beq.n	100043e4 <usbd_edpt_open+0x14>
100043e0:	2000      	movs	r0, #0
100043e2:	bd70      	pop	{r4, r5, r6, pc}
100043e4:	4b06      	ldr	r3, [pc, #24]	@ (10004400 <usbd_edpt_open+0x30>)
100043e6:	0020      	movs	r0, r4
100043e8:	7899      	ldrb	r1, [r3, #2]
100043ea:	f000 fc3f 	bl	10004c6c <tu_edpt_validate>
100043ee:	2800      	cmp	r0, #0
100043f0:	d0f6      	beq.n	100043e0 <usbd_edpt_open+0x10>
100043f2:	0021      	movs	r1, r4
100043f4:	0028      	movs	r0, r5
100043f6:	f7ff f9b7 	bl	10003768 <dcd_edpt_open>
100043fa:	e7f2      	b.n	100043e2 <usbd_edpt_open+0x12>
100043fc:	20000ebc 	.word	0x20000ebc
10004400:	20001b10 	.word	0x20001b10

10004404 <usbd_edpt_claim>:
10004404:	000b      	movs	r3, r1
10004406:	207f      	movs	r0, #127	@ 0x7f
10004408:	b510      	push	{r4, lr}
1000440a:	4018      	ands	r0, r3
1000440c:	09db      	lsrs	r3, r3, #7
1000440e:	3333      	adds	r3, #51	@ 0x33
10004410:	0040      	lsls	r0, r0, #1
10004412:	4a04      	ldr	r2, [pc, #16]	@ (10004424 <usbd_edpt_claim+0x20>)
10004414:	18c0      	adds	r0, r0, r3
10004416:	4b04      	ldr	r3, [pc, #16]	@ (10004428 <usbd_edpt_claim+0x24>)
10004418:	6811      	ldr	r1, [r2, #0]
1000441a:	18c0      	adds	r0, r0, r3
1000441c:	f000 fbe2 	bl	10004be4 <tu_edpt_claim>
10004420:	bd10      	pop	{r4, pc}
10004422:	46c0      	nop			@ (mov r8, r8)
10004424:	20001b64 	.word	0x20001b64
10004428:	20001b10 	.word	0x20001b10

1000442c <usbd_edpt_release>:
1000442c:	000b      	movs	r3, r1
1000442e:	207f      	movs	r0, #127	@ 0x7f
10004430:	b510      	push	{r4, lr}
10004432:	4018      	ands	r0, r3
10004434:	09db      	lsrs	r3, r3, #7
10004436:	3333      	adds	r3, #51	@ 0x33
10004438:	0040      	lsls	r0, r0, #1
1000443a:	4a04      	ldr	r2, [pc, #16]	@ (1000444c <usbd_edpt_release+0x20>)
1000443c:	18c0      	adds	r0, r0, r3
1000443e:	4b04      	ldr	r3, [pc, #16]	@ (10004450 <usbd_edpt_release+0x24>)
10004440:	6811      	ldr	r1, [r2, #0]
10004442:	18c0      	adds	r0, r0, r3
10004444:	f000 fbf6 	bl	10004c34 <tu_edpt_release>
10004448:	bd10      	pop	{r4, pc}
1000444a:	46c0      	nop			@ (mov r8, r8)
1000444c:	20001b64 	.word	0x20001b64
10004450:	20001b10 	.word	0x20001b10

10004454 <usbd_edpt_xfer>:
10004454:	b570      	push	{r4, r5, r6, lr}
10004456:	247f      	movs	r4, #127	@ 0x7f
10004458:	480f      	ldr	r0, [pc, #60]	@ (10004498 <usbd_edpt_xfer+0x44>)
1000445a:	400c      	ands	r4, r1
1000445c:	0064      	lsls	r4, r4, #1
1000445e:	1904      	adds	r4, r0, r4
10004460:	09cd      	lsrs	r5, r1, #7
10004462:	1964      	adds	r4, r4, r5
10004464:	3430      	adds	r4, #48	@ 0x30
10004466:	78e0      	ldrb	r0, [r4, #3]
10004468:	07c0      	lsls	r0, r0, #31
1000446a:	d501      	bpl.n	10004470 <usbd_edpt_xfer+0x1c>
1000446c:	2000      	movs	r0, #0
1000446e:	bd70      	pop	{r4, r5, r6, pc}
10004470:	2601      	movs	r6, #1
10004472:	78e5      	ldrb	r5, [r4, #3]
10004474:	4809      	ldr	r0, [pc, #36]	@ (1000449c <usbd_edpt_xfer+0x48>)
10004476:	4335      	orrs	r5, r6
10004478:	7800      	ldrb	r0, [r0, #0]
1000447a:	70e5      	strb	r5, [r4, #3]
1000447c:	f7ff f9fc 	bl	10003878 <dcd_edpt_xfer>
10004480:	2800      	cmp	r0, #0
10004482:	d1f4      	bne.n	1000446e <usbd_edpt_xfer+0x1a>
10004484:	2201      	movs	r2, #1
10004486:	78e3      	ldrb	r3, [r4, #3]
10004488:	4393      	bics	r3, r2
1000448a:	70e3      	strb	r3, [r4, #3]
1000448c:	78e3      	ldrb	r3, [r4, #3]
1000448e:	3203      	adds	r2, #3
10004490:	4393      	bics	r3, r2
10004492:	70e3      	strb	r3, [r4, #3]
10004494:	e7ea      	b.n	1000446c <usbd_edpt_xfer+0x18>
10004496:	46c0      	nop			@ (mov r8, r8)
10004498:	20001b10 	.word	0x20001b10
1000449c:	20000ebc 	.word	0x20000ebc

100044a0 <tud_control_status>:
100044a0:	b570      	push	{r4, r5, r6, lr}
100044a2:	4c09      	ldr	r4, [pc, #36]	@ (100044c8 <tud_control_status+0x28>)
100044a4:	0006      	movs	r6, r0
100044a6:	2208      	movs	r2, #8
100044a8:	0020      	movs	r0, r4
100044aa:	000d      	movs	r5, r1
100044ac:	f7fe fc3c 	bl	10002d28 <__wrap___aeabi_memcpy>
100044b0:	2300      	movs	r3, #0
100044b2:	2180      	movs	r1, #128	@ 0x80
100044b4:	60e3      	str	r3, [r4, #12]
100044b6:	60a3      	str	r3, [r4, #8]
100044b8:	782b      	ldrb	r3, [r5, #0]
100044ba:	0030      	movs	r0, r6
100044bc:	4399      	bics	r1, r3
100044be:	2200      	movs	r2, #0
100044c0:	2300      	movs	r3, #0
100044c2:	f7ff ffc7 	bl	10004454 <usbd_edpt_xfer>
100044c6:	bd70      	pop	{r4, r5, r6, pc}
100044c8:	20001ab4 	.word	0x20001ab4

100044cc <tud_control_xfer>:
100044cc:	b5f8      	push	{r3, r4, r5, r6, r7, lr}
100044ce:	46ce      	mov	lr, r9
100044d0:	4647      	mov	r7, r8
100044d2:	4690      	mov	r8, r2
100044d4:	4e26      	ldr	r6, [pc, #152]	@ (10004570 <tud_control_xfer+0xa4>)
100044d6:	b580      	push	{r7, lr}
100044d8:	4681      	mov	r9, r0
100044da:	2208      	movs	r2, #8
100044dc:	0030      	movs	r0, r6
100044de:	000d      	movs	r5, r1
100044e0:	001f      	movs	r7, r3
100044e2:	f7fe fc21 	bl	10002d28 <__wrap___aeabi_memcpy>
100044e6:	4643      	mov	r3, r8
100044e8:	60b3      	str	r3, [r6, #8]
100044ea:	2300      	movs	r3, #0
100044ec:	81f3      	strh	r3, [r6, #14]
100044ee:	79ec      	ldrb	r4, [r5, #7]
100044f0:	79ab      	ldrb	r3, [r5, #6]
100044f2:	0224      	lsls	r4, r4, #8
100044f4:	431c      	orrs	r4, r3
100044f6:	1c23      	adds	r3, r4, #0
100044f8:	42bc      	cmp	r4, r7
100044fa:	d900      	bls.n	100044fe <tud_control_xfer+0x32>
100044fc:	1c3b      	adds	r3, r7, #0
100044fe:	b29f      	uxth	r7, r3
10004500:	81b3      	strh	r3, [r6, #12]
10004502:	2c00      	cmp	r4, #0
10004504:	d00e      	beq.n	10004524 <tud_control_xfer+0x58>
10004506:	2f00      	cmp	r7, #0
10004508:	d018      	beq.n	1000453c <tud_control_xfer+0x70>
1000450a:	4643      	mov	r3, r8
1000450c:	2b00      	cmp	r3, #0
1000450e:	d02c      	beq.n	1000456a <tud_control_xfer+0x9e>
10004510:	1c3b      	adds	r3, r7, #0
10004512:	2f40      	cmp	r7, #64	@ 0x40
10004514:	d81b      	bhi.n	1000454e <tud_control_xfer+0x82>
10004516:	b29f      	uxth	r7, r3
10004518:	7833      	ldrb	r3, [r6, #0]
1000451a:	2b7f      	cmp	r3, #127	@ 0x7f
1000451c:	d81c      	bhi.n	10004558 <tud_control_xfer+0x8c>
1000451e:	2100      	movs	r1, #0
10004520:	4a14      	ldr	r2, [pc, #80]	@ (10004574 <tud_control_xfer+0xa8>)
10004522:	e00f      	b.n	10004544 <tud_control_xfer+0x78>
10004524:	2180      	movs	r1, #128	@ 0x80
10004526:	782b      	ldrb	r3, [r5, #0]
10004528:	2200      	movs	r2, #0
1000452a:	4399      	bics	r1, r3
1000452c:	4648      	mov	r0, r9
1000452e:	2300      	movs	r3, #0
10004530:	f7ff ff90 	bl	10004454 <usbd_edpt_xfer>
10004534:	bcc0      	pop	{r6, r7}
10004536:	46b9      	mov	r9, r7
10004538:	46b0      	mov	r8, r6
1000453a:	bdf8      	pop	{r3, r4, r5, r6, r7, pc}
1000453c:	237f      	movs	r3, #127	@ 0x7f
1000453e:	2200      	movs	r2, #0
10004540:	7831      	ldrb	r1, [r6, #0]
10004542:	4399      	bics	r1, r3
10004544:	003b      	movs	r3, r7
10004546:	4648      	mov	r0, r9
10004548:	f7ff ff84 	bl	10004454 <usbd_edpt_xfer>
1000454c:	e7f2      	b.n	10004534 <tud_control_xfer+0x68>
1000454e:	2340      	movs	r3, #64	@ 0x40
10004550:	b29f      	uxth	r7, r3
10004552:	7833      	ldrb	r3, [r6, #0]
10004554:	2b7f      	cmp	r3, #127	@ 0x7f
10004556:	d9e2      	bls.n	1000451e <tud_control_xfer+0x52>
10004558:	4c06      	ldr	r4, [pc, #24]	@ (10004574 <tud_control_xfer+0xa8>)
1000455a:	003a      	movs	r2, r7
1000455c:	4641      	mov	r1, r8
1000455e:	0020      	movs	r0, r4
10004560:	f7fe fbe2 	bl	10002d28 <__wrap___aeabi_memcpy>
10004564:	2180      	movs	r1, #128	@ 0x80
10004566:	0022      	movs	r2, r4
10004568:	e7ec      	b.n	10004544 <tud_control_xfer+0x78>
1000456a:	2000      	movs	r0, #0
1000456c:	e7e2      	b.n	10004534 <tud_control_xfer+0x68>
1000456e:	46c0      	nop			@ (mov r8, r8)
10004570:	20001ab4 	.word	0x20001ab4
10004574:	20001ad0 	.word	0x20001ad0

10004578 <usbd_control_reset>:
10004578:	b510      	push	{r4, lr}
1000457a:	2214      	movs	r2, #20
1000457c:	2100      	movs	r1, #0
1000457e:	4802      	ldr	r0, [pc, #8]	@ (10004588 <usbd_control_reset+0x10>)
10004580:	f7fe fbcc 	bl	10002d1c <__wrap_memset>
10004584:	bd10      	pop	{r4, pc}
10004586:	46c0      	nop			@ (mov r8, r8)
10004588:	20001ab4 	.word	0x20001ab4

1000458c <usbd_control_set_complete_callback>:
1000458c:	4b01      	ldr	r3, [pc, #4]	@ (10004594 <usbd_control_set_complete_callback+0x8>)
1000458e:	6118      	str	r0, [r3, #16]
10004590:	4770      	bx	lr
10004592:	46c0      	nop			@ (mov r8, r8)
10004594:	20001ab4 	.word	0x20001ab4

10004598 <usbd_control_set_request>:
10004598:	b510      	push	{r4, lr}
1000459a:	4c05      	ldr	r4, [pc, #20]	@ (100045b0 <usbd_control_set_request+0x18>)
1000459c:	0001      	movs	r1, r0
1000459e:	2208      	movs	r2, #8
100045a0:	0020      	movs	r0, r4
100045a2:	f7fe fbc1 	bl	10002d28 <__wrap___aeabi_memcpy>
100045a6:	2300      	movs	r3, #0
100045a8:	60a3      	str	r3, [r4, #8]
100045aa:	60e3      	str	r3, [r4, #12]
100045ac:	bd10      	pop	{r4, pc}
100045ae:	46c0      	nop			@ (mov r8, r8)
100045b0:	20001ab4 	.word	0x20001ab4

100045b4 <usbd_control_xfer_cb>:
100045b4:	b570      	push	{r4, r5, r6, lr}
100045b6:	4c39      	ldr	r4, [pc, #228]	@ (1000469c <usbd_control_xfer_cb+0xe8>)
100045b8:	001d      	movs	r5, r3
100045ba:	7823      	ldrb	r3, [r4, #0]
100045bc:	0006      	movs	r6, r0
100045be:	09da      	lsrs	r2, r3, #7
100045c0:	09c9      	lsrs	r1, r1, #7
100045c2:	428a      	cmp	r2, r1
100045c4:	d013      	beq.n	100045ee <usbd_control_xfer_cb+0x3a>
100045c6:	2000      	movs	r0, #0
100045c8:	2d00      	cmp	r5, #0
100045ca:	d000      	beq.n	100045ce <usbd_control_xfer_cb+0x1a>
100045cc:	bd70      	pop	{r4, r5, r6, pc}
100045ce:	4b34      	ldr	r3, [pc, #208]	@ (100046a0 <usbd_control_xfer_cb+0xec>)
100045d0:	2b00      	cmp	r3, #0
100045d2:	d003      	beq.n	100045dc <usbd_control_xfer_cb+0x28>
100045d4:	0021      	movs	r1, r4
100045d6:	0030      	movs	r0, r6
100045d8:	f7ff f8b8 	bl	1000374c <dcd_edpt0_status_complete>
100045dc:	6923      	ldr	r3, [r4, #16]
100045de:	2b00      	cmp	r3, #0
100045e0:	d003      	beq.n	100045ea <usbd_control_xfer_cb+0x36>
100045e2:	0022      	movs	r2, r4
100045e4:	2103      	movs	r1, #3
100045e6:	0030      	movs	r0, r6
100045e8:	4798      	blx	r3
100045ea:	2001      	movs	r0, #1
100045ec:	e7ee      	b.n	100045cc <usbd_control_xfer_cb+0x18>
100045ee:	68a0      	ldr	r0, [r4, #8]
100045f0:	2b7f      	cmp	r3, #127	@ 0x7f
100045f2:	d805      	bhi.n	10004600 <usbd_control_xfer_cb+0x4c>
100045f4:	2800      	cmp	r0, #0
100045f6:	d034      	beq.n	10004662 <usbd_control_xfer_cb+0xae>
100045f8:	002a      	movs	r2, r5
100045fa:	492a      	ldr	r1, [pc, #168]	@ (100046a4 <usbd_control_xfer_cb+0xf0>)
100045fc:	f7fe fb94 	bl	10002d28 <__wrap___aeabi_memcpy>
10004600:	89e2      	ldrh	r2, [r4, #14]
10004602:	68a1      	ldr	r1, [r4, #8]
10004604:	1952      	adds	r2, r2, r5
10004606:	88e3      	ldrh	r3, [r4, #6]
10004608:	b292      	uxth	r2, r2
1000460a:	1949      	adds	r1, r1, r5
1000460c:	81e2      	strh	r2, [r4, #14]
1000460e:	60a1      	str	r1, [r4, #8]
10004610:	4293      	cmp	r3, r2
10004612:	d014      	beq.n	1000463e <usbd_control_xfer_cb+0x8a>
10004614:	2d3f      	cmp	r5, #63	@ 0x3f
10004616:	d912      	bls.n	1000463e <usbd_control_xfer_cb+0x8a>
10004618:	89a3      	ldrh	r3, [r4, #12]
1000461a:	1a98      	subs	r0, r3, r2
1000461c:	1c05      	adds	r5, r0, #0
1000461e:	b280      	uxth	r0, r0
10004620:	2840      	cmp	r0, #64	@ 0x40
10004622:	d82a      	bhi.n	1000467a <usbd_control_xfer_cb+0xc6>
10004624:	7820      	ldrb	r0, [r4, #0]
10004626:	b2ad      	uxth	r5, r5
10004628:	287f      	cmp	r0, #127	@ 0x7f
1000462a:	d828      	bhi.n	1000467e <usbd_control_xfer_cb+0xca>
1000462c:	2100      	movs	r1, #0
1000462e:	429a      	cmp	r2, r3
10004630:	d032      	beq.n	10004698 <usbd_control_xfer_cb+0xe4>
10004632:	4a1c      	ldr	r2, [pc, #112]	@ (100046a4 <usbd_control_xfer_cb+0xf0>)
10004634:	002b      	movs	r3, r5
10004636:	0030      	movs	r0, r6
10004638:	f7ff ff0c 	bl	10004454 <usbd_edpt_xfer>
1000463c:	e7c6      	b.n	100045cc <usbd_control_xfer_cb+0x18>
1000463e:	6923      	ldr	r3, [r4, #16]
10004640:	2b00      	cmp	r3, #0
10004642:	d005      	beq.n	10004650 <usbd_control_xfer_cb+0x9c>
10004644:	0022      	movs	r2, r4
10004646:	2102      	movs	r1, #2
10004648:	0030      	movs	r0, r6
1000464a:	4798      	blx	r3
1000464c:	2800      	cmp	r0, #0
1000464e:	d00a      	beq.n	10004666 <usbd_control_xfer_cb+0xb2>
10004650:	2180      	movs	r1, #128	@ 0x80
10004652:	7823      	ldrb	r3, [r4, #0]
10004654:	2200      	movs	r2, #0
10004656:	4399      	bics	r1, r3
10004658:	0030      	movs	r0, r6
1000465a:	2300      	movs	r3, #0
1000465c:	f7ff fefa 	bl	10004454 <usbd_edpt_xfer>
10004660:	e7b4      	b.n	100045cc <usbd_control_xfer_cb+0x18>
10004662:	2000      	movs	r0, #0
10004664:	e7b2      	b.n	100045cc <usbd_control_xfer_cb+0x18>
10004666:	2100      	movs	r1, #0
10004668:	0030      	movs	r0, r6
1000466a:	f7ff f917 	bl	1000389c <dcd_edpt_stall>
1000466e:	0030      	movs	r0, r6
10004670:	2180      	movs	r1, #128	@ 0x80
10004672:	f7ff f913 	bl	1000389c <dcd_edpt_stall>
10004676:	2001      	movs	r0, #1
10004678:	e7a8      	b.n	100045cc <usbd_control_xfer_cb+0x18>
1000467a:	2540      	movs	r5, #64	@ 0x40
1000467c:	e7d2      	b.n	10004624 <usbd_control_xfer_cb+0x70>
1000467e:	429a      	cmp	r2, r3
10004680:	d007      	beq.n	10004692 <usbd_control_xfer_cb+0xde>
10004682:	4c08      	ldr	r4, [pc, #32]	@ (100046a4 <usbd_control_xfer_cb+0xf0>)
10004684:	002a      	movs	r2, r5
10004686:	0020      	movs	r0, r4
10004688:	f7fe fb4e 	bl	10002d28 <__wrap___aeabi_memcpy>
1000468c:	2180      	movs	r1, #128	@ 0x80
1000468e:	0022      	movs	r2, r4
10004690:	e7d0      	b.n	10004634 <usbd_control_xfer_cb+0x80>
10004692:	2180      	movs	r1, #128	@ 0x80
10004694:	2200      	movs	r2, #0
10004696:	e7cd      	b.n	10004634 <usbd_control_xfer_cb+0x80>
10004698:	2200      	movs	r2, #0
1000469a:	e7cb      	b.n	10004634 <usbd_control_xfer_cb+0x80>
1000469c:	20001ab4 	.word	0x20001ab4
100046a0:	1000374d 	.word	0x1000374d
100046a4:	20001ad0 	.word	0x20001ad0

100046a8 <tud_cdc_n_connected>:
100046a8:	b510      	push	{r4, lr}
100046aa:	0004      	movs	r4, r0
100046ac:	f7ff f96e 	bl	1000398c <tud_mounted>
100046b0:	2800      	cmp	r0, #0
100046b2:	d101      	bne.n	100046b8 <tud_cdc_n_connected+0x10>
100046b4:	2000      	movs	r0, #0
100046b6:	bd10      	pop	{r4, pc}
100046b8:	f7ff f970 	bl	1000399c <tud_suspended>
100046bc:	2800      	cmp	r0, #0
100046be:	d1f9      	bne.n	100046b4 <tud_cdc_n_connected+0xc>
100046c0:	22b2      	movs	r2, #178	@ 0xb2
100046c2:	0092      	lsls	r2, r2, #2
100046c4:	4362      	muls	r2, r4
100046c6:	4b03      	ldr	r3, [pc, #12]	@ (100046d4 <tud_cdc_n_connected+0x2c>)
100046c8:	3001      	adds	r0, #1
100046ca:	189b      	adds	r3, r3, r2
100046cc:	791b      	ldrb	r3, [r3, #4]
100046ce:	4018      	ands	r0, r3
100046d0:	e7f1      	b.n	100046b6 <tud_cdc_n_connected+0xe>
100046d2:	46c0      	nop			@ (mov r8, r8)
100046d4:	200017ec 	.word	0x200017ec

100046d8 <tud_cdc_n_available>:
100046d8:	23b2      	movs	r3, #178	@ 0xb2
100046da:	009b      	lsls	r3, r3, #2
100046dc:	4343      	muls	r3, r0
100046de:	b510      	push	{r4, lr}
100046e0:	4802      	ldr	r0, [pc, #8]	@ (100046ec <tud_cdc_n_available+0x14>)
100046e2:	1818      	adds	r0, r3, r0
100046e4:	f000 fb50 	bl	10004d88 <tu_fifo_count>
100046e8:	bd10      	pop	{r4, pc}
100046ea:	46c0      	nop			@ (mov r8, r8)
100046ec:	200017fc 	.word	0x200017fc

100046f0 <tud_cdc_n_read>:
100046f0:	b5f0      	push	{r4, r5, r6, r7, lr}
100046f2:	25b2      	movs	r5, #178	@ 0xb2
100046f4:	00ad      	lsls	r5, r5, #2
100046f6:	4345      	muls	r5, r0
100046f8:	002c      	movs	r4, r5
100046fa:	46c6      	mov	lr, r8
100046fc:	4f17      	ldr	r7, [pc, #92]	@ (1000475c <tud_cdc_n_read+0x6c>)
100046fe:	3410      	adds	r4, #16
10004700:	19e4      	adds	r4, r4, r7
10004702:	b500      	push	{lr}
10004704:	0020      	movs	r0, r4
10004706:	b292      	uxth	r2, r2
10004708:	f000 fbc0 	bl	10004e8c <tu_fifo_read_n>
1000470c:	0006      	movs	r6, r0
1000470e:	0020      	movs	r0, r4
10004710:	f000 fb58 	bl	10004dc4 <tu_fifo_remaining>
10004714:	283f      	cmp	r0, #63	@ 0x3f
10004716:	d803      	bhi.n	10004720 <tud_cdc_n_read+0x30>
10004718:	0030      	movs	r0, r6
1000471a:	bc80      	pop	{r7}
1000471c:	46b8      	mov	r8, r7
1000471e:	bdf0      	pop	{r4, r5, r6, r7, pc}
10004720:	197b      	adds	r3, r7, r5
10004722:	2000      	movs	r0, #0
10004724:	78d9      	ldrb	r1, [r3, #3]
10004726:	4698      	mov	r8, r3
10004728:	f7ff fe6c 	bl	10004404 <usbd_edpt_claim>
1000472c:	2800      	cmp	r0, #0
1000472e:	d0f3      	beq.n	10004718 <tud_cdc_n_read+0x28>
10004730:	0020      	movs	r0, r4
10004732:	f000 fb47 	bl	10004dc4 <tu_fifo_remaining>
10004736:	283f      	cmp	r0, #63	@ 0x3f
10004738:	d90a      	bls.n	10004750 <tud_cdc_n_read+0x60>
1000473a:	2392      	movs	r3, #146	@ 0x92
1000473c:	009b      	lsls	r3, r3, #2
1000473e:	18ea      	adds	r2, r5, r3
10004740:	4643      	mov	r3, r8
10004742:	19d2      	adds	r2, r2, r7
10004744:	78d9      	ldrb	r1, [r3, #3]
10004746:	2000      	movs	r0, #0
10004748:	2340      	movs	r3, #64	@ 0x40
1000474a:	f7ff fe83 	bl	10004454 <usbd_edpt_xfer>
1000474e:	e7e3      	b.n	10004718 <tud_cdc_n_read+0x28>
10004750:	4643      	mov	r3, r8
10004752:	2000      	movs	r0, #0
10004754:	78d9      	ldrb	r1, [r3, #3]
10004756:	f7ff fe69 	bl	1000442c <usbd_edpt_release>
1000475a:	e7dd      	b.n	10004718 <tud_cdc_n_read+0x28>
1000475c:	200017ec 	.word	0x200017ec

10004760 <tud_cdc_n_write_flush>:
10004760:	b5f8      	push	{r3, r4, r5, r6, r7, lr}
10004762:	0004      	movs	r4, r0
10004764:	f7ff f912 	bl	1000398c <tud_mounted>
10004768:	2800      	cmp	r0, #0
1000476a:	d101      	bne.n	10004770 <tud_cdc_n_write_flush+0x10>
1000476c:	2000      	movs	r0, #0
1000476e:	bdf8      	pop	{r3, r4, r5, r6, r7, pc}
10004770:	f7ff f914 	bl	1000399c <tud_suspended>
10004774:	2800      	cmp	r0, #0
10004776:	d1f9      	bne.n	1000476c <tud_cdc_n_write_flush+0xc>
10004778:	23b2      	movs	r3, #178	@ 0xb2
1000477a:	009b      	lsls	r3, r3, #2
1000477c:	435c      	muls	r4, r3
1000477e:	0025      	movs	r5, r4
10004780:	4e14      	ldr	r6, [pc, #80]	@ (100047d4 <tud_cdc_n_write_flush+0x74>)
10004782:	3524      	adds	r5, #36	@ 0x24
10004784:	19ad      	adds	r5, r5, r6
10004786:	0028      	movs	r0, r5
10004788:	f000 fafe 	bl	10004d88 <tu_fifo_count>
1000478c:	2800      	cmp	r0, #0
1000478e:	d0ed      	beq.n	1000476c <tud_cdc_n_write_flush+0xc>
10004790:	1937      	adds	r7, r6, r4
10004792:	2000      	movs	r0, #0
10004794:	78b9      	ldrb	r1, [r7, #2]
10004796:	f7ff fe35 	bl	10004404 <usbd_edpt_claim>
1000479a:	2800      	cmp	r0, #0
1000479c:	d0e6      	beq.n	1000476c <tud_cdc_n_write_flush+0xc>
1000479e:	23a2      	movs	r3, #162	@ 0xa2
100047a0:	009b      	lsls	r3, r3, #2
100047a2:	469c      	mov	ip, r3
100047a4:	4464      	add	r4, ip
100047a6:	19a4      	adds	r4, r4, r6
100047a8:	0021      	movs	r1, r4
100047aa:	0028      	movs	r0, r5
100047ac:	2240      	movs	r2, #64	@ 0x40
100047ae:	f000 fb6d 	bl	10004e8c <tu_fifo_read_n>
100047b2:	78b9      	ldrb	r1, [r7, #2]
100047b4:	1e05      	subs	r5, r0, #0
100047b6:	d008      	beq.n	100047ca <tud_cdc_n_write_flush+0x6a>
100047b8:	0003      	movs	r3, r0
100047ba:	0022      	movs	r2, r4
100047bc:	2000      	movs	r0, #0
100047be:	f7ff fe49 	bl	10004454 <usbd_edpt_xfer>
100047c2:	2800      	cmp	r0, #0
100047c4:	d0d2      	beq.n	1000476c <tud_cdc_n_write_flush+0xc>
100047c6:	0028      	movs	r0, r5
100047c8:	e7d1      	b.n	1000476e <tud_cdc_n_write_flush+0xe>
100047ca:	2000      	movs	r0, #0
100047cc:	f7ff fe2e 	bl	1000442c <usbd_edpt_release>
100047d0:	e7cc      	b.n	1000476c <tud_cdc_n_write_flush+0xc>
100047d2:	46c0      	nop			@ (mov r8, r8)
100047d4:	200017ec 	.word	0x200017ec

100047d8 <tud_cdc_n_write>:
100047d8:	b570      	push	{r4, r5, r6, lr}
100047da:	24b2      	movs	r4, #178	@ 0xb2
100047dc:	00a4      	lsls	r4, r4, #2
100047de:	4344      	muls	r4, r0
100047e0:	4b09      	ldr	r3, [pc, #36]	@ (10004808 <tud_cdc_n_write+0x30>)
100047e2:	0005      	movs	r5, r0
100047e4:	18e4      	adds	r4, r4, r3
100047e6:	0020      	movs	r0, r4
100047e8:	b292      	uxth	r2, r2
100047ea:	f000 fc17 	bl	1000501c <tu_fifo_write_n>
100047ee:	0006      	movs	r6, r0
100047f0:	0020      	movs	r0, r4
100047f2:	f000 fac9 	bl	10004d88 <tu_fifo_count>
100047f6:	283f      	cmp	r0, #63	@ 0x3f
100047f8:	d801      	bhi.n	100047fe <tud_cdc_n_write+0x26>
100047fa:	0030      	movs	r0, r6
100047fc:	bd70      	pop	{r4, r5, r6, pc}
100047fe:	0028      	movs	r0, r5
10004800:	f7ff ffae 	bl	10004760 <tud_cdc_n_write_flush>
10004804:	e7f9      	b.n	100047fa <tud_cdc_n_write+0x22>
10004806:	46c0      	nop			@ (mov r8, r8)
10004808:	20001810 	.word	0x20001810

1000480c <tud_cdc_n_write_available>:
1000480c:	23b2      	movs	r3, #178	@ 0xb2
1000480e:	009b      	lsls	r3, r3, #2
10004810:	4343      	muls	r3, r0
10004812:	b510      	push	{r4, lr}
10004814:	4802      	ldr	r0, [pc, #8]	@ (10004820 <tud_cdc_n_write_available+0x14>)
10004816:	1818      	adds	r0, r3, r0
10004818:	f000 fad4 	bl	10004dc4 <tu_fifo_remaining>
1000481c:	bd10      	pop	{r4, pc}
1000481e:	46c0      	nop			@ (mov r8, r8)
10004820:	20001810 	.word	0x20001810

10004824 <cdcd_init>:
10004824:	22b2      	movs	r2, #178	@ 0xb2
10004826:	b5f0      	push	{r4, r5, r6, r7, lr}
10004828:	4c1b      	ldr	r4, [pc, #108]	@ (10004898 <cdcd_init+0x74>)
1000482a:	b083      	sub	sp, #12
1000482c:	2100      	movs	r1, #0
1000482e:	0020      	movs	r0, r4
10004830:	0092      	lsls	r2, r2, #2
10004832:	f7fe fa73 	bl	10002d1c <__wrap_memset>
10004836:	23ff      	movs	r3, #255	@ 0xff
10004838:	7163      	strb	r3, [r4, #5]
1000483a:	4b18      	ldr	r3, [pc, #96]	@ (1000489c <cdcd_init+0x78>)
1000483c:	2680      	movs	r6, #128	@ 0x80
1000483e:	2500      	movs	r5, #0
10004840:	80e3      	strh	r3, [r4, #6]
10004842:	2701      	movs	r7, #1
10004844:	2308      	movs	r3, #8
10004846:	0021      	movs	r1, r4
10004848:	0020      	movs	r0, r4
1000484a:	0076      	lsls	r6, r6, #1
1000484c:	7323      	strb	r3, [r4, #12]
1000484e:	0032      	movs	r2, r6
10004850:	8127      	strh	r7, [r4, #8]
10004852:	3138      	adds	r1, #56	@ 0x38
10004854:	9500      	str	r5, [sp, #0]
10004856:	3b07      	subs	r3, #7
10004858:	3010      	adds	r0, #16
1000485a:	f000 fa5f 	bl	10004d1c <tu_fifo_config>
1000485e:	0021      	movs	r1, r4
10004860:	0020      	movs	r0, r4
10004862:	3139      	adds	r1, #57	@ 0x39
10004864:	0032      	movs	r2, r6
10004866:	31ff      	adds	r1, #255	@ 0xff
10004868:	2301      	movs	r3, #1
1000486a:	9700      	str	r7, [sp, #0]
1000486c:	3024      	adds	r0, #36	@ 0x24
1000486e:	f000 fa55 	bl	10004d1c <tu_fifo_config>
10004872:	238e      	movs	r3, #142	@ 0x8e
10004874:	009b      	lsls	r3, r3, #2
10004876:	18e6      	adds	r6, r4, r3
10004878:	0030      	movs	r0, r6
1000487a:	f7fc fed1 	bl	10001620 <mutex_init>
1000487e:	2390      	movs	r3, #144	@ 0x90
10004880:	009b      	lsls	r3, r3, #2
10004882:	6226      	str	r6, [r4, #32]
10004884:	18e6      	adds	r6, r4, r3
10004886:	0030      	movs	r0, r6
10004888:	61e5      	str	r5, [r4, #28]
1000488a:	f7fc fec9 	bl	10001620 <mutex_init>
1000488e:	6326      	str	r6, [r4, #48]	@ 0x30
10004890:	6365      	str	r5, [r4, #52]	@ 0x34
10004892:	b003      	add	sp, #12
10004894:	bdf0      	pop	{r4, r5, r6, r7, pc}
10004896:	46c0      	nop			@ (mov r8, r8)
10004898:	200017ec 	.word	0x200017ec
1000489c:	ffffc200 	.word	0xffffc200

100048a0 <cdcd_reset>:
100048a0:	b510      	push	{r4, lr}
100048a2:	4c09      	ldr	r4, [pc, #36]	@ (100048c8 <cdcd_reset+0x28>)
100048a4:	2205      	movs	r2, #5
100048a6:	2100      	movs	r1, #0
100048a8:	0020      	movs	r0, r4
100048aa:	f7fe fa37 	bl	10002d1c <__wrap_memset>
100048ae:	0020      	movs	r0, r4
100048b0:	3424      	adds	r4, #36	@ 0x24
100048b2:	3010      	adds	r0, #16
100048b4:	f000 fc6e 	bl	10005194 <tu_fifo_clear>
100048b8:	0020      	movs	r0, r4
100048ba:	f000 fc6b 	bl	10005194 <tu_fifo_clear>
100048be:	2101      	movs	r1, #1
100048c0:	0020      	movs	r0, r4
100048c2:	f000 fc87 	bl	100051d4 <tu_fifo_set_overwritable>
100048c6:	bd10      	pop	{r4, pc}
100048c8:	200017ec 	.word	0x200017ec

100048cc <cdcd_open>:
100048cc:	b5f0      	push	{r4, r5, r6, r7, lr}
100048ce:	794b      	ldrb	r3, [r1, #5]
100048d0:	0006      	movs	r6, r0
100048d2:	b083      	sub	sp, #12
100048d4:	2b02      	cmp	r3, #2
100048d6:	d102      	bne.n	100048de <cdcd_open+0x12>
100048d8:	798b      	ldrb	r3, [r1, #6]
100048da:	2b02      	cmp	r3, #2
100048dc:	d003      	beq.n	100048e6 <cdcd_open+0x1a>
100048de:	2500      	movs	r5, #0
100048e0:	0028      	movs	r0, r5
100048e2:	b003      	add	sp, #12
100048e4:	bdf0      	pop	{r4, r5, r6, r7, pc}
100048e6:	4f2f      	ldr	r7, [pc, #188]	@ (100049a4 <cdcd_open+0xd8>)
100048e8:	78bb      	ldrb	r3, [r7, #2]
100048ea:	2b00      	cmp	r3, #0
100048ec:	d1f7      	bne.n	100048de <cdcd_open+0x12>
100048ee:	788b      	ldrb	r3, [r1, #2]
100048f0:	2509      	movs	r5, #9
100048f2:	703b      	strb	r3, [r7, #0]
100048f4:	780c      	ldrb	r4, [r1, #0]
100048f6:	190c      	adds	r4, r1, r4
100048f8:	7863      	ldrb	r3, [r4, #1]
100048fa:	2b24      	cmp	r3, #36	@ 0x24
100048fc:	d10b      	bne.n	10004916 <cdcd_open+0x4a>
100048fe:	2a08      	cmp	r2, #8
10004900:	d802      	bhi.n	10004908 <cdcd_open+0x3c>
10004902:	e01f      	b.n	10004944 <cdcd_open+0x78>
10004904:	42aa      	cmp	r2, r5
10004906:	d31d      	bcc.n	10004944 <cdcd_open+0x78>
10004908:	7823      	ldrb	r3, [r4, #0]
1000490a:	18e4      	adds	r4, r4, r3
1000490c:	195d      	adds	r5, r3, r5
1000490e:	7863      	ldrb	r3, [r4, #1]
10004910:	b2ad      	uxth	r5, r5
10004912:	2b24      	cmp	r3, #36	@ 0x24
10004914:	d0f6      	beq.n	10004904 <cdcd_open+0x38>
10004916:	2b05      	cmp	r3, #5
10004918:	d031      	beq.n	1000497e <cdcd_open+0xb2>
1000491a:	2b04      	cmp	r3, #4
1000491c:	d112      	bne.n	10004944 <cdcd_open+0x78>
1000491e:	7963      	ldrb	r3, [r4, #5]
10004920:	2b0a      	cmp	r3, #10
10004922:	d10f      	bne.n	10004944 <cdcd_open+0x78>
10004924:	4b20      	ldr	r3, [pc, #128]	@ (100049a8 <cdcd_open+0xdc>)
10004926:	7827      	ldrb	r7, [r4, #0]
10004928:	9301      	str	r3, [sp, #4]
1000492a:	3301      	adds	r3, #1
1000492c:	9300      	str	r3, [sp, #0]
1000492e:	2202      	movs	r2, #2
10004930:	2302      	movs	r3, #2
10004932:	0030      	movs	r0, r6
10004934:	19e1      	adds	r1, r4, r7
10004936:	f7ff fcd9 	bl	100042ec <usbd_open_edpt_pair>
1000493a:	2800      	cmp	r0, #0
1000493c:	d0cf      	beq.n	100048de <cdcd_open+0x12>
1000493e:	350e      	adds	r5, #14
10004940:	19ed      	adds	r5, r5, r7
10004942:	b2ad      	uxth	r5, r5
10004944:	4c19      	ldr	r4, [pc, #100]	@ (100049ac <cdcd_open+0xe0>)
10004946:	0020      	movs	r0, r4
10004948:	f000 fa3c 	bl	10004dc4 <tu_fifo_remaining>
1000494c:	283f      	cmp	r0, #63	@ 0x3f
1000494e:	d9c7      	bls.n	100048e0 <cdcd_open+0x14>
10004950:	0026      	movs	r6, r4
10004952:	3e10      	subs	r6, #16
10004954:	2000      	movs	r0, #0
10004956:	78f1      	ldrb	r1, [r6, #3]
10004958:	f7ff fd54 	bl	10004404 <usbd_edpt_claim>
1000495c:	2800      	cmp	r0, #0
1000495e:	d0bf      	beq.n	100048e0 <cdcd_open+0x14>
10004960:	0020      	movs	r0, r4
10004962:	f000 fa2f 	bl	10004dc4 <tu_fifo_remaining>
10004966:	283f      	cmp	r0, #63	@ 0x3f
10004968:	d917      	bls.n	1000499a <cdcd_open+0xce>
1000496a:	238e      	movs	r3, #142	@ 0x8e
1000496c:	009b      	lsls	r3, r3, #2
1000496e:	18e2      	adds	r2, r4, r3
10004970:	3bf9      	subs	r3, #249	@ 0xf9
10004972:	78f1      	ldrb	r1, [r6, #3]
10004974:	3bff      	subs	r3, #255	@ 0xff
10004976:	2000      	movs	r0, #0
10004978:	f7ff fd6c 	bl	10004454 <usbd_edpt_xfer>
1000497c:	e7b0      	b.n	100048e0 <cdcd_open+0x14>
1000497e:	0021      	movs	r1, r4
10004980:	0030      	movs	r0, r6
10004982:	f7ff fd25 	bl	100043d0 <usbd_edpt_open>
10004986:	2800      	cmp	r0, #0
10004988:	d0a9      	beq.n	100048de <cdcd_open+0x12>
1000498a:	78a3      	ldrb	r3, [r4, #2]
1000498c:	707b      	strb	r3, [r7, #1]
1000498e:	7823      	ldrb	r3, [r4, #0]
10004990:	195d      	adds	r5, r3, r5
10004992:	18e4      	adds	r4, r4, r3
10004994:	7863      	ldrb	r3, [r4, #1]
10004996:	b2ad      	uxth	r5, r5
10004998:	e7bf      	b.n	1000491a <cdcd_open+0x4e>
1000499a:	78f1      	ldrb	r1, [r6, #3]
1000499c:	2000      	movs	r0, #0
1000499e:	f7ff fd45 	bl	1000442c <usbd_edpt_release>
100049a2:	e79d      	b.n	100048e0 <cdcd_open+0x14>
100049a4:	200017ec 	.word	0x200017ec
100049a8:	200017ee 	.word	0x200017ee
100049ac:	200017fc 	.word	0x200017fc

100049b0 <cdcd_control_xfer_cb>:
100049b0:	b5f8      	push	{r3, r4, r5, r6, r7, lr}
100049b2:	2360      	movs	r3, #96	@ 0x60
100049b4:	0014      	movs	r4, r2
100049b6:	7812      	ldrb	r2, [r2, #0]
100049b8:	0005      	movs	r5, r0
100049ba:	4013      	ands	r3, r2
100049bc:	2000      	movs	r0, #0
100049be:	2b20      	cmp	r3, #32
100049c0:	d112      	bne.n	100049e8 <cdcd_control_xfer_cb+0x38>
100049c2:	4a2f      	ldr	r2, [pc, #188]	@ (10004a80 <cdcd_control_xfer_cb+0xd0>)
100049c4:	7963      	ldrb	r3, [r4, #5]
100049c6:	7927      	ldrb	r7, [r4, #4]
100049c8:	7816      	ldrb	r6, [r2, #0]
100049ca:	021b      	lsls	r3, r3, #8
100049cc:	433b      	orrs	r3, r7
100049ce:	429e      	cmp	r6, r3
100049d0:	d10a      	bne.n	100049e8 <cdcd_control_xfer_cb+0x38>
100049d2:	7863      	ldrb	r3, [r4, #1]
100049d4:	2b22      	cmp	r3, #34	@ 0x22
100049d6:	d01a      	beq.n	10004a0e <cdcd_control_xfer_cb+0x5e>
100049d8:	d807      	bhi.n	100049ea <cdcd_control_xfer_cb+0x3a>
100049da:	2b20      	cmp	r3, #32
100049dc:	d03c      	beq.n	10004a58 <cdcd_control_xfer_cb+0xa8>
100049de:	2b21      	cmp	r3, #33	@ 0x21
100049e0:	d102      	bne.n	100049e8 <cdcd_control_xfer_cb+0x38>
100049e2:	2901      	cmp	r1, #1
100049e4:	d030      	beq.n	10004a48 <cdcd_control_xfer_cb+0x98>
100049e6:	2001      	movs	r0, #1
100049e8:	bdf8      	pop	{r3, r4, r5, r6, r7, pc}
100049ea:	2b23      	cmp	r3, #35	@ 0x23
100049ec:	d1fc      	bne.n	100049e8 <cdcd_control_xfer_cb+0x38>
100049ee:	2901      	cmp	r1, #1
100049f0:	d03f      	beq.n	10004a72 <cdcd_control_xfer_cb+0xc2>
100049f2:	2903      	cmp	r1, #3
100049f4:	d1f7      	bne.n	100049e6 <cdcd_control_xfer_cb+0x36>
100049f6:	4b23      	ldr	r3, [pc, #140]	@ (10004a84 <cdcd_control_xfer_cb+0xd4>)
100049f8:	2b00      	cmp	r3, #0
100049fa:	d0f4      	beq.n	100049e6 <cdcd_control_xfer_cb+0x36>
100049fc:	78e1      	ldrb	r1, [r4, #3]
100049fe:	78a3      	ldrb	r3, [r4, #2]
10004a00:	0209      	lsls	r1, r1, #8
10004a02:	2000      	movs	r0, #0
10004a04:	4319      	orrs	r1, r3
10004a06:	e000      	b.n	10004a0a <cdcd_control_xfer_cb+0x5a>
10004a08:	bf00      	nop
10004a0a:	2001      	movs	r0, #1
10004a0c:	e7ec      	b.n	100049e8 <cdcd_control_xfer_cb+0x38>
10004a0e:	2901      	cmp	r1, #1
10004a10:	d02f      	beq.n	10004a72 <cdcd_control_xfer_cb+0xc2>
10004a12:	2903      	cmp	r1, #3
10004a14:	d1e7      	bne.n	100049e6 <cdcd_control_xfer_cb+0x36>
10004a16:	2501      	movs	r5, #1
10004a18:	002e      	movs	r6, r5
10004a1a:	78a3      	ldrb	r3, [r4, #2]
10004a1c:	78e4      	ldrb	r4, [r4, #3]
10004a1e:	3902      	subs	r1, #2
10004a20:	0224      	lsls	r4, r4, #8
10004a22:	431c      	orrs	r4, r3
10004a24:	7114      	strb	r4, [r2, #4]
10004a26:	4026      	ands	r6, r4
10004a28:	3224      	adds	r2, #36	@ 0x24
10004a2a:	0010      	movs	r0, r2
10004a2c:	4071      	eors	r1, r6
10004a2e:	f000 fbd1 	bl	100051d4 <tu_fifo_set_overwritable>
10004a32:	4b15      	ldr	r3, [pc, #84]	@ (10004a88 <cdcd_control_xfer_cb+0xd8>)
10004a34:	2b00      	cmp	r3, #0
10004a36:	d0d6      	beq.n	100049e6 <cdcd_control_xfer_cb+0x36>
10004a38:	0862      	lsrs	r2, r4, #1
10004a3a:	2000      	movs	r0, #0
10004a3c:	0031      	movs	r1, r6
10004a3e:	402a      	ands	r2, r5
10004a40:	e000      	b.n	10004a44 <cdcd_control_xfer_cb+0x94>
10004a42:	bf00      	nop
10004a44:	2001      	movs	r0, #1
10004a46:	e7cf      	b.n	100049e8 <cdcd_control_xfer_cb+0x38>
10004a48:	2307      	movs	r3, #7
10004a4a:	0021      	movs	r1, r4
10004a4c:	0028      	movs	r0, r5
10004a4e:	4a0f      	ldr	r2, [pc, #60]	@ (10004a8c <cdcd_control_xfer_cb+0xdc>)
10004a50:	f7ff fd3c 	bl	100044cc <tud_control_xfer>
10004a54:	2001      	movs	r0, #1
10004a56:	e7c7      	b.n	100049e8 <cdcd_control_xfer_cb+0x38>
10004a58:	2901      	cmp	r1, #1
10004a5a:	d0f5      	beq.n	10004a48 <cdcd_control_xfer_cb+0x98>
10004a5c:	2903      	cmp	r1, #3
10004a5e:	d1c2      	bne.n	100049e6 <cdcd_control_xfer_cb+0x36>
10004a60:	4b0b      	ldr	r3, [pc, #44]	@ (10004a90 <cdcd_control_xfer_cb+0xe0>)
10004a62:	2b00      	cmp	r3, #0
10004a64:	d0bf      	beq.n	100049e6 <cdcd_control_xfer_cb+0x36>
10004a66:	2000      	movs	r0, #0
10004a68:	1d91      	adds	r1, r2, #6
10004a6a:	f7fe fad9 	bl	10003020 <tud_cdc_line_coding_cb>
10004a6e:	2001      	movs	r0, #1
10004a70:	e7ba      	b.n	100049e8 <cdcd_control_xfer_cb+0x38>
10004a72:	0021      	movs	r1, r4
10004a74:	0028      	movs	r0, r5
10004a76:	f7ff fd13 	bl	100044a0 <tud_control_status>
10004a7a:	2001      	movs	r0, #1
10004a7c:	e7b4      	b.n	100049e8 <cdcd_control_xfer_cb+0x38>
10004a7e:	46c0      	nop			@ (mov r8, r8)
10004a80:	200017ec 	.word	0x200017ec
	...
10004a8c:	200017f2 	.word	0x200017f2
10004a90:	10003021 	.word	0x10003021

10004a94 <cdcd_xfer_cb>:
10004a94:	b5f8      	push	{r3, r4, r5, r6, r7, lr}
10004a96:	4645      	mov	r5, r8
10004a98:	4657      	mov	r7, sl
10004a9a:	46de      	mov	lr, fp
10004a9c:	464e      	mov	r6, r9
10004a9e:	b5e0      	push	{r5, r6, r7, lr}
10004aa0:	4d46      	ldr	r5, [pc, #280]	@ (10004bbc <cdcd_xfer_cb+0x128>)
10004aa2:	001f      	movs	r7, r3
10004aa4:	78ea      	ldrb	r2, [r5, #3]
10004aa6:	4680      	mov	r8, r0
10004aa8:	000c      	movs	r4, r1
10004aaa:	78ab      	ldrb	r3, [r5, #2]
10004aac:	428a      	cmp	r2, r1
10004aae:	d046      	beq.n	10004b3e <cdcd_xfer_cb+0xaa>
10004ab0:	2000      	movs	r0, #0
10004ab2:	428b      	cmp	r3, r1
10004ab4:	d01a      	beq.n	10004aec <cdcd_xfer_cb+0x58>
10004ab6:	bcf0      	pop	{r4, r5, r6, r7}
10004ab8:	46bb      	mov	fp, r7
10004aba:	46b2      	mov	sl, r6
10004abc:	46a9      	mov	r9, r5
10004abe:	46a0      	mov	r8, r4
10004ac0:	bdf8      	pop	{r3, r4, r5, r6, r7, pc}
10004ac2:	4b3f      	ldr	r3, [pc, #252]	@ (10004bc0 <cdcd_xfer_cb+0x12c>)
10004ac4:	2b00      	cmp	r3, #0
10004ac6:	d004      	beq.n	10004ad2 <cdcd_xfer_cb+0x3e>
10004ac8:	4648      	mov	r0, r9
10004aca:	f000 f973 	bl	10004db4 <tu_fifo_empty>
10004ace:	2800      	cmp	r0, #0
10004ad0:	d06c      	beq.n	10004bac <cdcd_xfer_cb+0x118>
10004ad2:	4648      	mov	r0, r9
10004ad4:	f000 f976 	bl	10004dc4 <tu_fifo_remaining>
10004ad8:	283f      	cmp	r0, #63	@ 0x3f
10004ada:	d907      	bls.n	10004aec <cdcd_xfer_cb+0x58>
10004adc:	464e      	mov	r6, r9
10004ade:	3e10      	subs	r6, #16
10004ae0:	2000      	movs	r0, #0
10004ae2:	78f1      	ldrb	r1, [r6, #3]
10004ae4:	f7ff fc8e 	bl	10004404 <usbd_edpt_claim>
10004ae8:	2800      	cmp	r0, #0
10004aea:	d151      	bne.n	10004b90 <cdcd_xfer_cb+0xfc>
10004aec:	78ab      	ldrb	r3, [r5, #2]
10004aee:	42a3      	cmp	r3, r4
10004af0:	d001      	beq.n	10004af6 <cdcd_xfer_cb+0x62>
10004af2:	2001      	movs	r0, #1
10004af4:	e7df      	b.n	10004ab6 <cdcd_xfer_cb+0x22>
10004af6:	4b33      	ldr	r3, [pc, #204]	@ (10004bc4 <cdcd_xfer_cb+0x130>)
10004af8:	2b00      	cmp	r3, #0
10004afa:	d002      	beq.n	10004b02 <cdcd_xfer_cb+0x6e>
10004afc:	2000      	movs	r0, #0
10004afe:	e000      	b.n	10004b02 <cdcd_xfer_cb+0x6e>
10004b00:	bf00      	nop
10004b02:	2000      	movs	r0, #0
10004b04:	f7ff fe2c 	bl	10004760 <tud_cdc_n_write_flush>
10004b08:	2800      	cmp	r0, #0
10004b0a:	d1f2      	bne.n	10004af2 <cdcd_xfer_cb+0x5e>
10004b0c:	4c2e      	ldr	r4, [pc, #184]	@ (10004bc8 <cdcd_xfer_cb+0x134>)
10004b0e:	0020      	movs	r0, r4
10004b10:	f000 f93a 	bl	10004d88 <tu_fifo_count>
10004b14:	2800      	cmp	r0, #0
10004b16:	d1ec      	bne.n	10004af2 <cdcd_xfer_cb+0x5e>
10004b18:	2f00      	cmp	r7, #0
10004b1a:	d0ea      	beq.n	10004af2 <cdcd_xfer_cb+0x5e>
10004b1c:	06bf      	lsls	r7, r7, #26
10004b1e:	d1e8      	bne.n	10004af2 <cdcd_xfer_cb+0x5e>
10004b20:	3c24      	subs	r4, #36	@ 0x24
10004b22:	4640      	mov	r0, r8
10004b24:	78a1      	ldrb	r1, [r4, #2]
10004b26:	f7ff fc6d 	bl	10004404 <usbd_edpt_claim>
10004b2a:	2800      	cmp	r0, #0
10004b2c:	d0e1      	beq.n	10004af2 <cdcd_xfer_cb+0x5e>
10004b2e:	2300      	movs	r3, #0
10004b30:	2200      	movs	r2, #0
10004b32:	4640      	mov	r0, r8
10004b34:	78a1      	ldrb	r1, [r4, #2]
10004b36:	f7ff fc8d 	bl	10004454 <usbd_edpt_xfer>
10004b3a:	2001      	movs	r0, #1
10004b3c:	e7bb      	b.n	10004ab6 <cdcd_xfer_cb+0x22>
10004b3e:	2392      	movs	r3, #146	@ 0x92
10004b40:	009b      	lsls	r3, r3, #2
10004b42:	18ee      	adds	r6, r5, r3
10004b44:	2310      	movs	r3, #16
10004b46:	469b      	mov	fp, r3
10004b48:	44ab      	add	fp, r5
10004b4a:	0031      	movs	r1, r6
10004b4c:	4658      	mov	r0, fp
10004b4e:	b2ba      	uxth	r2, r7
10004b50:	f000 fa64 	bl	1000501c <tu_fifo_write_n>
10004b54:	4b1d      	ldr	r3, [pc, #116]	@ (10004bcc <cdcd_xfer_cb+0x138>)
10004b56:	46d9      	mov	r9, fp
10004b58:	2b00      	cmp	r3, #0
10004b5a:	d0b2      	beq.n	10004ac2 <cdcd_xfer_cb+0x2e>
10004b5c:	796b      	ldrb	r3, [r5, #5]
10004b5e:	2bff      	cmp	r3, #255	@ 0xff
10004b60:	d0af      	beq.n	10004ac2 <cdcd_xfer_cb+0x2e>
10004b62:	2f00      	cmp	r7, #0
10004b64:	d0ad      	beq.n	10004ac2 <cdcd_xfer_cb+0x2e>
10004b66:	19f2      	adds	r2, r6, r7
10004b68:	4692      	mov	sl, r2
10004b6a:	e003      	b.n	10004b74 <cdcd_xfer_cb+0xe0>
10004b6c:	3601      	adds	r6, #1
10004b6e:	45b2      	cmp	sl, r6
10004b70:	d0a7      	beq.n	10004ac2 <cdcd_xfer_cb+0x2e>
10004b72:	796b      	ldrb	r3, [r5, #5]
10004b74:	7832      	ldrb	r2, [r6, #0]
10004b76:	429a      	cmp	r2, r3
10004b78:	d1f8      	bne.n	10004b6c <cdcd_xfer_cb+0xd8>
10004b7a:	4648      	mov	r0, r9
10004b7c:	f000 f91a 	bl	10004db4 <tu_fifo_empty>
10004b80:	2800      	cmp	r0, #0
10004b82:	d1f3      	bne.n	10004b6c <cdcd_xfer_cb+0xd8>
10004b84:	464b      	mov	r3, r9
10004b86:	3b10      	subs	r3, #16
10004b88:	7959      	ldrb	r1, [r3, #5]
10004b8a:	e000      	b.n	10004b8e <cdcd_xfer_cb+0xfa>
10004b8c:	bf00      	nop
10004b8e:	e7ed      	b.n	10004b6c <cdcd_xfer_cb+0xd8>
10004b90:	4648      	mov	r0, r9
10004b92:	f000 f917 	bl	10004dc4 <tu_fifo_remaining>
10004b96:	283f      	cmp	r0, #63	@ 0x3f
10004b98:	d90b      	bls.n	10004bb2 <cdcd_xfer_cb+0x11e>
10004b9a:	228e      	movs	r2, #142	@ 0x8e
10004b9c:	0092      	lsls	r2, r2, #2
10004b9e:	2340      	movs	r3, #64	@ 0x40
10004ba0:	78f1      	ldrb	r1, [r6, #3]
10004ba2:	444a      	add	r2, r9
10004ba4:	2000      	movs	r0, #0
10004ba6:	f7ff fc55 	bl	10004454 <usbd_edpt_xfer>
10004baa:	e79f      	b.n	10004aec <cdcd_xfer_cb+0x58>
10004bac:	f7fe fbac 	bl	10003308 <tud_cdc_rx_cb>
10004bb0:	e78f      	b.n	10004ad2 <cdcd_xfer_cb+0x3e>
10004bb2:	78f1      	ldrb	r1, [r6, #3]
10004bb4:	2000      	movs	r0, #0
10004bb6:	f7ff fc39 	bl	1000442c <usbd_edpt_release>
10004bba:	e797      	b.n	10004aec <cdcd_xfer_cb+0x58>
10004bbc:	200017ec 	.word	0x200017ec
10004bc0:	10003309 	.word	0x10003309
10004bc4:	00000000 	.word	0x00000000
10004bc8:	20001810 	.word	0x20001810
10004bcc:	00000000 	.word	0x00000000

10004bd0 <tusb_init>:
10004bd0:	b510      	push	{r4, lr}
10004bd2:	2000      	movs	r0, #0
10004bd4:	f7fe fef4 	bl	100039c0 <tud_init>
10004bd8:	bd10      	pop	{r4, pc}
10004bda:	46c0      	nop			@ (mov r8, r8)

10004bdc <tusb_inited>:
10004bdc:	b510      	push	{r4, lr}
10004bde:	f7fe fee5 	bl	100039ac <tud_inited>
10004be2:	bd10      	pop	{r4, pc}

10004be4 <tu_edpt_claim>:
10004be4:	7803      	ldrb	r3, [r0, #0]
10004be6:	b570      	push	{r4, r5, r6, lr}
10004be8:	07db      	lsls	r3, r3, #31
10004bea:	0004      	movs	r4, r0
10004bec:	000e      	movs	r6, r1
10004bee:	0fdd      	lsrs	r5, r3, #31
10004bf0:	2b00      	cmp	r3, #0
10004bf2:	d117      	bne.n	10004c24 <tu_edpt_claim+0x40>
10004bf4:	7803      	ldrb	r3, [r0, #0]
10004bf6:	075b      	lsls	r3, r3, #29
10004bf8:	d501      	bpl.n	10004bfe <tu_edpt_claim+0x1a>
10004bfa:	0028      	movs	r0, r5
10004bfc:	bd70      	pop	{r4, r5, r6, pc}
10004bfe:	2101      	movs	r1, #1
10004c00:	0030      	movs	r0, r6
10004c02:	4249      	negs	r1, r1
10004c04:	f001 fa1c 	bl	10006040 <__mutex_enter_timeout_ms_veneer>
10004c08:	7823      	ldrb	r3, [r4, #0]
10004c0a:	07db      	lsls	r3, r3, #31
10004c0c:	0fdd      	lsrs	r5, r3, #31
10004c0e:	2b00      	cmp	r3, #0
10004c10:	d10a      	bne.n	10004c28 <tu_edpt_claim+0x44>
10004c12:	7823      	ldrb	r3, [r4, #0]
10004c14:	075b      	lsls	r3, r3, #29
10004c16:	d408      	bmi.n	10004c2a <tu_edpt_claim+0x46>
10004c18:	2204      	movs	r2, #4
10004c1a:	7823      	ldrb	r3, [r4, #0]
10004c1c:	2501      	movs	r5, #1
10004c1e:	4313      	orrs	r3, r2
10004c20:	7023      	strb	r3, [r4, #0]
10004c22:	e002      	b.n	10004c2a <tu_edpt_claim+0x46>
10004c24:	2500      	movs	r5, #0
10004c26:	e7e8      	b.n	10004bfa <tu_edpt_claim+0x16>
10004c28:	2500      	movs	r5, #0
10004c2a:	0030      	movs	r0, r6
10004c2c:	f001 f9f0 	bl	10006010 <__mutex_exit_veneer>
10004c30:	e7e3      	b.n	10004bfa <tu_edpt_claim+0x16>
10004c32:	46c0      	nop			@ (mov r8, r8)

10004c34 <tu_edpt_release>:
10004c34:	b570      	push	{r4, r5, r6, lr}
10004c36:	000c      	movs	r4, r1
10004c38:	2101      	movs	r1, #1
10004c3a:	0006      	movs	r6, r0
10004c3c:	4249      	negs	r1, r1
10004c3e:	0020      	movs	r0, r4
10004c40:	f001 f9fe 	bl	10006040 <__mutex_enter_timeout_ms_veneer>
10004c44:	7833      	ldrb	r3, [r6, #0]
10004c46:	075b      	lsls	r3, r3, #29
10004c48:	0fdd      	lsrs	r5, r3, #31
10004c4a:	2b00      	cmp	r3, #0
10004c4c:	db04      	blt.n	10004c58 <tu_edpt_release+0x24>
10004c4e:	0020      	movs	r0, r4
10004c50:	f001 f9de 	bl	10006010 <__mutex_exit_veneer>
10004c54:	0028      	movs	r0, r5
10004c56:	bd70      	pop	{r4, r5, r6, pc}
10004c58:	7833      	ldrb	r3, [r6, #0]
10004c5a:	07db      	lsls	r3, r3, #31
10004c5c:	d404      	bmi.n	10004c68 <tu_edpt_release+0x34>
10004c5e:	2204      	movs	r2, #4
10004c60:	7833      	ldrb	r3, [r6, #0]
10004c62:	4393      	bics	r3, r2
10004c64:	7033      	strb	r3, [r6, #0]
10004c66:	e7f2      	b.n	10004c4e <tu_edpt_release+0x1a>
10004c68:	2500      	movs	r5, #0
10004c6a:	e7f0      	b.n	10004c4e <tu_edpt_release+0x1a>

10004c6c <tu_edpt_validate>:
10004c6c:	7943      	ldrb	r3, [r0, #5]
10004c6e:	7902      	ldrb	r2, [r0, #4]
10004c70:	021b      	lsls	r3, r3, #8
10004c72:	4313      	orrs	r3, r2
10004c74:	78c2      	ldrb	r2, [r0, #3]
10004c76:	055b      	lsls	r3, r3, #21
10004c78:	0792      	lsls	r2, r2, #30
10004c7a:	0d5b      	lsrs	r3, r3, #21
10004c7c:	0f92      	lsrs	r2, r2, #30
10004c7e:	2a02      	cmp	r2, #2
10004c80:	d01d      	beq.n	10004cbe <tu_edpt_validate+0x52>
10004c82:	2a03      	cmp	r2, #3
10004c84:	d00c      	beq.n	10004ca0 <tu_edpt_validate+0x34>
10004c86:	2000      	movs	r0, #0
10004c88:	2a01      	cmp	r2, #1
10004c8a:	d108      	bne.n	10004c9e <tu_edpt_validate+0x32>
10004c8c:	3902      	subs	r1, #2
10004c8e:	424a      	negs	r2, r1
10004c90:	4151      	adcs	r1, r2
10004c92:	4a12      	ldr	r2, [pc, #72]	@ (10004cdc <tu_edpt_validate+0x70>)
10004c94:	4694      	mov	ip, r2
10004c96:	4461      	add	r1, ip
10004c98:	4299      	cmp	r1, r3
10004c9a:	4140      	adcs	r0, r0
10004c9c:	b2c0      	uxtb	r0, r0
10004c9e:	4770      	bx	lr
10004ca0:	3902      	subs	r1, #2
10004ca2:	1e4a      	subs	r2, r1, #1
10004ca4:	4191      	sbcs	r1, r2
10004ca6:	4a0e      	ldr	r2, [pc, #56]	@ (10004ce0 <tu_edpt_validate+0x74>)
10004ca8:	4249      	negs	r1, r1
10004caa:	4011      	ands	r1, r2
10004cac:	2280      	movs	r2, #128	@ 0x80
10004cae:	00d2      	lsls	r2, r2, #3
10004cb0:	4694      	mov	ip, r2
10004cb2:	2000      	movs	r0, #0
10004cb4:	4461      	add	r1, ip
10004cb6:	4299      	cmp	r1, r3
10004cb8:	4140      	adcs	r0, r0
10004cba:	b2c0      	uxtb	r0, r0
10004cbc:	e7ef      	b.n	10004c9e <tu_edpt_validate+0x32>
10004cbe:	2902      	cmp	r1, #2
10004cc0:	d005      	beq.n	10004cce <tu_edpt_validate+0x62>
10004cc2:	2000      	movs	r0, #0
10004cc4:	2240      	movs	r2, #64	@ 0x40
10004cc6:	429a      	cmp	r2, r3
10004cc8:	4140      	adcs	r0, r0
10004cca:	b2c0      	uxtb	r0, r0
10004ccc:	e7e7      	b.n	10004c9e <tu_edpt_validate+0x32>
10004cce:	4a05      	ldr	r2, [pc, #20]	@ (10004ce4 <tu_edpt_validate+0x78>)
10004cd0:	1898      	adds	r0, r3, r2
10004cd2:	4243      	negs	r3, r0
10004cd4:	4158      	adcs	r0, r3
10004cd6:	b2c0      	uxtb	r0, r0
10004cd8:	e7e1      	b.n	10004c9e <tu_edpt_validate+0x32>
10004cda:	46c0      	nop			@ (mov r8, r8)
10004cdc:	000003ff 	.word	0x000003ff
10004ce0:	fffffc40 	.word	0xfffffc40
10004ce4:	fffffe00 	.word	0xfffffe00

10004ce8 <tu_edpt_bind_driver>:
10004ce8:	188a      	adds	r2, r1, r2
10004cea:	b570      	push	{r4, r5, r6, lr}
10004cec:	4291      	cmp	r1, r2
10004cee:	d207      	bcs.n	10004d00 <tu_edpt_bind_driver+0x18>
10004cf0:	267f      	movs	r6, #127	@ 0x7f
10004cf2:	784c      	ldrb	r4, [r1, #1]
10004cf4:	2c05      	cmp	r4, #5
10004cf6:	d004      	beq.n	10004d02 <tu_edpt_bind_driver+0x1a>
10004cf8:	780c      	ldrb	r4, [r1, #0]
10004cfa:	1909      	adds	r1, r1, r4
10004cfc:	428a      	cmp	r2, r1
10004cfe:	d8f8      	bhi.n	10004cf2 <tu_edpt_bind_driver+0xa>
10004d00:	bd70      	pop	{r4, r5, r6, pc}
10004d02:	0034      	movs	r4, r6
10004d04:	788d      	ldrb	r5, [r1, #2]
10004d06:	402c      	ands	r4, r5
10004d08:	0064      	lsls	r4, r4, #1
10004d0a:	1904      	adds	r4, r0, r4
10004d0c:	09ed      	lsrs	r5, r5, #7
10004d0e:	5563      	strb	r3, [r4, r5]
10004d10:	780c      	ldrb	r4, [r1, #0]
10004d12:	1909      	adds	r1, r1, r4
10004d14:	428a      	cmp	r2, r1
10004d16:	d8ec      	bhi.n	10004cf2 <tu_edpt_bind_driver+0xa>
10004d18:	e7f2      	b.n	10004d00 <tu_edpt_bind_driver+0x18>
10004d1a:	46c0      	nop			@ (mov r8, r8)

10004d1c <tu_fifo_config>:
10004d1c:	b5f0      	push	{r4, r5, r6, r7, lr}
10004d1e:	46c6      	mov	lr, r8
10004d20:	b500      	push	{lr}
10004d22:	0004      	movs	r4, r0
10004d24:	a806      	add	r0, sp, #24
10004d26:	7805      	ldrb	r5, [r0, #0]
10004d28:	2080      	movs	r0, #128	@ 0x80
10004d2a:	4688      	mov	r8, r1
10004d2c:	0017      	movs	r7, r2
10004d2e:	001e      	movs	r6, r3
10004d30:	0200      	lsls	r0, r0, #8
10004d32:	4282      	cmp	r2, r0
10004d34:	d826      	bhi.n	10004d84 <tu_fifo_config+0x68>
10004d36:	68e0      	ldr	r0, [r4, #12]
10004d38:	2800      	cmp	r0, #0
10004d3a:	d003      	beq.n	10004d44 <tu_fifo_config+0x28>
10004d3c:	2101      	movs	r1, #1
10004d3e:	4249      	negs	r1, r1
10004d40:	f001 f97e 	bl	10006040 <__mutex_enter_timeout_ms_veneer>
10004d44:	6920      	ldr	r0, [r4, #16]
10004d46:	2800      	cmp	r0, #0
10004d48:	d003      	beq.n	10004d52 <tu_fifo_config+0x36>
10004d4a:	2101      	movs	r1, #1
10004d4c:	4249      	negs	r1, r1
10004d4e:	f001 f977 	bl	10006040 <__mutex_enter_timeout_ms_veneer>
10004d52:	4643      	mov	r3, r8
10004d54:	6023      	str	r3, [r4, #0]
10004d56:	0473      	lsls	r3, r6, #17
10004d58:	0c5b      	lsrs	r3, r3, #17
10004d5a:	03ed      	lsls	r5, r5, #15
10004d5c:	431d      	orrs	r5, r3
10004d5e:	2300      	movs	r3, #0
10004d60:	68e0      	ldr	r0, [r4, #12]
10004d62:	8163      	strh	r3, [r4, #10]
10004d64:	80a7      	strh	r7, [r4, #4]
10004d66:	80e5      	strh	r5, [r4, #6]
10004d68:	8123      	strh	r3, [r4, #8]
10004d6a:	2800      	cmp	r0, #0
10004d6c:	d001      	beq.n	10004d72 <tu_fifo_config+0x56>
10004d6e:	f001 f94f 	bl	10006010 <__mutex_exit_veneer>
10004d72:	6920      	ldr	r0, [r4, #16]
10004d74:	2800      	cmp	r0, #0
10004d76:	d001      	beq.n	10004d7c <tu_fifo_config+0x60>
10004d78:	f001 f94a 	bl	10006010 <__mutex_exit_veneer>
10004d7c:	2001      	movs	r0, #1
10004d7e:	bc80      	pop	{r7}
10004d80:	46b8      	mov	r8, r7
10004d82:	bdf0      	pop	{r4, r5, r6, r7, pc}
10004d84:	2000      	movs	r0, #0
10004d86:	e7fa      	b.n	10004d7e <tu_fifo_config+0x62>

10004d88 <tu_fifo_count>:
10004d88:	b510      	push	{r4, lr}
10004d8a:	8904      	ldrh	r4, [r0, #8]
10004d8c:	8941      	ldrh	r1, [r0, #10]
10004d8e:	8882      	ldrh	r2, [r0, #4]
10004d90:	b2a3      	uxth	r3, r4
10004d92:	b288      	uxth	r0, r1
10004d94:	428c      	cmp	r4, r1
10004d96:	d307      	bcc.n	10004da8 <tu_fifo_count+0x20>
10004d98:	1a1b      	subs	r3, r3, r0
10004d9a:	b29b      	uxth	r3, r3
10004d9c:	1c10      	adds	r0, r2, #0
10004d9e:	429a      	cmp	r2, r3
10004da0:	d900      	bls.n	10004da4 <tu_fifo_count+0x1c>
10004da2:	1c18      	adds	r0, r3, #0
10004da4:	b280      	uxth	r0, r0
10004da6:	bd10      	pop	{r4, pc}
10004da8:	0051      	lsls	r1, r2, #1
10004daa:	1a09      	subs	r1, r1, r0
10004dac:	185b      	adds	r3, r3, r1
10004dae:	b29b      	uxth	r3, r3
10004db0:	e7f4      	b.n	10004d9c <tu_fifo_count+0x14>
10004db2:	46c0      	nop			@ (mov r8, r8)

10004db4 <tu_fifo_empty>:
10004db4:	8903      	ldrh	r3, [r0, #8]
10004db6:	8940      	ldrh	r0, [r0, #10]
10004db8:	1a18      	subs	r0, r3, r0
10004dba:	4243      	negs	r3, r0
10004dbc:	4158      	adcs	r0, r3
10004dbe:	b2c0      	uxtb	r0, r0
10004dc0:	4770      	bx	lr
10004dc2:	46c0      	nop			@ (mov r8, r8)

10004dc4 <tu_fifo_remaining>:
10004dc4:	b510      	push	{r4, lr}
10004dc6:	8904      	ldrh	r4, [r0, #8]
10004dc8:	8941      	ldrh	r1, [r0, #10]
10004dca:	8882      	ldrh	r2, [r0, #4]
10004dcc:	b2a3      	uxth	r3, r4
10004dce:	b288      	uxth	r0, r1
10004dd0:	428c      	cmp	r4, r1
10004dd2:	d307      	bcc.n	10004de4 <tu_fifo_remaining+0x20>
10004dd4:	1a1b      	subs	r3, r3, r0
10004dd6:	b29b      	uxth	r3, r3
10004dd8:	2000      	movs	r0, #0
10004dda:	429a      	cmp	r2, r3
10004ddc:	d901      	bls.n	10004de2 <tu_fifo_remaining+0x1e>
10004dde:	1ad2      	subs	r2, r2, r3
10004de0:	b290      	uxth	r0, r2
10004de2:	bd10      	pop	{r4, pc}
10004de4:	0051      	lsls	r1, r2, #1
10004de6:	1a09      	subs	r1, r1, r0
10004de8:	185b      	adds	r3, r3, r1
10004dea:	b29b      	uxth	r3, r3
10004dec:	e7f4      	b.n	10004dd8 <tu_fifo_remaining+0x14>
10004dee:	46c0      	nop			@ (mov r8, r8)

10004df0 <tu_fifo_read>:
10004df0:	b570      	push	{r4, r5, r6, lr}
10004df2:	0004      	movs	r4, r0
10004df4:	6900      	ldr	r0, [r0, #16]
10004df6:	000e      	movs	r6, r1
10004df8:	2800      	cmp	r0, #0
10004dfa:	d003      	beq.n	10004e04 <tu_fifo_read+0x14>
10004dfc:	2101      	movs	r1, #1
10004dfe:	4249      	negs	r1, r1
10004e00:	f001 f91e 	bl	10006040 <__mutex_enter_timeout_ms_veneer>
10004e04:	8925      	ldrh	r5, [r4, #8]
10004e06:	8960      	ldrh	r0, [r4, #10]
10004e08:	88a2      	ldrh	r2, [r4, #4]
10004e0a:	b2a9      	uxth	r1, r5
10004e0c:	b283      	uxth	r3, r0
10004e0e:	4285      	cmp	r5, r0
10004e10:	d32c      	bcc.n	10004e6c <tu_fifo_read+0x7c>
10004e12:	1acd      	subs	r5, r1, r3
10004e14:	b2ad      	uxth	r5, r5
10004e16:	2d00      	cmp	r5, #0
10004e18:	d02e      	beq.n	10004e78 <tu_fifo_read+0x88>
10004e1a:	42aa      	cmp	r2, r5
10004e1c:	d208      	bcs.n	10004e30 <tu_fifo_read+0x40>
10004e1e:	4291      	cmp	r1, r2
10004e20:	d330      	bcc.n	10004e84 <tu_fifo_read+0x94>
10004e22:	1a89      	subs	r1, r1, r2
10004e24:	b28b      	uxth	r3, r1
10004e26:	8163      	strh	r3, [r4, #10]
10004e28:	429a      	cmp	r2, r3
10004e2a:	d803      	bhi.n	10004e34 <tu_fifo_read+0x44>
10004e2c:	1a9b      	subs	r3, r3, r2
10004e2e:	b29b      	uxth	r3, r3
10004e30:	429a      	cmp	r2, r3
10004e32:	d9fb      	bls.n	10004e2c <tu_fifo_read+0x3c>
10004e34:	88e2      	ldrh	r2, [r4, #6]
10004e36:	6821      	ldr	r1, [r4, #0]
10004e38:	0452      	lsls	r2, r2, #17
10004e3a:	0c52      	lsrs	r2, r2, #17
10004e3c:	4353      	muls	r3, r2
10004e3e:	0030      	movs	r0, r6
10004e40:	18c9      	adds	r1, r1, r3
10004e42:	f7fd ff71 	bl	10002d28 <__wrap___aeabi_memcpy>
10004e46:	8963      	ldrh	r3, [r4, #10]
10004e48:	2501      	movs	r5, #1
10004e4a:	1c59      	adds	r1, r3, #1
10004e4c:	b289      	uxth	r1, r1
10004e4e:	88a2      	ldrh	r2, [r4, #4]
10004e50:	428b      	cmp	r3, r1
10004e52:	d913      	bls.n	10004e7c <tu_fifo_read+0x8c>
10004e54:	2100      	movs	r1, #0
10004e56:	0052      	lsls	r2, r2, #1
10004e58:	1a89      	subs	r1, r1, r2
10004e5a:	b289      	uxth	r1, r1
10004e5c:	6920      	ldr	r0, [r4, #16]
10004e5e:	8161      	strh	r1, [r4, #10]
10004e60:	2800      	cmp	r0, #0
10004e62:	d001      	beq.n	10004e68 <tu_fifo_read+0x78>
10004e64:	f001 f8d4 	bl	10006010 <__mutex_exit_veneer>
10004e68:	0028      	movs	r0, r5
10004e6a:	bd70      	pop	{r4, r5, r6, pc}
10004e6c:	0055      	lsls	r5, r2, #1
10004e6e:	1aed      	subs	r5, r5, r3
10004e70:	194d      	adds	r5, r1, r5
10004e72:	b2ad      	uxth	r5, r5
10004e74:	2d00      	cmp	r5, #0
10004e76:	d1d0      	bne.n	10004e1a <tu_fifo_read+0x2a>
10004e78:	8961      	ldrh	r1, [r4, #10]
10004e7a:	b289      	uxth	r1, r1
10004e7c:	0052      	lsls	r2, r2, #1
10004e7e:	4291      	cmp	r1, r2
10004e80:	dbec      	blt.n	10004e5c <tu_fifo_read+0x6c>
10004e82:	e7e9      	b.n	10004e58 <tu_fifo_read+0x68>
10004e84:	1889      	adds	r1, r1, r2
10004e86:	b28b      	uxth	r3, r1
10004e88:	8163      	strh	r3, [r4, #10]
10004e8a:	e7cd      	b.n	10004e28 <tu_fifo_read+0x38>

10004e8c <tu_fifo_read_n>:
10004e8c:	b5f0      	push	{r4, r5, r6, r7, lr}
10004e8e:	4646      	mov	r6, r8
10004e90:	464f      	mov	r7, r9
10004e92:	46d6      	mov	lr, sl
10004e94:	b5c0      	push	{r6, r7, lr}
10004e96:	0006      	movs	r6, r0
10004e98:	6900      	ldr	r0, [r0, #16]
10004e9a:	4689      	mov	r9, r1
10004e9c:	4690      	mov	r8, r2
10004e9e:	2800      	cmp	r0, #0
10004ea0:	d003      	beq.n	10004eaa <tu_fifo_read_n+0x1e>
10004ea2:	2101      	movs	r1, #1
10004ea4:	4249      	negs	r1, r1
10004ea6:	f001 f8cb 	bl	10006040 <__mutex_enter_timeout_ms_veneer>
10004eaa:	8931      	ldrh	r1, [r6, #8]
10004eac:	8972      	ldrh	r2, [r6, #10]
10004eae:	88b5      	ldrh	r5, [r6, #4]
10004eb0:	b28b      	uxth	r3, r1
10004eb2:	b294      	uxth	r4, r2
10004eb4:	4291      	cmp	r1, r2
10004eb6:	d354      	bcc.n	10004f62 <tu_fifo_read_n+0xd6>
10004eb8:	1b1f      	subs	r7, r3, r4
10004eba:	b2bf      	uxth	r7, r7
10004ebc:	2f00      	cmp	r7, #0
10004ebe:	d04a      	beq.n	10004f56 <tu_fifo_read_n+0xca>
10004ec0:	42bd      	cmp	r5, r7
10004ec2:	d205      	bcs.n	10004ed0 <tu_fifo_read_n+0x44>
10004ec4:	42ab      	cmp	r3, r5
10004ec6:	d251      	bcs.n	10004f6c <tu_fifo_read_n+0xe0>
10004ec8:	195b      	adds	r3, r3, r5
10004eca:	b29c      	uxth	r4, r3
10004ecc:	002f      	movs	r7, r5
10004ece:	8174      	strh	r4, [r6, #10]
10004ed0:	4643      	mov	r3, r8
10004ed2:	45b8      	cmp	r8, r7
10004ed4:	d83d      	bhi.n	10004f52 <tu_fifo_read_n+0xc6>
10004ed6:	b29f      	uxth	r7, r3
10004ed8:	42a5      	cmp	r5, r4
10004eda:	d803      	bhi.n	10004ee4 <tu_fifo_read_n+0x58>
10004edc:	1b64      	subs	r4, r4, r5
10004ede:	b2a4      	uxth	r4, r4
10004ee0:	42a5      	cmp	r5, r4
10004ee2:	d9fb      	bls.n	10004edc <tu_fifo_read_n+0x50>
10004ee4:	88f2      	ldrh	r2, [r6, #6]
10004ee6:	6831      	ldr	r1, [r6, #0]
10004ee8:	0452      	lsls	r2, r2, #17
10004eea:	0c52      	lsrs	r2, r2, #17
10004eec:	4690      	mov	r8, r2
10004eee:	4362      	muls	r2, r4
10004ef0:	1b2b      	subs	r3, r5, r4
10004ef2:	b29b      	uxth	r3, r3
10004ef4:	1889      	adds	r1, r1, r2
10004ef6:	4642      	mov	r2, r8
10004ef8:	429f      	cmp	r7, r3
10004efa:	d925      	bls.n	10004f48 <tu_fifo_read_n+0xbc>
10004efc:	4353      	muls	r3, r2
10004efe:	b29b      	uxth	r3, r3
10004f00:	001a      	movs	r2, r3
10004f02:	4648      	mov	r0, r9
10004f04:	469a      	mov	sl, r3
10004f06:	f7fd ff0f 	bl	10002d28 <__wrap___aeabi_memcpy>
10004f0a:	4643      	mov	r3, r8
10004f0c:	4648      	mov	r0, r9
10004f0e:	1b7d      	subs	r5, r7, r5
10004f10:	1964      	adds	r4, r4, r5
10004f12:	435c      	muls	r4, r3
10004f14:	6831      	ldr	r1, [r6, #0]
10004f16:	4450      	add	r0, sl
10004f18:	b2a2      	uxth	r2, r4
10004f1a:	f7fd ff05 	bl	10002d28 <__wrap___aeabi_memcpy>
10004f1e:	8971      	ldrh	r1, [r6, #10]
10004f20:	88b5      	ldrh	r5, [r6, #4]
10004f22:	19cb      	adds	r3, r1, r7
10004f24:	b29b      	uxth	r3, r3
10004f26:	006a      	lsls	r2, r5, #1
10004f28:	4299      	cmp	r1, r3
10004f2a:	d916      	bls.n	10004f5a <tu_fifo_read_n+0xce>
10004f2c:	1a9b      	subs	r3, r3, r2
10004f2e:	b29b      	uxth	r3, r3
10004f30:	6930      	ldr	r0, [r6, #16]
10004f32:	8173      	strh	r3, [r6, #10]
10004f34:	2800      	cmp	r0, #0
10004f36:	d001      	beq.n	10004f3c <tu_fifo_read_n+0xb0>
10004f38:	f001 f86a 	bl	10006010 <__mutex_exit_veneer>
10004f3c:	0038      	movs	r0, r7
10004f3e:	bce0      	pop	{r5, r6, r7}
10004f40:	46ba      	mov	sl, r7
10004f42:	46b1      	mov	r9, r6
10004f44:	46a8      	mov	r8, r5
10004f46:	bdf0      	pop	{r4, r5, r6, r7, pc}
10004f48:	4648      	mov	r0, r9
10004f4a:	437a      	muls	r2, r7
10004f4c:	f7fd feec 	bl	10002d28 <__wrap___aeabi_memcpy>
10004f50:	e7e5      	b.n	10004f1e <tu_fifo_read_n+0x92>
10004f52:	1c3b      	adds	r3, r7, #0
10004f54:	e7bf      	b.n	10004ed6 <tu_fifo_read_n+0x4a>
10004f56:	8973      	ldrh	r3, [r6, #10]
10004f58:	b29b      	uxth	r3, r3
10004f5a:	006a      	lsls	r2, r5, #1
10004f5c:	4293      	cmp	r3, r2
10004f5e:	dbe7      	blt.n	10004f30 <tu_fifo_read_n+0xa4>
10004f60:	e7e4      	b.n	10004f2c <tu_fifo_read_n+0xa0>
10004f62:	006f      	lsls	r7, r5, #1
10004f64:	1b3f      	subs	r7, r7, r4
10004f66:	19df      	adds	r7, r3, r7
10004f68:	b2bf      	uxth	r7, r7
10004f6a:	e7a7      	b.n	10004ebc <tu_fifo_read_n+0x30>
10004f6c:	1b5b      	subs	r3, r3, r5
10004f6e:	b29c      	uxth	r4, r3
10004f70:	e7ac      	b.n	10004ecc <tu_fifo_read_n+0x40>
10004f72:	46c0      	nop			@ (mov r8, r8)

10004f74 <tu_fifo_write>:
10004f74:	b5f8      	push	{r3, r4, r5, r6, r7, lr}
10004f76:	0004      	movs	r4, r0
10004f78:	68c0      	ldr	r0, [r0, #12]
10004f7a:	000e      	movs	r6, r1
10004f7c:	2800      	cmp	r0, #0
10004f7e:	d003      	beq.n	10004f88 <tu_fifo_write+0x14>
10004f80:	2101      	movs	r1, #1
10004f82:	4249      	negs	r1, r1
10004f84:	f001 f85c 	bl	10006040 <__mutex_enter_timeout_ms_veneer>
10004f88:	8925      	ldrh	r5, [r4, #8]
10004f8a:	8920      	ldrh	r0, [r4, #8]
10004f8c:	8961      	ldrh	r1, [r4, #10]
10004f8e:	88a2      	ldrh	r2, [r4, #4]
10004f90:	b2ad      	uxth	r5, r5
10004f92:	b283      	uxth	r3, r0
10004f94:	b28f      	uxth	r7, r1
10004f96:	4288      	cmp	r0, r1
10004f98:	d329      	bcc.n	10004fee <tu_fifo_write+0x7a>
10004f9a:	1bdb      	subs	r3, r3, r7
10004f9c:	b29b      	uxth	r3, r3
10004f9e:	429a      	cmp	r2, r3
10004fa0:	d809      	bhi.n	10004fb6 <tu_fifo_write+0x42>
10004fa2:	79e7      	ldrb	r7, [r4, #7]
10004fa4:	09ff      	lsrs	r7, r7, #7
10004fa6:	d106      	bne.n	10004fb6 <tu_fifo_write+0x42>
10004fa8:	68e0      	ldr	r0, [r4, #12]
10004faa:	2800      	cmp	r0, #0
10004fac:	d001      	beq.n	10004fb2 <tu_fifo_write+0x3e>
10004fae:	f001 f82f 	bl	10006010 <__mutex_exit_veneer>
10004fb2:	0038      	movs	r0, r7
10004fb4:	bdf8      	pop	{r3, r4, r5, r6, r7, pc}
10004fb6:	4295      	cmp	r5, r2
10004fb8:	d31e      	bcc.n	10004ff8 <tu_fifo_write+0x84>
10004fba:	002b      	movs	r3, r5
10004fbc:	1a9b      	subs	r3, r3, r2
10004fbe:	b29b      	uxth	r3, r3
10004fc0:	4293      	cmp	r3, r2
10004fc2:	d2fb      	bcs.n	10004fbc <tu_fifo_write+0x48>
10004fc4:	88e2      	ldrh	r2, [r4, #6]
10004fc6:	6820      	ldr	r0, [r4, #0]
10004fc8:	0452      	lsls	r2, r2, #17
10004fca:	0c52      	lsrs	r2, r2, #17
10004fcc:	4353      	muls	r3, r2
10004fce:	0031      	movs	r1, r6
10004fd0:	18c0      	adds	r0, r0, r3
10004fd2:	f7fd fea9 	bl	10002d28 <__wrap___aeabi_memcpy>
10004fd6:	1c6b      	adds	r3, r5, #1
10004fd8:	b29b      	uxth	r3, r3
10004fda:	88a2      	ldrh	r2, [r4, #4]
10004fdc:	429d      	cmp	r5, r3
10004fde:	d918      	bls.n	10005012 <tu_fifo_write+0x9e>
10004fe0:	2300      	movs	r3, #0
10004fe2:	0052      	lsls	r2, r2, #1
10004fe4:	1a9b      	subs	r3, r3, r2
10004fe6:	b29b      	uxth	r3, r3
10004fe8:	2701      	movs	r7, #1
10004fea:	8123      	strh	r3, [r4, #8]
10004fec:	e7dc      	b.n	10004fa8 <tu_fifo_write+0x34>
10004fee:	0051      	lsls	r1, r2, #1
10004ff0:	1bc9      	subs	r1, r1, r7
10004ff2:	185b      	adds	r3, r3, r1
10004ff4:	b29b      	uxth	r3, r3
10004ff6:	e7d2      	b.n	10004f9e <tu_fifo_write+0x2a>
10004ff8:	002b      	movs	r3, r5
10004ffa:	88e2      	ldrh	r2, [r4, #6]
10004ffc:	6820      	ldr	r0, [r4, #0]
10004ffe:	0452      	lsls	r2, r2, #17
10005000:	0c52      	lsrs	r2, r2, #17
10005002:	4353      	muls	r3, r2
10005004:	0031      	movs	r1, r6
10005006:	18c0      	adds	r0, r0, r3
10005008:	f7fd fe8e 	bl	10002d28 <__wrap___aeabi_memcpy>
1000500c:	3501      	adds	r5, #1
1000500e:	88a2      	ldrh	r2, [r4, #4]
10005010:	b2ab      	uxth	r3, r5
10005012:	0052      	lsls	r2, r2, #1
10005014:	4293      	cmp	r3, r2
10005016:	dbe7      	blt.n	10004fe8 <tu_fifo_write+0x74>
10005018:	e7e4      	b.n	10004fe4 <tu_fifo_write+0x70>
1000501a:	46c0      	nop			@ (mov r8, r8)

1000501c <tu_fifo_write_n>:
1000501c:	b5f0      	push	{r4, r5, r6, r7, lr}
1000501e:	4657      	mov	r7, sl
10005020:	4645      	mov	r5, r8
10005022:	46de      	mov	lr, fp
10005024:	464e      	mov	r6, r9
10005026:	b5e0      	push	{r5, r6, r7, lr}
10005028:	0014      	movs	r4, r2
1000502a:	0005      	movs	r5, r0
1000502c:	000f      	movs	r7, r1
1000502e:	b083      	sub	sp, #12
10005030:	2a00      	cmp	r2, #0
10005032:	d075      	beq.n	10005120 <tu_fifo_write_n+0x104>
10005034:	68c0      	ldr	r0, [r0, #12]
10005036:	2800      	cmp	r0, #0
10005038:	d003      	beq.n	10005042 <tu_fifo_write_n+0x26>
1000503a:	2101      	movs	r1, #1
1000503c:	4249      	negs	r1, r1
1000503e:	f000 ffff 	bl	10006040 <__mutex_enter_timeout_ms_veneer>
10005042:	892e      	ldrh	r6, [r5, #8]
10005044:	79e9      	ldrb	r1, [r5, #7]
10005046:	896a      	ldrh	r2, [r5, #10]
10005048:	88ab      	ldrh	r3, [r5, #4]
1000504a:	b2b6      	uxth	r6, r6
1000504c:	b292      	uxth	r2, r2
1000504e:	09c9      	lsrs	r1, r1, #7
10005050:	d145      	bne.n	100050de <tu_fifo_write_n+0xc2>
10005052:	4296      	cmp	r6, r2
10005054:	d300      	bcc.n	10005058 <tu_fifo_write_n+0x3c>
10005056:	e06d      	b.n	10005134 <tu_fifo_write_n+0x118>
10005058:	0059      	lsls	r1, r3, #1
1000505a:	1a8a      	subs	r2, r1, r2
1000505c:	18b2      	adds	r2, r6, r2
1000505e:	b292      	uxth	r2, r2
10005060:	2100      	movs	r1, #0
10005062:	4689      	mov	r9, r1
10005064:	429a      	cmp	r2, r3
10005066:	d234      	bcs.n	100050d2 <tu_fifo_write_n+0xb6>
10005068:	1a9a      	subs	r2, r3, r2
1000506a:	1c11      	adds	r1, r2, #0
1000506c:	b292      	uxth	r2, r2
1000506e:	42a2      	cmp	r2, r4
10005070:	d900      	bls.n	10005074 <tu_fifo_write_n+0x58>
10005072:	1c21      	adds	r1, r4, #0
10005074:	b28a      	uxth	r2, r1
10005076:	4691      	mov	r9, r2
10005078:	88ea      	ldrh	r2, [r5, #6]
1000507a:	0452      	lsls	r2, r2, #17
1000507c:	0c52      	lsrs	r2, r2, #17
1000507e:	4690      	mov	r8, r2
10005080:	464a      	mov	r2, r9
10005082:	18b2      	adds	r2, r6, r2
10005084:	b292      	uxth	r2, r2
10005086:	4692      	mov	sl, r2
10005088:	464a      	mov	r2, r9
1000508a:	1ad2      	subs	r2, r2, r3
1000508c:	b292      	uxth	r2, r2
1000508e:	4693      	mov	fp, r2
10005090:	0034      	movs	r4, r6
10005092:	429e      	cmp	r6, r3
10005094:	d303      	bcc.n	1000509e <tu_fifo_write_n+0x82>
10005096:	1ae4      	subs	r4, r4, r3
10005098:	b2a4      	uxth	r4, r4
1000509a:	429c      	cmp	r4, r3
1000509c:	d2fb      	bcs.n	10005096 <tu_fifo_write_n+0x7a>
1000509e:	4642      	mov	r2, r8
100050a0:	4362      	muls	r2, r4
100050a2:	6828      	ldr	r0, [r5, #0]
100050a4:	1b1b      	subs	r3, r3, r4
100050a6:	b29b      	uxth	r3, r3
100050a8:	1880      	adds	r0, r0, r2
100050aa:	4642      	mov	r2, r8
100050ac:	454b      	cmp	r3, r9
100050ae:	d354      	bcc.n	1000515a <tu_fifo_write_n+0x13e>
100050b0:	464b      	mov	r3, r9
100050b2:	0039      	movs	r1, r7
100050b4:	435a      	muls	r2, r3
100050b6:	f7fd fe37 	bl	10002d28 <__wrap___aeabi_memcpy>
100050ba:	88ab      	ldrh	r3, [r5, #4]
100050bc:	005b      	lsls	r3, r3, #1
100050be:	45b2      	cmp	sl, r6
100050c0:	d301      	bcc.n	100050c6 <tu_fifo_write_n+0xaa>
100050c2:	459a      	cmp	sl, r3
100050c4:	db03      	blt.n	100050ce <tu_fifo_write_n+0xb2>
100050c6:	4652      	mov	r2, sl
100050c8:	1ad3      	subs	r3, r2, r3
100050ca:	b29b      	uxth	r3, r3
100050cc:	469a      	mov	sl, r3
100050ce:	4653      	mov	r3, sl
100050d0:	812b      	strh	r3, [r5, #8]
100050d2:	68e8      	ldr	r0, [r5, #12]
100050d4:	2800      	cmp	r0, #0
100050d6:	d025      	beq.n	10005124 <tu_fifo_write_n+0x108>
100050d8:	f000 ff9a 	bl	10006010 <__mutex_exit_veneer>
100050dc:	e022      	b.n	10005124 <tu_fifo_write_n+0x108>
100050de:	88e9      	ldrh	r1, [r5, #6]
100050e0:	0449      	lsls	r1, r1, #17
100050e2:	0c49      	lsrs	r1, r1, #17
100050e4:	4688      	mov	r8, r1
100050e6:	429c      	cmp	r4, r3
100050e8:	d227      	bcs.n	1000513a <tu_fifo_write_n+0x11e>
100050ea:	4296      	cmp	r6, r2
100050ec:	d347      	bcc.n	1000517e <tu_fifo_write_n+0x162>
100050ee:	1ab1      	subs	r1, r6, r2
100050f0:	b289      	uxth	r1, r1
100050f2:	468c      	mov	ip, r1
100050f4:	0058      	lsls	r0, r3, #1
100050f6:	1ae1      	subs	r1, r4, r3
100050f8:	b289      	uxth	r1, r1
100050fa:	468b      	mov	fp, r1
100050fc:	4661      	mov	r1, ip
100050fe:	1909      	adds	r1, r1, r4
10005100:	4281      	cmp	r1, r0
10005102:	db08      	blt.n	10005116 <tu_fifo_write_n+0xfa>
10005104:	18d1      	adds	r1, r2, r3
10005106:	b289      	uxth	r1, r1
10005108:	1b0e      	subs	r6, r1, r4
1000510a:	b2b6      	uxth	r6, r6
1000510c:	468a      	mov	sl, r1
1000510e:	42b2      	cmp	r2, r6
10005110:	d93b      	bls.n	1000518a <tu_fifo_write_n+0x16e>
10005112:	1a36      	subs	r6, r6, r0
10005114:	b2b6      	uxth	r6, r6
10005116:	19a2      	adds	r2, r4, r6
10005118:	b292      	uxth	r2, r2
1000511a:	4692      	mov	sl, r2
1000511c:	46a1      	mov	r9, r4
1000511e:	e7b7      	b.n	10005090 <tu_fifo_write_n+0x74>
10005120:	2300      	movs	r3, #0
10005122:	4699      	mov	r9, r3
10005124:	4648      	mov	r0, r9
10005126:	b003      	add	sp, #12
10005128:	bcf0      	pop	{r4, r5, r6, r7}
1000512a:	46bb      	mov	fp, r7
1000512c:	46b2      	mov	sl, r6
1000512e:	46a9      	mov	r9, r5
10005130:	46a0      	mov	r8, r4
10005132:	bdf0      	pop	{r4, r5, r6, r7, pc}
10005134:	1ab2      	subs	r2, r6, r2
10005136:	b292      	uxth	r2, r2
10005138:	e792      	b.n	10005060 <tu_fifo_write_n+0x44>
1000513a:	2100      	movs	r1, #0
1000513c:	4689      	mov	r9, r1
1000513e:	2b00      	cmp	r3, #0
10005140:	d0c7      	beq.n	100050d2 <tu_fifo_write_n+0xb6>
10005142:	4641      	mov	r1, r8
10005144:	1ae4      	subs	r4, r4, r3
10005146:	434c      	muls	r4, r1
10005148:	0016      	movs	r6, r2
1000514a:	18d1      	adds	r1, r2, r3
1000514c:	2200      	movs	r2, #0
1000514e:	b289      	uxth	r1, r1
10005150:	468a      	mov	sl, r1
10005152:	4699      	mov	r9, r3
10005154:	4693      	mov	fp, r2
10005156:	193f      	adds	r7, r7, r4
10005158:	e79a      	b.n	10005090 <tu_fifo_write_n+0x74>
1000515a:	4353      	muls	r3, r2
1000515c:	b29b      	uxth	r3, r3
1000515e:	001a      	movs	r2, r3
10005160:	0039      	movs	r1, r7
10005162:	445c      	add	r4, fp
10005164:	9301      	str	r3, [sp, #4]
10005166:	f7fd fddf 	bl	10002d28 <__wrap___aeabi_memcpy>
1000516a:	4641      	mov	r1, r8
1000516c:	0022      	movs	r2, r4
1000516e:	434a      	muls	r2, r1
10005170:	9b01      	ldr	r3, [sp, #4]
10005172:	6828      	ldr	r0, [r5, #0]
10005174:	b292      	uxth	r2, r2
10005176:	18f9      	adds	r1, r7, r3
10005178:	f7fd fdd6 	bl	10002d28 <__wrap___aeabi_memcpy>
1000517c:	e79d      	b.n	100050ba <tu_fifo_write_n+0x9e>
1000517e:	0058      	lsls	r0, r3, #1
10005180:	1a81      	subs	r1, r0, r2
10005182:	1871      	adds	r1, r6, r1
10005184:	b289      	uxth	r1, r1
10005186:	468c      	mov	ip, r1
10005188:	e7b5      	b.n	100050f6 <tu_fifo_write_n+0xda>
1000518a:	46a1      	mov	r9, r4
1000518c:	42b0      	cmp	r0, r6
1000518e:	dd00      	ble.n	10005192 <tu_fifo_write_n+0x176>
10005190:	e77e      	b.n	10005090 <tu_fifo_write_n+0x74>
10005192:	e7be      	b.n	10005112 <tu_fifo_write_n+0xf6>

10005194 <tu_fifo_clear>:
10005194:	b510      	push	{r4, lr}
10005196:	0004      	movs	r4, r0
10005198:	68c0      	ldr	r0, [r0, #12]
1000519a:	2800      	cmp	r0, #0
1000519c:	d003      	beq.n	100051a6 <tu_fifo_clear+0x12>
1000519e:	2101      	movs	r1, #1
100051a0:	4249      	negs	r1, r1
100051a2:	f000 ff4d 	bl	10006040 <__mutex_enter_timeout_ms_veneer>
100051a6:	6920      	ldr	r0, [r4, #16]
100051a8:	2800      	cmp	r0, #0
100051aa:	d003      	beq.n	100051b4 <tu_fifo_clear+0x20>
100051ac:	2101      	movs	r1, #1
100051ae:	4249      	negs	r1, r1
100051b0:	f000 ff46 	bl	10006040 <__mutex_enter_timeout_ms_veneer>
100051b4:	2300      	movs	r3, #0
100051b6:	68e0      	ldr	r0, [r4, #12]
100051b8:	8163      	strh	r3, [r4, #10]
100051ba:	8123      	strh	r3, [r4, #8]
100051bc:	2800      	cmp	r0, #0
100051be:	d001      	beq.n	100051c4 <tu_fifo_clear+0x30>
100051c0:	f000 ff26 	bl	10006010 <__mutex_exit_veneer>
100051c4:	6920      	ldr	r0, [r4, #16]
100051c6:	2800      	cmp	r0, #0
100051c8:	d001      	beq.n	100051ce <tu_fifo_clear+0x3a>
100051ca:	f000 ff21 	bl	10006010 <__mutex_exit_veneer>
100051ce:	2001      	movs	r0, #1
100051d0:	bd10      	pop	{r4, pc}
100051d2:	46c0      	nop			@ (mov r8, r8)

100051d4 <tu_fifo_set_overwritable>:
100051d4:	b570      	push	{r4, r5, r6, lr}
100051d6:	0004      	movs	r4, r0
100051d8:	68c0      	ldr	r0, [r0, #12]
100051da:	000d      	movs	r5, r1
100051dc:	2800      	cmp	r0, #0
100051de:	d003      	beq.n	100051e8 <tu_fifo_set_overwritable+0x14>
100051e0:	2101      	movs	r1, #1
100051e2:	4249      	negs	r1, r1
100051e4:	f000 ff2c 	bl	10006040 <__mutex_enter_timeout_ms_veneer>
100051e8:	6920      	ldr	r0, [r4, #16]
100051ea:	2800      	cmp	r0, #0
100051ec:	d003      	beq.n	100051f6 <tu_fifo_set_overwritable+0x22>
100051ee:	2101      	movs	r1, #1
100051f0:	4249      	negs	r1, r1
100051f2:	f000 ff25 	bl	10006040 <__mutex_enter_timeout_ms_veneer>
100051f6:	217f      	movs	r1, #127	@ 0x7f
100051f8:	79e3      	ldrb	r3, [r4, #7]
100051fa:	01ed      	lsls	r5, r5, #7
100051fc:	4019      	ands	r1, r3
100051fe:	68e0      	ldr	r0, [r4, #12]
10005200:	4329      	orrs	r1, r5
10005202:	71e1      	strb	r1, [r4, #7]
10005204:	2800      	cmp	r0, #0
10005206:	d001      	beq.n	1000520c <tu_fifo_set_overwritable+0x38>
10005208:	f000 ff02 	bl	10006010 <__mutex_exit_veneer>
1000520c:	6920      	ldr	r0, [r4, #16]
1000520e:	2800      	cmp	r0, #0
10005210:	d001      	beq.n	10005216 <tu_fifo_set_overwritable+0x42>
10005212:	f000 fefd 	bl	10006010 <__mutex_exit_veneer>
10005216:	2001      	movs	r0, #1
10005218:	bd70      	pop	{r4, r5, r6, pc}
1000521a:	46c0      	nop			@ (mov r8, r8)

1000521c <i2c_set_baudrate>:
1000521c:	b5f8      	push	{r3, r4, r5, r6, r7, lr}
1000521e:	46de      	mov	lr, fp
10005220:	4657      	mov	r7, sl
10005222:	464e      	mov	r6, r9
10005224:	4645      	mov	r5, r8
10005226:	4683      	mov	fp, r0
10005228:	b5e0      	push	{r5, r6, r7, lr}
1000522a:	2005      	movs	r0, #5
1000522c:	000c      	movs	r4, r1
1000522e:	f7fd fa31 	bl	10002694 <clock_get_hz>
10005232:	0006      	movs	r6, r0
10005234:	0860      	lsrs	r0, r4, #1
10005236:	0021      	movs	r1, r4
10005238:	1980      	adds	r0, r0, r6
1000523a:	f7fd fc25 	bl	10002a88 <__wrap___aeabi_uidiv>
1000523e:	0043      	lsls	r3, r0, #1
10005240:	4698      	mov	r8, r3
10005242:	4480      	add	r8, r0
10005244:	0007      	movs	r7, r0
10005246:	2105      	movs	r1, #5
10005248:	4640      	mov	r0, r8
1000524a:	f7fd fc1d 	bl	10002a88 <__wrap___aeabi_uidiv>
1000524e:	1a3b      	subs	r3, r7, r0
10005250:	469a      	mov	sl, r3
10005252:	4b20      	ldr	r3, [pc, #128]	@ (100052d4 <i2c_set_baudrate+0xb8>)
10005254:	4681      	mov	r9, r0
10005256:	0070      	lsls	r0, r6, #1
10005258:	1980      	adds	r0, r0, r6
1000525a:	429c      	cmp	r4, r3
1000525c:	d834      	bhi.n	100052c8 <i2c_set_baudrate+0xac>
1000525e:	491e      	ldr	r1, [pc, #120]	@ (100052d8 <i2c_set_baudrate+0xbc>)
10005260:	f7fd fc12 	bl	10002a88 <__wrap___aeabi_uidiv>
10005264:	1c45      	adds	r5, r0, #1
10005266:	465b      	mov	r3, fp
10005268:	681c      	ldr	r4, [r3, #0]
1000526a:	2300      	movs	r3, #0
1000526c:	2204      	movs	r2, #4
1000526e:	66e3      	str	r3, [r4, #108]	@ 0x6c
10005270:	6823      	ldr	r3, [r4, #0]
10005272:	2001      	movs	r0, #1
10005274:	4053      	eors	r3, r2
10005276:	3202      	adds	r2, #2
10005278:	401a      	ands	r2, r3
1000527a:	2380      	movs	r3, #128	@ 0x80
1000527c:	015b      	lsls	r3, r3, #5
1000527e:	4323      	orrs	r3, r4
10005280:	601a      	str	r2, [r3, #0]
10005282:	4653      	mov	r3, sl
10005284:	61e3      	str	r3, [r4, #28]
10005286:	464b      	mov	r3, r9
10005288:	6223      	str	r3, [r4, #32]
1000528a:	4643      	mov	r3, r8
1000528c:	2b4f      	cmp	r3, #79	@ 0x4f
1000528e:	d903      	bls.n	10005298 <i2c_set_baudrate+0x7c>
10005290:	2150      	movs	r1, #80	@ 0x50
10005292:	4640      	mov	r0, r8
10005294:	f7fd fbf8 	bl	10002a88 <__wrap___aeabi_uidiv>
10005298:	23a0      	movs	r3, #160	@ 0xa0
1000529a:	50e0      	str	r0, [r4, r3]
1000529c:	6fe3      	ldr	r3, [r4, #124]	@ 0x7c
1000529e:	0022      	movs	r2, r4
100052a0:	405d      	eors	r5, r3
100052a2:	2380      	movs	r3, #128	@ 0x80
100052a4:	327c      	adds	r2, #124	@ 0x7c
100052a6:	042d      	lsls	r5, r5, #16
100052a8:	015b      	lsls	r3, r3, #5
100052aa:	4313      	orrs	r3, r2
100052ac:	0c2d      	lsrs	r5, r5, #16
100052ae:	601d      	str	r5, [r3, #0]
100052b0:	2301      	movs	r3, #1
100052b2:	0039      	movs	r1, r7
100052b4:	0030      	movs	r0, r6
100052b6:	66e3      	str	r3, [r4, #108]	@ 0x6c
100052b8:	f7fd fbe6 	bl	10002a88 <__wrap___aeabi_uidiv>
100052bc:	bcf0      	pop	{r4, r5, r6, r7}
100052be:	46bb      	mov	fp, r7
100052c0:	46b2      	mov	sl, r6
100052c2:	46a9      	mov	r9, r5
100052c4:	46a0      	mov	r8, r4
100052c6:	bdf8      	pop	{r3, r4, r5, r6, r7, pc}
100052c8:	4904      	ldr	r1, [pc, #16]	@ (100052dc <i2c_set_baudrate+0xc0>)
100052ca:	f7fd fbdd 	bl	10002a88 <__wrap___aeabi_uidiv>
100052ce:	1c45      	adds	r5, r0, #1
100052d0:	e7c9      	b.n	10005266 <i2c_set_baudrate+0x4a>
100052d2:	46c0      	nop			@ (mov r8, r8)
100052d4:	000f423f 	.word	0x000f423f
100052d8:	00989680 	.word	0x00989680
100052dc:	017d7840 	.word	0x017d7840

100052e0 <i2c_init>:
100052e0:	4a0f      	ldr	r2, [pc, #60]	@ (10005320 <i2c_init+0x40>)
100052e2:	b570      	push	{r4, r5, r6, lr}
100052e4:	1a82      	subs	r2, r0, r2
100052e6:	1e53      	subs	r3, r2, #1
100052e8:	419a      	sbcs	r2, r3
100052ea:	4b0e      	ldr	r3, [pc, #56]	@ (10005324 <i2c_init+0x44>)
100052ec:	00d2      	lsls	r2, r2, #3
100052ee:	3208      	adds	r2, #8
100052f0:	601a      	str	r2, [r3, #0]
100052f2:	4b0d      	ldr	r3, [pc, #52]	@ (10005328 <i2c_init+0x48>)
100052f4:	4c0d      	ldr	r4, [pc, #52]	@ (1000532c <i2c_init+0x4c>)
100052f6:	601a      	str	r2, [r3, #0]
100052f8:	0015      	movs	r5, r2
100052fa:	68a3      	ldr	r3, [r4, #8]
100052fc:	439d      	bics	r5, r3
100052fe:	1e2b      	subs	r3, r5, #0
10005300:	d1fa      	bne.n	100052f8 <i2c_init+0x18>
10005302:	2466      	movs	r4, #102	@ 0x66
10005304:	6802      	ldr	r2, [r0, #0]
10005306:	34ff      	adds	r4, #255	@ 0xff
10005308:	7105      	strb	r5, [r0, #4]
1000530a:	66d5      	str	r5, [r2, #108]	@ 0x6c
1000530c:	6014      	str	r4, [r2, #0]
1000530e:	3c63      	subs	r4, #99	@ 0x63
10005310:	3388      	adds	r3, #136	@ 0x88
10005312:	3cff      	subs	r4, #255	@ 0xff
10005314:	63d5      	str	r5, [r2, #60]	@ 0x3c
10005316:	6395      	str	r5, [r2, #56]	@ 0x38
10005318:	50d4      	str	r4, [r2, r3]
1000531a:	f7ff ff7f 	bl	1000521c <i2c_set_baudrate>
1000531e:	bd70      	pop	{r4, r5, r6, pc}
10005320:	20000ec8 	.word	0x20000ec8
10005324:	4000e000 	.word	0x4000e000
10005328:	4000f000 	.word	0x4000f000
1000532c:	4000c000 	.word	0x4000c000

10005330 <i2c_write_blocking>:
10005330:	b5f0      	push	{r4, r5, r6, r7, lr}
10005332:	4657      	mov	r7, sl
10005334:	464e      	mov	r6, r9
10005336:	46de      	mov	lr, fp
10005338:	4645      	mov	r5, r8
1000533a:	4684      	mov	ip, r0
1000533c:	b5e0      	push	{r5, r6, r7, lr}
1000533e:	b083      	sub	sp, #12
10005340:	001f      	movs	r7, r3
10005342:	ab0c      	add	r3, sp, #48	@ 0x30
10005344:	7818      	ldrb	r0, [r3, #0]
10005346:	4663      	mov	r3, ip
10005348:	4691      	mov	r9, r2
1000534a:	2200      	movs	r2, #0
1000534c:	681b      	ldr	r3, [r3, #0]
1000534e:	9001      	str	r0, [sp, #4]
10005350:	66da      	str	r2, [r3, #108]	@ 0x6c
10005352:	3201      	adds	r2, #1
10005354:	6059      	str	r1, [r3, #4]
10005356:	66da      	str	r2, [r3, #108]	@ 0x6c
10005358:	2f00      	cmp	r7, #0
1000535a:	dd4f      	ble.n	100053fc <i2c_write_blocking+0xcc>
1000535c:	1e7a      	subs	r2, r7, #1
1000535e:	4690      	mov	r8, r2
10005360:	4662      	mov	r2, ip
10005362:	7912      	ldrb	r2, [r2, #4]
10005364:	2601      	movs	r6, #1
10005366:	0292      	lsls	r2, r2, #10
10005368:	2480      	movs	r4, #128	@ 0x80
1000536a:	4693      	mov	fp, r2
1000536c:	003a      	movs	r2, r7
1000536e:	4046      	eors	r6, r0
10005370:	0276      	lsls	r6, r6, #9
10005372:	2580      	movs	r5, #128	@ 0x80
10005374:	0037      	movs	r7, r6
10005376:	2000      	movs	r0, #0
10005378:	4646      	mov	r6, r8
1000537a:	2110      	movs	r1, #16
1000537c:	46a2      	mov	sl, r4
1000537e:	4690      	mov	r8, r2
10005380:	00ad      	lsls	r5, r5, #2
10005382:	1b84      	subs	r4, r0, r6
10005384:	4262      	negs	r2, r4
10005386:	4154      	adcs	r4, r2
10005388:	464a      	mov	r2, r9
1000538a:	4264      	negs	r4, r4
1000538c:	403c      	ands	r4, r7
1000538e:	9400      	str	r4, [sp, #0]
10005390:	465c      	mov	r4, fp
10005392:	5c12      	ldrb	r2, [r2, r0]
10005394:	4322      	orrs	r2, r4
10005396:	9c00      	ldr	r4, [sp, #0]
10005398:	4322      	orrs	r2, r4
1000539a:	611a      	str	r2, [r3, #16]
1000539c:	6b5a      	ldr	r2, [r3, #52]	@ 0x34
1000539e:	4211      	tst	r1, r2
100053a0:	d0fc      	beq.n	1000539c <i2c_write_blocking+0x6c>
100053a2:	4652      	mov	r2, sl
100053a4:	589c      	ldr	r4, [r3, r2]
100053a6:	2c00      	cmp	r4, #0
100053a8:	d110      	bne.n	100053cc <i2c_write_blocking+0x9c>
100053aa:	42b0      	cmp	r0, r6
100053ac:	d021      	beq.n	100053f2 <i2c_write_blocking+0xc2>
100053ae:	2200      	movs	r2, #0
100053b0:	3001      	adds	r0, #1
100053b2:	4693      	mov	fp, r2
100053b4:	4580      	cmp	r8, r0
100053b6:	d1e4      	bne.n	10005382 <i2c_write_blocking+0x52>
100053b8:	4663      	mov	r3, ip
100053ba:	9a01      	ldr	r2, [sp, #4]
100053bc:	711a      	strb	r2, [r3, #4]
100053be:	b003      	add	sp, #12
100053c0:	bcf0      	pop	{r4, r5, r6, r7}
100053c2:	46bb      	mov	fp, r7
100053c4:	46b2      	mov	sl, r6
100053c6:	46a9      	mov	r9, r5
100053c8:	46a0      	mov	r8, r4
100053ca:	bdf0      	pop	{r4, r5, r6, r7, pc}
100053cc:	6d5a      	ldr	r2, [r3, #84]	@ 0x54
100053ce:	2201      	movs	r2, #1
100053d0:	4693      	mov	fp, r2
100053d2:	6b5a      	ldr	r2, [r3, #52]	@ 0x34
100053d4:	422a      	tst	r2, r5
100053d6:	d0fc      	beq.n	100053d2 <i2c_write_blocking+0xa2>
100053d8:	6e1a      	ldr	r2, [r3, #96]	@ 0x60
100053da:	465a      	mov	r2, fp
100053dc:	2a00      	cmp	r2, #0
100053de:	d0e6      	beq.n	100053ae <i2c_write_blocking+0x7e>
100053e0:	2c00      	cmp	r4, #0
100053e2:	d003      	beq.n	100053ec <i2c_write_blocking+0xbc>
100053e4:	07e3      	lsls	r3, r4, #31
100053e6:	d401      	bmi.n	100053ec <i2c_write_blocking+0xbc>
100053e8:	0724      	lsls	r4, r4, #28
100053ea:	d4e5      	bmi.n	100053b8 <i2c_write_blocking+0x88>
100053ec:	2002      	movs	r0, #2
100053ee:	4240      	negs	r0, r0
100053f0:	e7e2      	b.n	100053b8 <i2c_write_blocking+0x88>
100053f2:	9a01      	ldr	r2, [sp, #4]
100053f4:	2a00      	cmp	r2, #0
100053f6:	d1da      	bne.n	100053ae <i2c_write_blocking+0x7e>
100053f8:	4693      	mov	fp, r2
100053fa:	e7ea      	b.n	100053d2 <i2c_write_blocking+0xa2>
100053fc:	2000      	movs	r0, #0
100053fe:	e7db      	b.n	100053b8 <i2c_write_blocking+0x88>

10005400 <pio_claim_unused_sm>:
10005400:	4b0b      	ldr	r3, [pc, #44]	@ (10005430 <pio_claim_unused_sm+0x30>)
10005402:	b510      	push	{r4, lr}
10005404:	469c      	mov	ip, r3
10005406:	4460      	add	r0, ip
10005408:	4243      	negs	r3, r0
1000540a:	4158      	adcs	r0, r3
1000540c:	4a09      	ldr	r2, [pc, #36]	@ (10005434 <pio_claim_unused_sm+0x34>)
1000540e:	0084      	lsls	r4, r0, #2
10005410:	b082      	sub	sp, #8
10005412:	9200      	str	r2, [sp, #0]
10005414:	4808      	ldr	r0, [pc, #32]	@ (10005438 <pio_claim_unused_sm+0x38>)
10005416:	0022      	movs	r2, r4
10005418:	1ce3      	adds	r3, r4, #3
1000541a:	f7fb fdbf 	bl	10000f9c <hw_claim_unused_from_range>
1000541e:	4284      	cmp	r4, r0
10005420:	dc02      	bgt.n	10005428 <pio_claim_unused_sm+0x28>
10005422:	1b00      	subs	r0, r0, r4
10005424:	b002      	add	sp, #8
10005426:	bd10      	pop	{r4, pc}
10005428:	2001      	movs	r0, #1
1000542a:	4240      	negs	r0, r0
1000542c:	e7fa      	b.n	10005424 <pio_claim_unused_sm+0x24>
1000542e:	46c0      	nop			@ (mov r8, r8)
10005430:	afd00000 	.word	0xafd00000
10005434:	100062ac 	.word	0x100062ac
10005438:	200023a1 	.word	0x200023a1

1000543c <pio_add_program>:
1000543c:	b5f0      	push	{r4, r5, r6, r7, lr}
1000543e:	46de      	mov	lr, fp
10005440:	4657      	mov	r7, sl
10005442:	464e      	mov	r6, r9
10005444:	4645      	mov	r5, r8
10005446:	4688      	mov	r8, r1
10005448:	b5e0      	push	{r5, r6, r7, lr}
1000544a:	b083      	sub	sp, #12
1000544c:	0006      	movs	r6, r0
1000544e:	2405      	movs	r4, #5
10005450:	f7fb fd6c 	bl	10000f2c <hw_claim_lock>
10005454:	4643      	mov	r3, r8
10005456:	791f      	ldrb	r7, [r3, #4]
10005458:	571c      	ldrsb	r4, [r3, r4]
1000545a:	4b31      	ldr	r3, [pc, #196]	@ (10005520 <pio_add_program+0xe4>)
1000545c:	4682      	mov	sl, r0
1000545e:	18f3      	adds	r3, r6, r3
10005460:	425a      	negs	r2, r3
10005462:	4153      	adcs	r3, r2
10005464:	009b      	lsls	r3, r3, #2
10005466:	469c      	mov	ip, r3
10005468:	4a2e      	ldr	r2, [pc, #184]	@ (10005524 <pio_add_program+0xe8>)
1000546a:	0013      	movs	r3, r2
1000546c:	4693      	mov	fp, r2
1000546e:	4662      	mov	r2, ip
10005470:	589b      	ldr	r3, [r3, r2]
10005472:	2201      	movs	r2, #1
10005474:	4699      	mov	r9, r3
10005476:	40ba      	lsls	r2, r7
10005478:	2320      	movs	r3, #32
1000547a:	3a01      	subs	r2, #1
1000547c:	1bdb      	subs	r3, r3, r7
1000547e:	2c00      	cmp	r4, #0
10005480:	db36      	blt.n	100054f0 <pio_add_program+0xb4>
10005482:	429c      	cmp	r4, r3
10005484:	dc46      	bgt.n	10005514 <pio_add_program+0xd8>
10005486:	40a2      	lsls	r2, r4
10005488:	464b      	mov	r3, r9
1000548a:	4213      	tst	r3, r2
1000548c:	d142      	bne.n	10005514 <pio_add_program+0xd8>
1000548e:	9201      	str	r2, [sp, #4]
10005490:	2f00      	cmp	r7, #0
10005492:	d01c      	beq.n	100054ce <pio_add_program+0x92>
10005494:	4642      	mov	r2, r8
10005496:	4643      	mov	r3, r8
10005498:	7852      	ldrb	r2, [r2, #1]
1000549a:	781b      	ldrb	r3, [r3, #0]
1000549c:	0212      	lsls	r2, r2, #8
1000549e:	431a      	orrs	r2, r3
100054a0:	4643      	mov	r3, r8
100054a2:	789b      	ldrb	r3, [r3, #2]
100054a4:	2580      	movs	r5, #128	@ 0x80
100054a6:	041b      	lsls	r3, r3, #16
100054a8:	4313      	orrs	r3, r2
100054aa:	4642      	mov	r2, r8
100054ac:	78d0      	ldrb	r0, [r2, #3]
100054ae:	2200      	movs	r2, #0
100054b0:	0600      	lsls	r0, r0, #24
100054b2:	4318      	orrs	r0, r3
100054b4:	01ad      	lsls	r5, r5, #6
100054b6:	0053      	lsls	r3, r2, #1
100054b8:	5ac1      	ldrh	r1, [r0, r3]
100054ba:	42a9      	cmp	r1, r5
100054bc:	d200      	bcs.n	100054c0 <pio_add_program+0x84>
100054be:	1909      	adds	r1, r1, r4
100054c0:	18a3      	adds	r3, r4, r2
100054c2:	3312      	adds	r3, #18
100054c4:	009b      	lsls	r3, r3, #2
100054c6:	3201      	adds	r2, #1
100054c8:	5199      	str	r1, [r3, r6]
100054ca:	42ba      	cmp	r2, r7
100054cc:	d3f3      	bcc.n	100054b6 <pio_add_program+0x7a>
100054ce:	464d      	mov	r5, r9
100054d0:	9b01      	ldr	r3, [sp, #4]
100054d2:	4662      	mov	r2, ip
100054d4:	431d      	orrs	r5, r3
100054d6:	465b      	mov	r3, fp
100054d8:	4650      	mov	r0, sl
100054da:	509d      	str	r5, [r3, r2]
100054dc:	f7fb fd32 	bl	10000f44 <hw_claim_unlock>
100054e0:	0020      	movs	r0, r4
100054e2:	b003      	add	sp, #12
100054e4:	bcf0      	pop	{r4, r5, r6, r7}
100054e6:	46bb      	mov	fp, r7
100054e8:	46b2      	mov	sl, r6
100054ea:	46a9      	mov	r9, r5
100054ec:	46a0      	mov	r8, r4
100054ee:	bdf0      	pop	{r4, r5, r6, r7, pc}
100054f0:	2b00      	cmp	r3, #0
100054f2:	db0f      	blt.n	10005514 <pio_add_program+0xd8>
100054f4:	0011      	movs	r1, r2
100054f6:	4648      	mov	r0, r9
100054f8:	4099      	lsls	r1, r3
100054fa:	001c      	movs	r4, r3
100054fc:	9101      	str	r1, [sp, #4]
100054fe:	4201      	tst	r1, r0
10005500:	d106      	bne.n	10005510 <pio_add_program+0xd4>
10005502:	e7c5      	b.n	10005490 <pio_add_program+0x54>
10005504:	0015      	movs	r5, r2
10005506:	4649      	mov	r1, r9
10005508:	409d      	lsls	r5, r3
1000550a:	001c      	movs	r4, r3
1000550c:	4229      	tst	r1, r5
1000550e:	d004      	beq.n	1000551a <pio_add_program+0xde>
10005510:	3b01      	subs	r3, #1
10005512:	d2f7      	bcs.n	10005504 <pio_add_program+0xc8>
10005514:	4804      	ldr	r0, [pc, #16]	@ (10005528 <pio_add_program+0xec>)
10005516:	f7fd fa17 	bl	10002948 <panic>
1000551a:	9501      	str	r5, [sp, #4]
1000551c:	e7b8      	b.n	10005490 <pio_add_program+0x54>
1000551e:	46c0      	nop			@ (mov r8, r8)
10005520:	afd00000 	.word	0xafd00000
10005524:	20001c2c 	.word	0x20001c2c
10005528:	100062d0 	.word	0x100062d0

1000552c <pio_sm_set_consecutive_pindirs>:
1000552c:	b5f0      	push	{r4, r5, r6, r7, lr}
1000552e:	4657      	mov	r7, sl
10005530:	464e      	mov	r6, r9
10005532:	4645      	mov	r5, r8
10005534:	46de      	mov	lr, fp
10005536:	4689      	mov	r9, r1
10005538:	b5e0      	push	{r5, r6, r7, lr}
1000553a:	b083      	sub	sp, #12
1000553c:	a90c      	add	r1, sp, #48	@ 0x30
1000553e:	780d      	ldrb	r5, [r1, #0]
10005540:	4649      	mov	r1, r9
10005542:	0049      	lsls	r1, r1, #1
10005544:	4688      	mov	r8, r1
10005546:	4449      	add	r1, r9
10005548:	00c9      	lsls	r1, r1, #3
1000554a:	1846      	adds	r6, r0, r1
1000554c:	0037      	movs	r7, r6
1000554e:	0034      	movs	r4, r6
10005550:	37dc      	adds	r7, #220	@ 0xdc
10005552:	4684      	mov	ip, r0
10005554:	6838      	ldr	r0, [r7, #0]
10005556:	34cc      	adds	r4, #204	@ 0xcc
10005558:	4683      	mov	fp, r0
1000555a:	6820      	ldr	r0, [r4, #0]
1000555c:	24c0      	movs	r4, #192	@ 0xc0
1000555e:	31cc      	adds	r1, #204	@ 0xcc
10005560:	01a4      	lsls	r4, r4, #6
10005562:	4461      	add	r1, ip
10005564:	4321      	orrs	r1, r4
10005566:	2480      	movs	r4, #128	@ 0x80
10005568:	02a4      	lsls	r4, r4, #10
1000556a:	600c      	str	r4, [r1, #0]
1000556c:	4269      	negs	r1, r5
1000556e:	414d      	adcs	r5, r1
10005570:	211e      	movs	r1, #30
10005572:	426d      	negs	r5, r5
10005574:	438d      	bics	r5, r1
10005576:	4916      	ldr	r1, [pc, #88]	@ (100055d0 <pio_sm_set_consecutive_pindirs+0xa4>)
10005578:	9001      	str	r0, [sp, #4]
1000557a:	468a      	mov	sl, r1
1000557c:	4455      	add	r5, sl
1000557e:	2b05      	cmp	r3, #5
10005580:	d90c      	bls.n	1000559c <pio_sm_set_consecutive_pindirs+0x70>
10005582:	20a0      	movs	r0, #160	@ 0xa0
10005584:	211f      	movs	r1, #31
10005586:	0540      	lsls	r0, r0, #21
10005588:	36d8      	adds	r6, #216	@ 0xd8
1000558a:	0154      	lsls	r4, r2, #5
1000558c:	4304      	orrs	r4, r0
1000558e:	3205      	adds	r2, #5
10005590:	3b05      	subs	r3, #5
10005592:	603c      	str	r4, [r7, #0]
10005594:	400a      	ands	r2, r1
10005596:	6035      	str	r5, [r6, #0]
10005598:	2b05      	cmp	r3, #5
1000559a:	d8f6      	bhi.n	1000558a <pio_sm_set_consecutive_pindirs+0x5e>
1000559c:	0152      	lsls	r2, r2, #5
1000559e:	069b      	lsls	r3, r3, #26
100055a0:	4313      	orrs	r3, r2
100055a2:	4642      	mov	r2, r8
100055a4:	444a      	add	r2, r9
100055a6:	00d2      	lsls	r2, r2, #3
100055a8:	4462      	add	r2, ip
100055aa:	0010      	movs	r0, r2
100055ac:	32dc      	adds	r2, #220	@ 0xdc
100055ae:	6013      	str	r3, [r2, #0]
100055b0:	0003      	movs	r3, r0
100055b2:	33d8      	adds	r3, #216	@ 0xd8
100055b4:	601d      	str	r5, [r3, #0]
100055b6:	465b      	mov	r3, fp
100055b8:	6013      	str	r3, [r2, #0]
100055ba:	9b01      	ldr	r3, [sp, #4]
100055bc:	30cc      	adds	r0, #204	@ 0xcc
100055be:	6003      	str	r3, [r0, #0]
100055c0:	b003      	add	sp, #12
100055c2:	bcf0      	pop	{r4, r5, r6, r7}
100055c4:	46bb      	mov	fp, r7
100055c6:	46b2      	mov	sl, r6
100055c8:	46a9      	mov	r9, r5
100055ca:	46a0      	mov	r8, r4
100055cc:	bdf0      	pop	{r4, r5, r6, r7, pc}
100055ce:	46c0      	nop			@ (mov r8, r8)
100055d0:	0000e09f 	.word	0x0000e09f

100055d4 <pio_sm_init>:
100055d4:	b5f0      	push	{r4, r5, r6, r7, lr}
100055d6:	2501      	movs	r5, #1
100055d8:	408d      	lsls	r5, r1
100055da:	6804      	ldr	r4, [r0, #0]
100055dc:	43ac      	bics	r4, r5
100055de:	6004      	str	r4, [r0, #0]
100055e0:	2b00      	cmp	r3, #0
100055e2:	d02e      	beq.n	10005642 <pio_sm_init+0x6e>
100055e4:	004d      	lsls	r5, r1, #1
100055e6:	186c      	adds	r4, r5, r1
100055e8:	00e4      	lsls	r4, r4, #3
100055ea:	1904      	adds	r4, r0, r4
100055ec:	0026      	movs	r6, r4
100055ee:	681f      	ldr	r7, [r3, #0]
100055f0:	36c8      	adds	r6, #200	@ 0xc8
100055f2:	6037      	str	r7, [r6, #0]
100055f4:	685f      	ldr	r7, [r3, #4]
100055f6:	34dc      	adds	r4, #220	@ 0xdc
100055f8:	6077      	str	r7, [r6, #4]
100055fa:	689f      	ldr	r7, [r3, #8]
100055fc:	68db      	ldr	r3, [r3, #12]
100055fe:	60b7      	str	r7, [r6, #8]
10005600:	6023      	str	r3, [r4, #0]
10005602:	186b      	adds	r3, r5, r1
10005604:	00db      	lsls	r3, r3, #3
10005606:	001d      	movs	r5, r3
10005608:	2480      	movs	r4, #128	@ 0x80
1000560a:	35d0      	adds	r5, #208	@ 0xd0
1000560c:	1945      	adds	r5, r0, r5
1000560e:	0164      	lsls	r4, r4, #5
10005610:	432c      	orrs	r4, r5
10005612:	2580      	movs	r5, #128	@ 0x80
10005614:	062d      	lsls	r5, r5, #24
10005616:	6025      	str	r5, [r4, #0]
10005618:	6025      	str	r5, [r4, #0]
1000561a:	2501      	movs	r5, #1
1000561c:	4c12      	ldr	r4, [pc, #72]	@ (10005668 <pio_sm_init+0x94>)
1000561e:	002e      	movs	r6, r5
10005620:	408c      	lsls	r4, r1
10005622:	6084      	str	r4, [r0, #8]
10005624:	1d0c      	adds	r4, r1, #4
10005626:	40a6      	lsls	r6, r4
10005628:	2480      	movs	r4, #128	@ 0x80
1000562a:	3108      	adds	r1, #8
1000562c:	408d      	lsls	r5, r1
1000562e:	211f      	movs	r1, #31
10005630:	01a4      	lsls	r4, r4, #6
10005632:	4304      	orrs	r4, r0
10005634:	18c0      	adds	r0, r0, r3
10005636:	400a      	ands	r2, r1
10005638:	30d8      	adds	r0, #216	@ 0xd8
1000563a:	6026      	str	r6, [r4, #0]
1000563c:	6025      	str	r5, [r4, #0]
1000563e:	6002      	str	r2, [r0, #0]
10005640:	bdf0      	pop	{r4, r5, r6, r7, pc}
10005642:	004d      	lsls	r5, r1, #1
10005644:	186c      	adds	r4, r5, r1
10005646:	00e4      	lsls	r4, r4, #3
10005648:	1904      	adds	r4, r0, r4
1000564a:	0026      	movs	r6, r4
1000564c:	2780      	movs	r7, #128	@ 0x80
1000564e:	36c8      	adds	r6, #200	@ 0xc8
10005650:	027f      	lsls	r7, r7, #9
10005652:	6037      	str	r7, [r6, #0]
10005654:	27f8      	movs	r7, #248	@ 0xf8
10005656:	027f      	lsls	r7, r7, #9
10005658:	6077      	str	r7, [r6, #4]
1000565a:	27c0      	movs	r7, #192	@ 0xc0
1000565c:	34dc      	adds	r4, #220	@ 0xdc
1000565e:	033f      	lsls	r7, r7, #12
10005660:	60b7      	str	r7, [r6, #8]
10005662:	6023      	str	r3, [r4, #0]
10005664:	e7cd      	b.n	10005602 <pio_sm_init+0x2e>
10005666:	46c0      	nop			@ (mov r8, r8)
10005668:	01010101 	.word	0x01010101

1000566c <adc_init>:
1000566c:	2301      	movs	r3, #1
1000566e:	2101      	movs	r1, #1
10005670:	4a08      	ldr	r2, [pc, #32]	@ (10005694 <adc_init+0x28>)
10005672:	6013      	str	r3, [r2, #0]
10005674:	4a08      	ldr	r2, [pc, #32]	@ (10005698 <adc_init+0x2c>)
10005676:	6013      	str	r3, [r2, #0]
10005678:	4a08      	ldr	r2, [pc, #32]	@ (1000569c <adc_init+0x30>)
1000567a:	0008      	movs	r0, r1
1000567c:	6893      	ldr	r3, [r2, #8]
1000567e:	4398      	bics	r0, r3
10005680:	d1fb      	bne.n	1000567a <adc_init+0xe>
10005682:	4a07      	ldr	r2, [pc, #28]	@ (100056a0 <adc_init+0x34>)
10005684:	6011      	str	r1, [r2, #0]
10005686:	2180      	movs	r1, #128	@ 0x80
10005688:	0049      	lsls	r1, r1, #1
1000568a:	6813      	ldr	r3, [r2, #0]
1000568c:	420b      	tst	r3, r1
1000568e:	d0fc      	beq.n	1000568a <adc_init+0x1e>
10005690:	4770      	bx	lr
10005692:	46c0      	nop			@ (mov r8, r8)
10005694:	4000e000 	.word	0x4000e000
10005698:	4000f000 	.word	0x4000f000
1000569c:	4000c000 	.word	0x4000c000
100056a0:	4004c000 	.word	0x4004c000

100056a4 <malloc>:
100056a4:	b510      	push	{r4, lr}
100056a6:	4b03      	ldr	r3, [pc, #12]	@ (100056b4 <malloc+0x10>)
100056a8:	0001      	movs	r1, r0
100056aa:	6818      	ldr	r0, [r3, #0]
100056ac:	f000 f80e 	bl	100056cc <_malloc_r>
100056b0:	bd10      	pop	{r4, pc}
100056b2:	46c0      	nop			@ (mov r8, r8)
100056b4:	200012e0 	.word	0x200012e0

100056b8 <free>:
100056b8:	b510      	push	{r4, lr}
100056ba:	4b03      	ldr	r3, [pc, #12]	@ (100056c8 <free+0x10>)
100056bc:	0001      	movs	r1, r0
100056be:	6818      	ldr	r0, [r3, #0]
100056c0:	f000 fba8 	bl	10005e14 <_free_r>
100056c4:	bd10      	pop	{r4, pc}
100056c6:	46c0      	nop			@ (mov r8, r8)
100056c8:	200012e0 	.word	0x200012e0

100056cc <_malloc_r>:
100056cc:	b5f0      	push	{r4, r5, r6, r7, lr}
100056ce:	464e      	mov	r6, r9
100056d0:	4645      	mov	r5, r8
100056d2:	46de      	mov	lr, fp
100056d4:	4657      	mov	r7, sl
100056d6:	b5e0      	push	{r5, r6, r7, lr}
100056d8:	000d      	movs	r5, r1
100056da:	350b      	adds	r5, #11
100056dc:	0006      	movs	r6, r0
100056de:	b085      	sub	sp, #20
100056e0:	2d16      	cmp	r5, #22
100056e2:	d827      	bhi.n	10005734 <_malloc_r+0x68>
100056e4:	2910      	cmp	r1, #16
100056e6:	d900      	bls.n	100056ea <_malloc_r+0x1e>
100056e8:	e0da      	b.n	100058a0 <_malloc_r+0x1d4>
100056ea:	f000 fad1 	bl	10005c90 <__malloc_lock>
100056ee:	2510      	movs	r5, #16
100056f0:	2318      	movs	r3, #24
100056f2:	2102      	movs	r1, #2
100056f4:	4fc7      	ldr	r7, [pc, #796]	@ (10005a14 <_malloc_r+0x348>)
100056f6:	18fb      	adds	r3, r7, r3
100056f8:	001a      	movs	r2, r3
100056fa:	685c      	ldr	r4, [r3, #4]
100056fc:	3a08      	subs	r2, #8
100056fe:	4294      	cmp	r4, r2
10005700:	d100      	bne.n	10005704 <_malloc_r+0x38>
10005702:	e146      	b.n	10005992 <_malloc_r+0x2c6>
10005704:	2203      	movs	r2, #3
10005706:	6863      	ldr	r3, [r4, #4]
10005708:	68a1      	ldr	r1, [r4, #8]
1000570a:	4393      	bics	r3, r2
1000570c:	68e2      	ldr	r2, [r4, #12]
1000570e:	60ca      	str	r2, [r1, #12]
10005710:	6091      	str	r1, [r2, #8]
10005712:	2101      	movs	r1, #1
10005714:	18e3      	adds	r3, r4, r3
10005716:	685a      	ldr	r2, [r3, #4]
10005718:	0030      	movs	r0, r6
1000571a:	430a      	orrs	r2, r1
1000571c:	605a      	str	r2, [r3, #4]
1000571e:	f000 fabf 	bl	10005ca0 <__malloc_unlock>
10005722:	0020      	movs	r0, r4
10005724:	3008      	adds	r0, #8
10005726:	b005      	add	sp, #20
10005728:	bcf0      	pop	{r4, r5, r6, r7}
1000572a:	46bb      	mov	fp, r7
1000572c:	46b2      	mov	sl, r6
1000572e:	46a9      	mov	r9, r5
10005730:	46a0      	mov	r8, r4
10005732:	bdf0      	pop	{r4, r5, r6, r7, pc}
10005734:	2307      	movs	r3, #7
10005736:	439d      	bics	r5, r3
10005738:	d500      	bpl.n	1000573c <_malloc_r+0x70>
1000573a:	e0b1      	b.n	100058a0 <_malloc_r+0x1d4>
1000573c:	42a9      	cmp	r1, r5
1000573e:	d900      	bls.n	10005742 <_malloc_r+0x76>
10005740:	e0ae      	b.n	100058a0 <_malloc_r+0x1d4>
10005742:	f000 faa5 	bl	10005c90 <__malloc_lock>
10005746:	23fc      	movs	r3, #252	@ 0xfc
10005748:	005b      	lsls	r3, r3, #1
1000574a:	429d      	cmp	r5, r3
1000574c:	d200      	bcs.n	10005750 <_malloc_r+0x84>
1000574e:	e19a      	b.n	10005a86 <_malloc_r+0x3ba>
10005750:	0a69      	lsrs	r1, r5, #9
10005752:	d100      	bne.n	10005756 <_malloc_r+0x8a>
10005754:	e0a8      	b.n	100058a8 <_malloc_r+0x1dc>
10005756:	2904      	cmp	r1, #4
10005758:	d900      	bls.n	1000575c <_malloc_r+0x90>
1000575a:	e14f      	b.n	100059fc <_malloc_r+0x330>
1000575c:	2338      	movs	r3, #56	@ 0x38
1000575e:	4698      	mov	r8, r3
10005760:	09a9      	lsrs	r1, r5, #6
10005762:	4488      	add	r8, r1
10005764:	3139      	adds	r1, #57	@ 0x39
10005766:	00cb      	lsls	r3, r1, #3
10005768:	2208      	movs	r2, #8
1000576a:	4252      	negs	r2, r2
1000576c:	4694      	mov	ip, r2
1000576e:	4fa9      	ldr	r7, [pc, #676]	@ (10005a14 <_malloc_r+0x348>)
10005770:	18fb      	adds	r3, r7, r3
10005772:	449c      	add	ip, r3
10005774:	4663      	mov	r3, ip
10005776:	68dc      	ldr	r4, [r3, #12]
10005778:	45a4      	cmp	ip, r4
1000577a:	d014      	beq.n	100057a6 <_malloc_r+0xda>
1000577c:	2303      	movs	r3, #3
1000577e:	4699      	mov	r9, r3
10005780:	000b      	movs	r3, r1
10005782:	4661      	mov	r1, ip
10005784:	469c      	mov	ip, r3
10005786:	e007      	b.n	10005798 <_malloc_r+0xcc>
10005788:	68e0      	ldr	r0, [r4, #12]
1000578a:	2a00      	cmp	r2, #0
1000578c:	db00      	blt.n	10005790 <_malloc_r+0xc4>
1000578e:	e0fa      	b.n	10005986 <_malloc_r+0x2ba>
10005790:	4281      	cmp	r1, r0
10005792:	d100      	bne.n	10005796 <_malloc_r+0xca>
10005794:	e0fb      	b.n	1000598e <_malloc_r+0x2c2>
10005796:	0004      	movs	r4, r0
10005798:	464a      	mov	r2, r9
1000579a:	6863      	ldr	r3, [r4, #4]
1000579c:	4393      	bics	r3, r2
1000579e:	1b5a      	subs	r2, r3, r5
100057a0:	2a0f      	cmp	r2, #15
100057a2:	ddf1      	ble.n	10005788 <_malloc_r+0xbc>
100057a4:	4641      	mov	r1, r8
100057a6:	003a      	movs	r2, r7
100057a8:	693c      	ldr	r4, [r7, #16]
100057aa:	3208      	adds	r2, #8
100057ac:	4294      	cmp	r4, r2
100057ae:	d100      	bne.n	100057b2 <_malloc_r+0xe6>
100057b0:	e0d8      	b.n	10005964 <_malloc_r+0x298>
100057b2:	2003      	movs	r0, #3
100057b4:	6863      	ldr	r3, [r4, #4]
100057b6:	4383      	bics	r3, r0
100057b8:	1b58      	subs	r0, r3, r5
100057ba:	280f      	cmp	r0, #15
100057bc:	dd00      	ble.n	100057c0 <_malloc_r+0xf4>
100057be:	e166      	b.n	10005a8e <_malloc_r+0x3c2>
100057c0:	613a      	str	r2, [r7, #16]
100057c2:	617a      	str	r2, [r7, #20]
100057c4:	2800      	cmp	r0, #0
100057c6:	daa4      	bge.n	10005712 <_malloc_r+0x46>
100057c8:	687a      	ldr	r2, [r7, #4]
100057ca:	4690      	mov	r8, r2
100057cc:	2280      	movs	r2, #128	@ 0x80
100057ce:	0092      	lsls	r2, r2, #2
100057d0:	4293      	cmp	r3, r2
100057d2:	d300      	bcc.n	100057d6 <_malloc_r+0x10a>
100057d4:	e0e3      	b.n	1000599e <_malloc_r+0x2d2>
100057d6:	08da      	lsrs	r2, r3, #3
100057d8:	0958      	lsrs	r0, r3, #5
100057da:	2301      	movs	r3, #1
100057dc:	4083      	lsls	r3, r0
100057de:	4640      	mov	r0, r8
100057e0:	4318      	orrs	r0, r3
100057e2:	4680      	mov	r8, r0
100057e4:	00d3      	lsls	r3, r2, #3
100057e6:	19db      	adds	r3, r3, r7
100057e8:	689a      	ldr	r2, [r3, #8]
100057ea:	6078      	str	r0, [r7, #4]
100057ec:	60e3      	str	r3, [r4, #12]
100057ee:	60a2      	str	r2, [r4, #8]
100057f0:	609c      	str	r4, [r3, #8]
100057f2:	60d4      	str	r4, [r2, #12]
100057f4:	2001      	movs	r0, #1
100057f6:	108b      	asrs	r3, r1, #2
100057f8:	4098      	lsls	r0, r3
100057fa:	4540      	cmp	r0, r8
100057fc:	d85c      	bhi.n	100058b8 <_malloc_r+0x1ec>
100057fe:	4643      	mov	r3, r8
10005800:	4203      	tst	r3, r0
10005802:	d10a      	bne.n	1000581a <_malloc_r+0x14e>
10005804:	2303      	movs	r3, #3
10005806:	4399      	bics	r1, r3
10005808:	4643      	mov	r3, r8
1000580a:	0040      	lsls	r0, r0, #1
1000580c:	3104      	adds	r1, #4
1000580e:	4203      	tst	r3, r0
10005810:	d103      	bne.n	1000581a <_malloc_r+0x14e>
10005812:	0040      	lsls	r0, r0, #1
10005814:	3104      	adds	r1, #4
10005816:	4203      	tst	r3, r0
10005818:	d0fb      	beq.n	10005812 <_malloc_r+0x146>
1000581a:	2303      	movs	r3, #3
1000581c:	46b3      	mov	fp, r6
1000581e:	469c      	mov	ip, r3
10005820:	000e      	movs	r6, r1
10005822:	46b8      	mov	r8, r7
10005824:	9001      	str	r0, [sp, #4]
10005826:	00f0      	lsls	r0, r6, #3
10005828:	4440      	add	r0, r8
1000582a:	0001      	movs	r1, r0
1000582c:	46b2      	mov	sl, r6
1000582e:	68cb      	ldr	r3, [r1, #12]
10005830:	e00b      	b.n	1000584a <_malloc_r+0x17e>
10005832:	4664      	mov	r4, ip
10005834:	685a      	ldr	r2, [r3, #4]
10005836:	001f      	movs	r7, r3
10005838:	43a2      	bics	r2, r4
1000583a:	68db      	ldr	r3, [r3, #12]
1000583c:	1b54      	subs	r4, r2, r5
1000583e:	2c0f      	cmp	r4, #15
10005840:	dd00      	ble.n	10005844 <_malloc_r+0x178>
10005842:	e0f3      	b.n	10005a2c <_malloc_r+0x360>
10005844:	2c00      	cmp	r4, #0
10005846:	db00      	blt.n	1000584a <_malloc_r+0x17e>
10005848:	e10d      	b.n	10005a66 <_malloc_r+0x39a>
1000584a:	4299      	cmp	r1, r3
1000584c:	d1f1      	bne.n	10005832 <_malloc_r+0x166>
1000584e:	2301      	movs	r3, #1
10005850:	4699      	mov	r9, r3
10005852:	44ca      	add	sl, r9
10005854:	4653      	mov	r3, sl
10005856:	3108      	adds	r1, #8
10005858:	079b      	lsls	r3, r3, #30
1000585a:	d1e8      	bne.n	1000582e <_malloc_r+0x162>
1000585c:	2203      	movs	r2, #3
1000585e:	e005      	b.n	1000586c <_malloc_r+0x1a0>
10005860:	6803      	ldr	r3, [r0, #0]
10005862:	3808      	subs	r0, #8
10005864:	3e01      	subs	r6, #1
10005866:	4283      	cmp	r3, r0
10005868:	d000      	beq.n	1000586c <_malloc_r+0x1a0>
1000586a:	e20a      	b.n	10005c82 <_malloc_r+0x5b6>
1000586c:	4232      	tst	r2, r6
1000586e:	d1f7      	bne.n	10005860 <_malloc_r+0x194>
10005870:	4643      	mov	r3, r8
10005872:	9a01      	ldr	r2, [sp, #4]
10005874:	685b      	ldr	r3, [r3, #4]
10005876:	4393      	bics	r3, r2
10005878:	4642      	mov	r2, r8
1000587a:	6053      	str	r3, [r2, #4]
1000587c:	9a01      	ldr	r2, [sp, #4]
1000587e:	0052      	lsls	r2, r2, #1
10005880:	9201      	str	r2, [sp, #4]
10005882:	429a      	cmp	r2, r3
10005884:	d816      	bhi.n	100058b4 <_malloc_r+0x1e8>
10005886:	2a00      	cmp	r2, #0
10005888:	d106      	bne.n	10005898 <_malloc_r+0x1cc>
1000588a:	e013      	b.n	100058b4 <_malloc_r+0x1e8>
1000588c:	2204      	movs	r2, #4
1000588e:	4691      	mov	r9, r2
10005890:	9a01      	ldr	r2, [sp, #4]
10005892:	44ca      	add	sl, r9
10005894:	0052      	lsls	r2, r2, #1
10005896:	9201      	str	r2, [sp, #4]
10005898:	4213      	tst	r3, r2
1000589a:	d0f7      	beq.n	1000588c <_malloc_r+0x1c0>
1000589c:	4656      	mov	r6, sl
1000589e:	e7c2      	b.n	10005826 <_malloc_r+0x15a>
100058a0:	230c      	movs	r3, #12
100058a2:	2000      	movs	r0, #0
100058a4:	6033      	str	r3, [r6, #0]
100058a6:	e73e      	b.n	10005726 <_malloc_r+0x5a>
100058a8:	2380      	movs	r3, #128	@ 0x80
100058aa:	223f      	movs	r2, #63	@ 0x3f
100058ac:	2140      	movs	r1, #64	@ 0x40
100058ae:	4690      	mov	r8, r2
100058b0:	009b      	lsls	r3, r3, #2
100058b2:	e759      	b.n	10005768 <_malloc_r+0x9c>
100058b4:	465e      	mov	r6, fp
100058b6:	4647      	mov	r7, r8
100058b8:	2203      	movs	r2, #3
100058ba:	68bc      	ldr	r4, [r7, #8]
100058bc:	6863      	ldr	r3, [r4, #4]
100058be:	4393      	bics	r3, r2
100058c0:	4699      	mov	r9, r3
100058c2:	42ab      	cmp	r3, r5
100058c4:	d302      	bcc.n	100058cc <_malloc_r+0x200>
100058c6:	1b5b      	subs	r3, r3, r5
100058c8:	2b0f      	cmp	r3, #15
100058ca:	dc4e      	bgt.n	1000596a <_malloc_r+0x29e>
100058cc:	0023      	movs	r3, r4
100058ce:	444b      	add	r3, r9
100058d0:	9302      	str	r3, [sp, #8]
100058d2:	4b51      	ldr	r3, [pc, #324]	@ (10005a18 <_malloc_r+0x34c>)
100058d4:	2008      	movs	r0, #8
100058d6:	681b      	ldr	r3, [r3, #0]
100058d8:	3310      	adds	r3, #16
100058da:	195b      	adds	r3, r3, r5
100058dc:	9301      	str	r3, [sp, #4]
100058de:	f000 fa03 	bl	10005ce8 <sysconf>
100058e2:	494e      	ldr	r1, [pc, #312]	@ (10005a1c <_malloc_r+0x350>)
100058e4:	9003      	str	r0, [sp, #12]
100058e6:	680b      	ldr	r3, [r1, #0]
100058e8:	468b      	mov	fp, r1
100058ea:	3301      	adds	r3, #1
100058ec:	d006      	beq.n	100058fc <_malloc_r+0x230>
100058ee:	4684      	mov	ip, r0
100058f0:	9b01      	ldr	r3, [sp, #4]
100058f2:	4242      	negs	r2, r0
100058f4:	3b01      	subs	r3, #1
100058f6:	4463      	add	r3, ip
100058f8:	4013      	ands	r3, r2
100058fa:	9301      	str	r3, [sp, #4]
100058fc:	0030      	movs	r0, r6
100058fe:	9901      	ldr	r1, [sp, #4]
10005900:	f000 f9d6 	bl	10005cb0 <_sbrk_r>
10005904:	0003      	movs	r3, r0
10005906:	4680      	mov	r8, r0
10005908:	3301      	adds	r3, #1
1000590a:	d100      	bne.n	1000590e <_malloc_r+0x242>
1000590c:	e0dd      	b.n	10005aca <_malloc_r+0x3fe>
1000590e:	9b02      	ldr	r3, [sp, #8]
10005910:	4283      	cmp	r3, r0
10005912:	d900      	bls.n	10005916 <_malloc_r+0x24a>
10005914:	e0d7      	b.n	10005ac6 <_malloc_r+0x3fa>
10005916:	9a01      	ldr	r2, [sp, #4]
10005918:	4b41      	ldr	r3, [pc, #260]	@ (10005a20 <_malloc_r+0x354>)
1000591a:	4694      	mov	ip, r2
1000591c:	6819      	ldr	r1, [r3, #0]
1000591e:	469a      	mov	sl, r3
10005920:	4461      	add	r1, ip
10005922:	9a03      	ldr	r2, [sp, #12]
10005924:	6019      	str	r1, [r3, #0]
10005926:	9b02      	ldr	r3, [sp, #8]
10005928:	0008      	movs	r0, r1
1000592a:	3a01      	subs	r2, #1
1000592c:	4543      	cmp	r3, r8
1000592e:	d000      	beq.n	10005932 <_malloc_r+0x266>
10005930:	e0ea      	b.n	10005b08 <_malloc_r+0x43c>
10005932:	4643      	mov	r3, r8
10005934:	4213      	tst	r3, r2
10005936:	d000      	beq.n	1000593a <_malloc_r+0x26e>
10005938:	e0e6      	b.n	10005b08 <_malloc_r+0x43c>
1000593a:	68bb      	ldr	r3, [r7, #8]
1000593c:	4698      	mov	r8, r3
1000593e:	4663      	mov	r3, ip
10005940:	444b      	add	r3, r9
10005942:	001a      	movs	r2, r3
10005944:	2301      	movs	r3, #1
10005946:	431a      	orrs	r2, r3
10005948:	4643      	mov	r3, r8
1000594a:	605a      	str	r2, [r3, #4]
1000594c:	4b35      	ldr	r3, [pc, #212]	@ (10005a24 <_malloc_r+0x358>)
1000594e:	6818      	ldr	r0, [r3, #0]
10005950:	4288      	cmp	r0, r1
10005952:	d200      	bcs.n	10005956 <_malloc_r+0x28a>
10005954:	6019      	str	r1, [r3, #0]
10005956:	4b34      	ldr	r3, [pc, #208]	@ (10005a28 <_malloc_r+0x35c>)
10005958:	6818      	ldr	r0, [r3, #0]
1000595a:	4288      	cmp	r0, r1
1000595c:	d200      	bcs.n	10005960 <_malloc_r+0x294>
1000595e:	6019      	str	r1, [r3, #0]
10005960:	4644      	mov	r4, r8
10005962:	e0b4      	b.n	10005ace <_malloc_r+0x402>
10005964:	687b      	ldr	r3, [r7, #4]
10005966:	4698      	mov	r8, r3
10005968:	e744      	b.n	100057f4 <_malloc_r+0x128>
1000596a:	2201      	movs	r2, #1
1000596c:	0029      	movs	r1, r5
1000596e:	4313      	orrs	r3, r2
10005970:	4311      	orrs	r1, r2
10005972:	1965      	adds	r5, r4, r5
10005974:	6061      	str	r1, [r4, #4]
10005976:	0030      	movs	r0, r6
10005978:	60bd      	str	r5, [r7, #8]
1000597a:	606b      	str	r3, [r5, #4]
1000597c:	f000 f990 	bl	10005ca0 <__malloc_unlock>
10005980:	0020      	movs	r0, r4
10005982:	3008      	adds	r0, #8
10005984:	e6cf      	b.n	10005726 <_malloc_r+0x5a>
10005986:	68a2      	ldr	r2, [r4, #8]
10005988:	60d0      	str	r0, [r2, #12]
1000598a:	6082      	str	r2, [r0, #8]
1000598c:	e6c1      	b.n	10005712 <_malloc_r+0x46>
1000598e:	4661      	mov	r1, ip
10005990:	e709      	b.n	100057a6 <_malloc_r+0xda>
10005992:	68dc      	ldr	r4, [r3, #12]
10005994:	3102      	adds	r1, #2
10005996:	42a3      	cmp	r3, r4
10005998:	d100      	bne.n	1000599c <_malloc_r+0x2d0>
1000599a:	e704      	b.n	100057a6 <_malloc_r+0xda>
1000599c:	e6b2      	b.n	10005704 <_malloc_r+0x38>
1000599e:	0a5a      	lsrs	r2, r3, #9
100059a0:	2a04      	cmp	r2, #4
100059a2:	d800      	bhi.n	100059a6 <_malloc_r+0x2da>
100059a4:	e088      	b.n	10005ab8 <_malloc_r+0x3ec>
100059a6:	2a14      	cmp	r2, #20
100059a8:	d900      	bls.n	100059ac <_malloc_r+0x2e0>
100059aa:	e10f      	b.n	10005bcc <_malloc_r+0x500>
100059ac:	0010      	movs	r0, r2
100059ae:	305b      	adds	r0, #91	@ 0x5b
100059b0:	4682      	mov	sl, r0
100059b2:	325c      	adds	r2, #92	@ 0x5c
100059b4:	00d2      	lsls	r2, r2, #3
100059b6:	2008      	movs	r0, #8
100059b8:	4240      	negs	r0, r0
100059ba:	4684      	mov	ip, r0
100059bc:	18ba      	adds	r2, r7, r2
100059be:	4494      	add	ip, r2
100059c0:	4662      	mov	r2, ip
100059c2:	6892      	ldr	r2, [r2, #8]
100059c4:	300b      	adds	r0, #11
100059c6:	4681      	mov	r9, r0
100059c8:	4594      	cmp	ip, r2
100059ca:	d100      	bne.n	100059ce <_malloc_r+0x302>
100059cc:	e0e5      	b.n	10005b9a <_malloc_r+0x4ce>
100059ce:	0008      	movs	r0, r1
100059d0:	46a2      	mov	sl, r4
100059d2:	4661      	mov	r1, ip
100059d4:	4684      	mov	ip, r0
100059d6:	e002      	b.n	100059de <_malloc_r+0x312>
100059d8:	6892      	ldr	r2, [r2, #8]
100059da:	4291      	cmp	r1, r2
100059dc:	d004      	beq.n	100059e8 <_malloc_r+0x31c>
100059de:	464c      	mov	r4, r9
100059e0:	6850      	ldr	r0, [r2, #4]
100059e2:	43a0      	bics	r0, r4
100059e4:	4298      	cmp	r0, r3
100059e6:	d8f7      	bhi.n	100059d8 <_malloc_r+0x30c>
100059e8:	68d3      	ldr	r3, [r2, #12]
100059ea:	4661      	mov	r1, ip
100059ec:	4654      	mov	r4, sl
100059ee:	469c      	mov	ip, r3
100059f0:	4663      	mov	r3, ip
100059f2:	60a2      	str	r2, [r4, #8]
100059f4:	60e3      	str	r3, [r4, #12]
100059f6:	609c      	str	r4, [r3, #8]
100059f8:	60d4      	str	r4, [r2, #12]
100059fa:	e6fb      	b.n	100057f4 <_malloc_r+0x128>
100059fc:	2914      	cmp	r1, #20
100059fe:	d973      	bls.n	10005ae8 <_malloc_r+0x41c>
10005a00:	2954      	cmp	r1, #84	@ 0x54
10005a02:	d900      	bls.n	10005a06 <_malloc_r+0x33a>
10005a04:	e0eb      	b.n	10005bde <_malloc_r+0x512>
10005a06:	236e      	movs	r3, #110	@ 0x6e
10005a08:	4698      	mov	r8, r3
10005a0a:	0b29      	lsrs	r1, r5, #12
10005a0c:	4488      	add	r8, r1
10005a0e:	316f      	adds	r1, #111	@ 0x6f
10005a10:	00cb      	lsls	r3, r1, #3
10005a12:	e6a9      	b.n	10005768 <_malloc_r+0x9c>
10005a14:	20000ed8 	.word	0x20000ed8
10005a18:	200016ac 	.word	0x200016ac
10005a1c:	20000ed0 	.word	0x20000ed0
10005a20:	2000167c 	.word	0x2000167c
10005a24:	200016a4 	.word	0x200016a4
10005a28:	200016a8 	.word	0x200016a8
10005a2c:	46ba      	mov	sl, r7
10005a2e:	2001      	movs	r0, #1
10005a30:	4651      	mov	r1, sl
10005a32:	4684      	mov	ip, r0
10005a34:	1949      	adds	r1, r1, r5
10005a36:	4305      	orrs	r5, r0
10005a38:	4650      	mov	r0, sl
10005a3a:	6045      	str	r5, [r0, #4]
10005a3c:	6885      	ldr	r5, [r0, #8]
10005a3e:	4647      	mov	r7, r8
10005a40:	4660      	mov	r0, ip
10005a42:	60eb      	str	r3, [r5, #12]
10005a44:	465e      	mov	r6, fp
10005a46:	609d      	str	r5, [r3, #8]
10005a48:	4653      	mov	r3, sl
10005a4a:	6139      	str	r1, [r7, #16]
10005a4c:	6179      	str	r1, [r7, #20]
10005a4e:	4320      	orrs	r0, r4
10005a50:	3708      	adds	r7, #8
10005a52:	6048      	str	r0, [r1, #4]
10005a54:	60cf      	str	r7, [r1, #12]
10005a56:	0030      	movs	r0, r6
10005a58:	608f      	str	r7, [r1, #8]
10005a5a:	509c      	str	r4, [r3, r2]
10005a5c:	f000 f920 	bl	10005ca0 <__malloc_unlock>
10005a60:	4650      	mov	r0, sl
10005a62:	3008      	adds	r0, #8
10005a64:	e65f      	b.n	10005726 <_malloc_r+0x5a>
10005a66:	46ba      	mov	sl, r7
10005a68:	2001      	movs	r0, #1
10005a6a:	465e      	mov	r6, fp
10005a6c:	4452      	add	r2, sl
10005a6e:	6851      	ldr	r1, [r2, #4]
10005a70:	4301      	orrs	r1, r0
10005a72:	6051      	str	r1, [r2, #4]
10005a74:	68ba      	ldr	r2, [r7, #8]
10005a76:	0030      	movs	r0, r6
10005a78:	60d3      	str	r3, [r2, #12]
10005a7a:	609a      	str	r2, [r3, #8]
10005a7c:	f000 f910 	bl	10005ca0 <__malloc_unlock>
10005a80:	0038      	movs	r0, r7
10005a82:	3008      	adds	r0, #8
10005a84:	e64f      	b.n	10005726 <_malloc_r+0x5a>
10005a86:	002b      	movs	r3, r5
10005a88:	08e9      	lsrs	r1, r5, #3
10005a8a:	3308      	adds	r3, #8
10005a8c:	e632      	b.n	100056f4 <_malloc_r+0x28>
10005a8e:	1961      	adds	r1, r4, r5
10005a90:	4688      	mov	r8, r1
10005a92:	2101      	movs	r1, #1
10005a94:	468c      	mov	ip, r1
10005a96:	430d      	orrs	r5, r1
10005a98:	4641      	mov	r1, r8
10005a9a:	6065      	str	r5, [r4, #4]
10005a9c:	6139      	str	r1, [r7, #16]
10005a9e:	6179      	str	r1, [r7, #20]
10005aa0:	60ca      	str	r2, [r1, #12]
10005aa2:	608a      	str	r2, [r1, #8]
10005aa4:	4662      	mov	r2, ip
10005aa6:	4302      	orrs	r2, r0
10005aa8:	604a      	str	r2, [r1, #4]
10005aaa:	50e0      	str	r0, [r4, r3]
10005aac:	0030      	movs	r0, r6
10005aae:	f000 f8f7 	bl	10005ca0 <__malloc_unlock>
10005ab2:	0020      	movs	r0, r4
10005ab4:	3008      	adds	r0, #8
10005ab6:	e636      	b.n	10005726 <_malloc_r+0x5a>
10005ab8:	099a      	lsrs	r2, r3, #6
10005aba:	0010      	movs	r0, r2
10005abc:	3239      	adds	r2, #57	@ 0x39
10005abe:	3038      	adds	r0, #56	@ 0x38
10005ac0:	4682      	mov	sl, r0
10005ac2:	00d2      	lsls	r2, r2, #3
10005ac4:	e777      	b.n	100059b6 <_malloc_r+0x2ea>
10005ac6:	42bc      	cmp	r4, r7
10005ac8:	d014      	beq.n	10005af4 <_malloc_r+0x428>
10005aca:	68bc      	ldr	r4, [r7, #8]
10005acc:	6862      	ldr	r2, [r4, #4]
10005ace:	2303      	movs	r3, #3
10005ad0:	439a      	bics	r2, r3
10005ad2:	1b53      	subs	r3, r2, r5
10005ad4:	42aa      	cmp	r2, r5
10005ad6:	d302      	bcc.n	10005ade <_malloc_r+0x412>
10005ad8:	2b0f      	cmp	r3, #15
10005ada:	dd00      	ble.n	10005ade <_malloc_r+0x412>
10005adc:	e745      	b.n	1000596a <_malloc_r+0x29e>
10005ade:	0030      	movs	r0, r6
10005ae0:	f000 f8de 	bl	10005ca0 <__malloc_unlock>
10005ae4:	2000      	movs	r0, #0
10005ae6:	e61e      	b.n	10005726 <_malloc_r+0x5a>
10005ae8:	235b      	movs	r3, #91	@ 0x5b
10005aea:	4698      	mov	r8, r3
10005aec:	4488      	add	r8, r1
10005aee:	315c      	adds	r1, #92	@ 0x5c
10005af0:	00cb      	lsls	r3, r1, #3
10005af2:	e639      	b.n	10005768 <_malloc_r+0x9c>
10005af4:	4b64      	ldr	r3, [pc, #400]	@ (10005c88 <_malloc_r+0x5bc>)
10005af6:	469a      	mov	sl, r3
10005af8:	6818      	ldr	r0, [r3, #0]
10005afa:	9b01      	ldr	r3, [sp, #4]
10005afc:	469c      	mov	ip, r3
10005afe:	4653      	mov	r3, sl
10005b00:	4460      	add	r0, ip
10005b02:	6018      	str	r0, [r3, #0]
10005b04:	9b03      	ldr	r3, [sp, #12]
10005b06:	1e5a      	subs	r2, r3, #1
10005b08:	465b      	mov	r3, fp
10005b0a:	681b      	ldr	r3, [r3, #0]
10005b0c:	3301      	adds	r3, #1
10005b0e:	d071      	beq.n	10005bf4 <_malloc_r+0x528>
10005b10:	4643      	mov	r3, r8
10005b12:	9902      	ldr	r1, [sp, #8]
10005b14:	1a5b      	subs	r3, r3, r1
10005b16:	4651      	mov	r1, sl
10005b18:	181b      	adds	r3, r3, r0
10005b1a:	600b      	str	r3, [r1, #0]
10005b1c:	2307      	movs	r3, #7
10005b1e:	4641      	mov	r1, r8
10005b20:	4640      	mov	r0, r8
10005b22:	4019      	ands	r1, r3
10005b24:	9102      	str	r1, [sp, #8]
10005b26:	4218      	tst	r0, r3
10005b28:	d040      	beq.n	10005bac <_malloc_r+0x4e0>
10005b2a:	9803      	ldr	r0, [sp, #12]
10005b2c:	3301      	adds	r3, #1
10005b2e:	4684      	mov	ip, r0
10005b30:	1a5b      	subs	r3, r3, r1
10005b32:	9901      	ldr	r1, [sp, #4]
10005b34:	4498      	add	r8, r3
10005b36:	4441      	add	r1, r8
10005b38:	9101      	str	r1, [sp, #4]
10005b3a:	4463      	add	r3, ip
10005b3c:	4011      	ands	r1, r2
10005b3e:	1a5b      	subs	r3, r3, r1
10005b40:	401a      	ands	r2, r3
10005b42:	0011      	movs	r1, r2
10005b44:	0030      	movs	r0, r6
10005b46:	4693      	mov	fp, r2
10005b48:	f000 f8b2 	bl	10005cb0 <_sbrk_r>
10005b4c:	1c43      	adds	r3, r0, #1
10005b4e:	d078      	beq.n	10005c42 <_malloc_r+0x576>
10005b50:	4643      	mov	r3, r8
10005b52:	1ac0      	subs	r0, r0, r3
10005b54:	0003      	movs	r3, r0
10005b56:	445b      	add	r3, fp
10005b58:	9301      	str	r3, [sp, #4]
10005b5a:	4653      	mov	r3, sl
10005b5c:	6819      	ldr	r1, [r3, #0]
10005b5e:	2001      	movs	r0, #1
10005b60:	4459      	add	r1, fp
10005b62:	6019      	str	r1, [r3, #0]
10005b64:	4643      	mov	r3, r8
10005b66:	9a01      	ldr	r2, [sp, #4]
10005b68:	60bb      	str	r3, [r7, #8]
10005b6a:	4302      	orrs	r2, r0
10005b6c:	605a      	str	r2, [r3, #4]
10005b6e:	42bc      	cmp	r4, r7
10005b70:	d100      	bne.n	10005b74 <_malloc_r+0x4a8>
10005b72:	e6eb      	b.n	1000594c <_malloc_r+0x280>
10005b74:	464b      	mov	r3, r9
10005b76:	2b0f      	cmp	r3, #15
10005b78:	d940      	bls.n	10005bfc <_malloc_r+0x530>
10005b7a:	2207      	movs	r2, #7
10005b7c:	3b0c      	subs	r3, #12
10005b7e:	4393      	bics	r3, r2
10005b80:	6862      	ldr	r2, [r4, #4]
10005b82:	4002      	ands	r2, r0
10005b84:	2005      	movs	r0, #5
10005b86:	431a      	orrs	r2, r3
10005b88:	6062      	str	r2, [r4, #4]
10005b8a:	18e2      	adds	r2, r4, r3
10005b8c:	6050      	str	r0, [r2, #4]
10005b8e:	6090      	str	r0, [r2, #8]
10005b90:	2b0f      	cmp	r3, #15
10005b92:	d84b      	bhi.n	10005c2c <_malloc_r+0x560>
10005b94:	4643      	mov	r3, r8
10005b96:	685a      	ldr	r2, [r3, #4]
10005b98:	e6d8      	b.n	1000594c <_malloc_r+0x280>
10005b9a:	4653      	mov	r3, sl
10005b9c:	1098      	asrs	r0, r3, #2
10005b9e:	2301      	movs	r3, #1
10005ba0:	4083      	lsls	r3, r0
10005ba2:	4640      	mov	r0, r8
10005ba4:	4318      	orrs	r0, r3
10005ba6:	4680      	mov	r8, r0
10005ba8:	6078      	str	r0, [r7, #4]
10005baa:	e721      	b.n	100059f0 <_malloc_r+0x324>
10005bac:	9b01      	ldr	r3, [sp, #4]
10005bae:	9903      	ldr	r1, [sp, #12]
10005bb0:	4443      	add	r3, r8
10005bb2:	4013      	ands	r3, r2
10005bb4:	1acb      	subs	r3, r1, r3
10005bb6:	401a      	ands	r2, r3
10005bb8:	0011      	movs	r1, r2
10005bba:	0030      	movs	r0, r6
10005bbc:	4693      	mov	fp, r2
10005bbe:	f000 f877 	bl	10005cb0 <_sbrk_r>
10005bc2:	1c43      	adds	r3, r0, #1
10005bc4:	d1c4      	bne.n	10005b50 <_malloc_r+0x484>
10005bc6:	2300      	movs	r3, #0
10005bc8:	469b      	mov	fp, r3
10005bca:	e7c6      	b.n	10005b5a <_malloc_r+0x48e>
10005bcc:	2a54      	cmp	r2, #84	@ 0x54
10005bce:	d818      	bhi.n	10005c02 <_malloc_r+0x536>
10005bd0:	0b1a      	lsrs	r2, r3, #12
10005bd2:	0010      	movs	r0, r2
10005bd4:	326f      	adds	r2, #111	@ 0x6f
10005bd6:	306e      	adds	r0, #110	@ 0x6e
10005bd8:	4682      	mov	sl, r0
10005bda:	00d2      	lsls	r2, r2, #3
10005bdc:	e6eb      	b.n	100059b6 <_malloc_r+0x2ea>
10005bde:	23aa      	movs	r3, #170	@ 0xaa
10005be0:	005b      	lsls	r3, r3, #1
10005be2:	4299      	cmp	r1, r3
10005be4:	d818      	bhi.n	10005c18 <_malloc_r+0x54c>
10005be6:	3bdd      	subs	r3, #221	@ 0xdd
10005be8:	4698      	mov	r8, r3
10005bea:	0be9      	lsrs	r1, r5, #15
10005bec:	4488      	add	r8, r1
10005bee:	3178      	adds	r1, #120	@ 0x78
10005bf0:	00cb      	lsls	r3, r1, #3
10005bf2:	e5b9      	b.n	10005768 <_malloc_r+0x9c>
10005bf4:	465b      	mov	r3, fp
10005bf6:	4641      	mov	r1, r8
10005bf8:	6019      	str	r1, [r3, #0]
10005bfa:	e78f      	b.n	10005b1c <_malloc_r+0x450>
10005bfc:	4643      	mov	r3, r8
10005bfe:	6058      	str	r0, [r3, #4]
10005c00:	e76d      	b.n	10005ade <_malloc_r+0x412>
10005c02:	20aa      	movs	r0, #170	@ 0xaa
10005c04:	0040      	lsls	r0, r0, #1
10005c06:	4282      	cmp	r2, r0
10005c08:	d826      	bhi.n	10005c58 <_malloc_r+0x58c>
10005c0a:	0bda      	lsrs	r2, r3, #15
10005c0c:	0010      	movs	r0, r2
10005c0e:	3278      	adds	r2, #120	@ 0x78
10005c10:	3077      	adds	r0, #119	@ 0x77
10005c12:	4682      	mov	sl, r0
10005c14:	00d2      	lsls	r2, r2, #3
10005c16:	e6ce      	b.n	100059b6 <_malloc_r+0x2ea>
10005c18:	4b1c      	ldr	r3, [pc, #112]	@ (10005c8c <_malloc_r+0x5c0>)
10005c1a:	4299      	cmp	r1, r3
10005c1c:	d826      	bhi.n	10005c6c <_malloc_r+0x5a0>
10005c1e:	237c      	movs	r3, #124	@ 0x7c
10005c20:	4698      	mov	r8, r3
10005c22:	0ca9      	lsrs	r1, r5, #18
10005c24:	4488      	add	r8, r1
10005c26:	317d      	adds	r1, #125	@ 0x7d
10005c28:	00cb      	lsls	r3, r1, #3
10005c2a:	e59d      	b.n	10005768 <_malloc_r+0x9c>
10005c2c:	0021      	movs	r1, r4
10005c2e:	0030      	movs	r0, r6
10005c30:	3108      	adds	r1, #8
10005c32:	f000 f8ef 	bl	10005e14 <_free_r>
10005c36:	4653      	mov	r3, sl
10005c38:	6819      	ldr	r1, [r3, #0]
10005c3a:	68bb      	ldr	r3, [r7, #8]
10005c3c:	4698      	mov	r8, r3
10005c3e:	685a      	ldr	r2, [r3, #4]
10005c40:	e684      	b.n	1000594c <_malloc_r+0x280>
10005c42:	9a01      	ldr	r2, [sp, #4]
10005c44:	9b02      	ldr	r3, [sp, #8]
10005c46:	4694      	mov	ip, r2
10005c48:	4642      	mov	r2, r8
10005c4a:	3b08      	subs	r3, #8
10005c4c:	4463      	add	r3, ip
10005c4e:	1a9b      	subs	r3, r3, r2
10005c50:	9301      	str	r3, [sp, #4]
10005c52:	2300      	movs	r3, #0
10005c54:	469b      	mov	fp, r3
10005c56:	e780      	b.n	10005b5a <_malloc_r+0x48e>
10005c58:	480c      	ldr	r0, [pc, #48]	@ (10005c8c <_malloc_r+0x5c0>)
10005c5a:	4282      	cmp	r2, r0
10005c5c:	d80c      	bhi.n	10005c78 <_malloc_r+0x5ac>
10005c5e:	0c9a      	lsrs	r2, r3, #18
10005c60:	0010      	movs	r0, r2
10005c62:	327d      	adds	r2, #125	@ 0x7d
10005c64:	307c      	adds	r0, #124	@ 0x7c
10005c66:	4682      	mov	sl, r0
10005c68:	00d2      	lsls	r2, r2, #3
10005c6a:	e6a4      	b.n	100059b6 <_malloc_r+0x2ea>
10005c6c:	23fe      	movs	r3, #254	@ 0xfe
10005c6e:	227e      	movs	r2, #126	@ 0x7e
10005c70:	217f      	movs	r1, #127	@ 0x7f
10005c72:	4690      	mov	r8, r2
10005c74:	009b      	lsls	r3, r3, #2
10005c76:	e577      	b.n	10005768 <_malloc_r+0x9c>
10005c78:	22fe      	movs	r2, #254	@ 0xfe
10005c7a:	207e      	movs	r0, #126	@ 0x7e
10005c7c:	0092      	lsls	r2, r2, #2
10005c7e:	4682      	mov	sl, r0
10005c80:	e699      	b.n	100059b6 <_malloc_r+0x2ea>
10005c82:	4643      	mov	r3, r8
10005c84:	685b      	ldr	r3, [r3, #4]
10005c86:	e5f9      	b.n	1000587c <_malloc_r+0x1b0>
10005c88:	2000167c 	.word	0x2000167c
10005c8c:	00000554 	.word	0x00000554

10005c90 <__malloc_lock>:
10005c90:	b510      	push	{r4, lr}
10005c92:	4802      	ldr	r0, [pc, #8]	@ (10005c9c <__malloc_lock+0xc>)
10005c94:	f000 f824 	bl	10005ce0 <__retarget_lock_acquire_recursive>
10005c98:	bd10      	pop	{r4, pc}
10005c9a:	46c0      	nop			@ (mov r8, r8)
10005c9c:	20001678 	.word	0x20001678

10005ca0 <__malloc_unlock>:
10005ca0:	b510      	push	{r4, lr}
10005ca2:	4802      	ldr	r0, [pc, #8]	@ (10005cac <__malloc_unlock+0xc>)
10005ca4:	f000 f81e 	bl	10005ce4 <__retarget_lock_release_recursive>
10005ca8:	bd10      	pop	{r4, pc}
10005caa:	46c0      	nop			@ (mov r8, r8)
10005cac:	20001678 	.word	0x20001678

10005cb0 <_sbrk_r>:
10005cb0:	2300      	movs	r3, #0
10005cb2:	b570      	push	{r4, r5, r6, lr}
10005cb4:	4c06      	ldr	r4, [pc, #24]	@ (10005cd0 <_sbrk_r+0x20>)
10005cb6:	0005      	movs	r5, r0
10005cb8:	0008      	movs	r0, r1
10005cba:	6023      	str	r3, [r4, #0]
10005cbc:	f7fc fe26 	bl	1000290c <_sbrk>
10005cc0:	1c43      	adds	r3, r0, #1
10005cc2:	d000      	beq.n	10005cc6 <_sbrk_r+0x16>
10005cc4:	bd70      	pop	{r4, r5, r6, pc}
10005cc6:	6823      	ldr	r3, [r4, #0]
10005cc8:	2b00      	cmp	r3, #0
10005cca:	d0fb      	beq.n	10005cc4 <_sbrk_r+0x14>
10005ccc:	602b      	str	r3, [r5, #0]
10005cce:	e7f9      	b.n	10005cc4 <_sbrk_r+0x14>
10005cd0:	20001dc4 	.word	0x20001dc4

10005cd4 <__errno>:
10005cd4:	4b01      	ldr	r3, [pc, #4]	@ (10005cdc <__errno+0x8>)
10005cd6:	6818      	ldr	r0, [r3, #0]
10005cd8:	4770      	bx	lr
10005cda:	46c0      	nop			@ (mov r8, r8)
10005cdc:	200012e0 	.word	0x200012e0

10005ce0 <__retarget_lock_acquire_recursive>:
10005ce0:	4770      	bx	lr
10005ce2:	46c0      	nop			@ (mov r8, r8)

10005ce4 <__retarget_lock_release_recursive>:
10005ce4:	4770      	bx	lr
10005ce6:	46c0      	nop			@ (mov r8, r8)

10005ce8 <sysconf>:
10005ce8:	2380      	movs	r3, #128	@ 0x80
10005cea:	b510      	push	{r4, lr}
10005cec:	015b      	lsls	r3, r3, #5
10005cee:	2808      	cmp	r0, #8
10005cf0:	d101      	bne.n	10005cf6 <sysconf+0xe>
10005cf2:	0018      	movs	r0, r3
10005cf4:	bd10      	pop	{r4, pc}
10005cf6:	f7ff ffed 	bl	10005cd4 <__errno>
10005cfa:	2316      	movs	r3, #22
10005cfc:	6003      	str	r3, [r0, #0]
10005cfe:	3b17      	subs	r3, #23
10005d00:	e7f7      	b.n	10005cf2 <sysconf+0xa>
10005d02:	46c0      	nop			@ (mov r8, r8)

10005d04 <strlen>:
10005d04:	b510      	push	{r4, lr}
10005d06:	0783      	lsls	r3, r0, #30
10005d08:	d00a      	beq.n	10005d20 <strlen+0x1c>
10005d0a:	0003      	movs	r3, r0
10005d0c:	2103      	movs	r1, #3
10005d0e:	e002      	b.n	10005d16 <strlen+0x12>
10005d10:	3301      	adds	r3, #1
10005d12:	420b      	tst	r3, r1
10005d14:	d005      	beq.n	10005d22 <strlen+0x1e>
10005d16:	781a      	ldrb	r2, [r3, #0]
10005d18:	2a00      	cmp	r2, #0
10005d1a:	d1f9      	bne.n	10005d10 <strlen+0xc>
10005d1c:	1a18      	subs	r0, r3, r0
10005d1e:	bd10      	pop	{r4, pc}
10005d20:	0003      	movs	r3, r0
10005d22:	6819      	ldr	r1, [r3, #0]
10005d24:	4a0c      	ldr	r2, [pc, #48]	@ (10005d58 <strlen+0x54>)
10005d26:	4c0d      	ldr	r4, [pc, #52]	@ (10005d5c <strlen+0x58>)
10005d28:	188a      	adds	r2, r1, r2
10005d2a:	438a      	bics	r2, r1
10005d2c:	4222      	tst	r2, r4
10005d2e:	d10f      	bne.n	10005d50 <strlen+0x4c>
10005d30:	6859      	ldr	r1, [r3, #4]
10005d32:	4a09      	ldr	r2, [pc, #36]	@ (10005d58 <strlen+0x54>)
10005d34:	3304      	adds	r3, #4
10005d36:	188a      	adds	r2, r1, r2
10005d38:	438a      	bics	r2, r1
10005d3a:	4222      	tst	r2, r4
10005d3c:	d108      	bne.n	10005d50 <strlen+0x4c>
10005d3e:	6859      	ldr	r1, [r3, #4]
10005d40:	4a05      	ldr	r2, [pc, #20]	@ (10005d58 <strlen+0x54>)
10005d42:	3304      	adds	r3, #4
10005d44:	188a      	adds	r2, r1, r2
10005d46:	438a      	bics	r2, r1
10005d48:	4222      	tst	r2, r4
10005d4a:	d0f1      	beq.n	10005d30 <strlen+0x2c>
10005d4c:	e000      	b.n	10005d50 <strlen+0x4c>
10005d4e:	3301      	adds	r3, #1
10005d50:	781a      	ldrb	r2, [r3, #0]
10005d52:	2a00      	cmp	r2, #0
10005d54:	d1fb      	bne.n	10005d4e <strlen+0x4a>
10005d56:	e7e1      	b.n	10005d1c <strlen+0x18>
10005d58:	fefefeff 	.word	0xfefefeff
10005d5c:	80808080 	.word	0x80808080

10005d60 <_malloc_trim_r>:
10005d60:	b5f0      	push	{r4, r5, r6, r7, lr}
10005d62:	46c6      	mov	lr, r8
10005d64:	0006      	movs	r6, r0
10005d66:	b500      	push	{lr}
10005d68:	2008      	movs	r0, #8
10005d6a:	000d      	movs	r5, r1
10005d6c:	f7ff ffbc 	bl	10005ce8 <sysconf>
10005d70:	0004      	movs	r4, r0
10005d72:	0030      	movs	r0, r6
10005d74:	f7ff ff8c 	bl	10005c90 <__malloc_lock>
10005d78:	4b23      	ldr	r3, [pc, #140]	@ (10005e08 <_malloc_trim_r+0xa8>)
10005d7a:	0021      	movs	r1, r4
10005d7c:	4698      	mov	r8, r3
10005d7e:	689b      	ldr	r3, [r3, #8]
10005d80:	685f      	ldr	r7, [r3, #4]
10005d82:	2303      	movs	r3, #3
10005d84:	439f      	bics	r7, r3
10005d86:	0038      	movs	r0, r7
10005d88:	3811      	subs	r0, #17
10005d8a:	1b40      	subs	r0, r0, r5
10005d8c:	1900      	adds	r0, r0, r4
10005d8e:	f7fc fe7b 	bl	10002a88 <__wrap___aeabi_uidiv>
10005d92:	1e45      	subs	r5, r0, #1
10005d94:	4365      	muls	r5, r4
10005d96:	42ac      	cmp	r4, r5
10005d98:	dc08      	bgt.n	10005dac <_malloc_trim_r+0x4c>
10005d9a:	2100      	movs	r1, #0
10005d9c:	0030      	movs	r0, r6
10005d9e:	f7ff ff87 	bl	10005cb0 <_sbrk_r>
10005da2:	4643      	mov	r3, r8
10005da4:	689b      	ldr	r3, [r3, #8]
10005da6:	19db      	adds	r3, r3, r7
10005da8:	4298      	cmp	r0, r3
10005daa:	d006      	beq.n	10005dba <_malloc_trim_r+0x5a>
10005dac:	0030      	movs	r0, r6
10005dae:	f7ff ff77 	bl	10005ca0 <__malloc_unlock>
10005db2:	2000      	movs	r0, #0
10005db4:	bc80      	pop	{r7}
10005db6:	46b8      	mov	r8, r7
10005db8:	bdf0      	pop	{r4, r5, r6, r7, pc}
10005dba:	0030      	movs	r0, r6
10005dbc:	4269      	negs	r1, r5
10005dbe:	f7ff ff77 	bl	10005cb0 <_sbrk_r>
10005dc2:	3001      	adds	r0, #1
10005dc4:	d00e      	beq.n	10005de4 <_malloc_trim_r+0x84>
10005dc6:	2201      	movs	r2, #1
10005dc8:	4643      	mov	r3, r8
10005dca:	1b7f      	subs	r7, r7, r5
10005dcc:	689b      	ldr	r3, [r3, #8]
10005dce:	4317      	orrs	r7, r2
10005dd0:	4a0e      	ldr	r2, [pc, #56]	@ (10005e0c <_malloc_trim_r+0xac>)
10005dd2:	605f      	str	r7, [r3, #4]
10005dd4:	6813      	ldr	r3, [r2, #0]
10005dd6:	0030      	movs	r0, r6
10005dd8:	1b5b      	subs	r3, r3, r5
10005dda:	6013      	str	r3, [r2, #0]
10005ddc:	f7ff ff60 	bl	10005ca0 <__malloc_unlock>
10005de0:	2001      	movs	r0, #1
10005de2:	e7e7      	b.n	10005db4 <_malloc_trim_r+0x54>
10005de4:	2100      	movs	r1, #0
10005de6:	0030      	movs	r0, r6
10005de8:	f7ff ff62 	bl	10005cb0 <_sbrk_r>
10005dec:	4643      	mov	r3, r8
10005dee:	689a      	ldr	r2, [r3, #8]
10005df0:	1a83      	subs	r3, r0, r2
10005df2:	2b0f      	cmp	r3, #15
10005df4:	ddda      	ble.n	10005dac <_malloc_trim_r+0x4c>
10005df6:	4c06      	ldr	r4, [pc, #24]	@ (10005e10 <_malloc_trim_r+0xb0>)
10005df8:	4904      	ldr	r1, [pc, #16]	@ (10005e0c <_malloc_trim_r+0xac>)
10005dfa:	6824      	ldr	r4, [r4, #0]
10005dfc:	1b00      	subs	r0, r0, r4
10005dfe:	6008      	str	r0, [r1, #0]
10005e00:	2101      	movs	r1, #1
10005e02:	430b      	orrs	r3, r1
10005e04:	6053      	str	r3, [r2, #4]
10005e06:	e7d1      	b.n	10005dac <_malloc_trim_r+0x4c>
10005e08:	20000ed8 	.word	0x20000ed8
10005e0c:	2000167c 	.word	0x2000167c
10005e10:	20000ed0 	.word	0x20000ed0

10005e14 <_free_r>:
10005e14:	b5f8      	push	{r3, r4, r5, r6, r7, lr}
10005e16:	46ce      	mov	lr, r9
10005e18:	4647      	mov	r7, r8
10005e1a:	0005      	movs	r5, r0
10005e1c:	000c      	movs	r4, r1
10005e1e:	b580      	push	{r7, lr}
10005e20:	2900      	cmp	r1, #0
10005e22:	d057      	beq.n	10005ed4 <_free_r+0xc0>
10005e24:	f7ff ff34 	bl	10005c90 <__malloc_lock>
10005e28:	2301      	movs	r3, #1
10005e2a:	0021      	movs	r1, r4
10005e2c:	469c      	mov	ip, r3
10005e2e:	3908      	subs	r1, #8
10005e30:	6848      	ldr	r0, [r1, #4]
10005e32:	4662      	mov	r2, ip
10005e34:	0003      	movs	r3, r0
10005e36:	2403      	movs	r4, #3
10005e38:	4393      	bics	r3, r2
10005e3a:	18cf      	adds	r7, r1, r3
10005e3c:	687a      	ldr	r2, [r7, #4]
10005e3e:	4e65      	ldr	r6, [pc, #404]	@ (10005fd4 <_free_r+0x1c0>)
10005e40:	43a2      	bics	r2, r4
10005e42:	68b4      	ldr	r4, [r6, #8]
10005e44:	42bc      	cmp	r4, r7
10005e46:	d100      	bne.n	10005e4a <_free_r+0x36>
10005e48:	e070      	b.n	10005f2c <_free_r+0x118>
10005e4a:	18bc      	adds	r4, r7, r2
10005e4c:	46a1      	mov	r9, r4
10005e4e:	4664      	mov	r4, ip
10005e50:	607a      	str	r2, [r7, #4]
10005e52:	4204      	tst	r4, r0
10005e54:	d121      	bne.n	10005e9a <_free_r+0x86>
10005e56:	6808      	ldr	r0, [r1, #0]
10005e58:	1a09      	subs	r1, r1, r0
10005e5a:	181b      	adds	r3, r3, r0
10005e5c:	6888      	ldr	r0, [r1, #8]
10005e5e:	4680      	mov	r8, r0
10005e60:	4648      	mov	r0, r9
10005e62:	6840      	ldr	r0, [r0, #4]
10005e64:	4020      	ands	r0, r4
10005e66:	0034      	movs	r4, r6
10005e68:	3408      	adds	r4, #8
10005e6a:	4681      	mov	r9, r0
10005e6c:	45a0      	cmp	r8, r4
10005e6e:	d051      	beq.n	10005f14 <_free_r+0x100>
10005e70:	4640      	mov	r0, r8
10005e72:	68cc      	ldr	r4, [r1, #12]
10005e74:	60c4      	str	r4, [r0, #12]
10005e76:	60a0      	str	r0, [r4, #8]
10005e78:	4648      	mov	r0, r9
10005e7a:	2800      	cmp	r0, #0
10005e7c:	d111      	bne.n	10005ea2 <_free_r+0x8e>
10005e7e:	189b      	adds	r3, r3, r2
10005e80:	4855      	ldr	r0, [pc, #340]	@ (10005fd8 <_free_r+0x1c4>)
10005e82:	68ba      	ldr	r2, [r7, #8]
10005e84:	4282      	cmp	r2, r0
10005e86:	d100      	bne.n	10005e8a <_free_r+0x76>
10005e88:	e07f      	b.n	10005f8a <_free_r+0x176>
10005e8a:	68f8      	ldr	r0, [r7, #12]
10005e8c:	60d0      	str	r0, [r2, #12]
10005e8e:	6082      	str	r2, [r0, #8]
10005e90:	2201      	movs	r2, #1
10005e92:	431a      	orrs	r2, r3
10005e94:	604a      	str	r2, [r1, #4]
10005e96:	50cb      	str	r3, [r1, r3]
10005e98:	e007      	b.n	10005eaa <_free_r+0x96>
10005e9a:	4648      	mov	r0, r9
10005e9c:	6840      	ldr	r0, [r0, #4]
10005e9e:	4220      	tst	r0, r4
10005ea0:	d0ed      	beq.n	10005e7e <_free_r+0x6a>
10005ea2:	4662      	mov	r2, ip
10005ea4:	431a      	orrs	r2, r3
10005ea6:	604a      	str	r2, [r1, #4]
10005ea8:	603b      	str	r3, [r7, #0]
10005eaa:	2280      	movs	r2, #128	@ 0x80
10005eac:	0092      	lsls	r2, r2, #2
10005eae:	4293      	cmp	r3, r2
10005eb0:	d214      	bcs.n	10005edc <_free_r+0xc8>
10005eb2:	08da      	lsrs	r2, r3, #3
10005eb4:	0958      	lsrs	r0, r3, #5
10005eb6:	2301      	movs	r3, #1
10005eb8:	4083      	lsls	r3, r0
10005eba:	6870      	ldr	r0, [r6, #4]
10005ebc:	4303      	orrs	r3, r0
10005ebe:	6073      	str	r3, [r6, #4]
10005ec0:	00d3      	lsls	r3, r2, #3
10005ec2:	199b      	adds	r3, r3, r6
10005ec4:	689a      	ldr	r2, [r3, #8]
10005ec6:	60cb      	str	r3, [r1, #12]
10005ec8:	608a      	str	r2, [r1, #8]
10005eca:	6099      	str	r1, [r3, #8]
10005ecc:	60d1      	str	r1, [r2, #12]
10005ece:	0028      	movs	r0, r5
10005ed0:	f7ff fee6 	bl	10005ca0 <__malloc_unlock>
10005ed4:	bcc0      	pop	{r6, r7}
10005ed6:	46b9      	mov	r9, r7
10005ed8:	46b0      	mov	r8, r6
10005eda:	bdf8      	pop	{r3, r4, r5, r6, r7, pc}
10005edc:	0a5c      	lsrs	r4, r3, #9
10005ede:	2c04      	cmp	r4, #4
10005ee0:	d83d      	bhi.n	10005f5e <_free_r+0x14a>
10005ee2:	099c      	lsrs	r4, r3, #6
10005ee4:	0020      	movs	r0, r4
10005ee6:	3439      	adds	r4, #57	@ 0x39
10005ee8:	3038      	adds	r0, #56	@ 0x38
10005eea:	00e4      	lsls	r4, r4, #3
10005eec:	1934      	adds	r4, r6, r4
10005eee:	6822      	ldr	r2, [r4, #0]
10005ef0:	3c08      	subs	r4, #8
10005ef2:	2703      	movs	r7, #3
10005ef4:	4294      	cmp	r4, r2
10005ef6:	d103      	bne.n	10005f00 <_free_r+0xec>
10005ef8:	e040      	b.n	10005f7c <_free_r+0x168>
10005efa:	6892      	ldr	r2, [r2, #8]
10005efc:	4294      	cmp	r4, r2
10005efe:	d003      	beq.n	10005f08 <_free_r+0xf4>
10005f00:	6850      	ldr	r0, [r2, #4]
10005f02:	43b8      	bics	r0, r7
10005f04:	4298      	cmp	r0, r3
10005f06:	d8f8      	bhi.n	10005efa <_free_r+0xe6>
10005f08:	68d4      	ldr	r4, [r2, #12]
10005f0a:	60cc      	str	r4, [r1, #12]
10005f0c:	608a      	str	r2, [r1, #8]
10005f0e:	60a1      	str	r1, [r4, #8]
10005f10:	60d1      	str	r1, [r2, #12]
10005f12:	e7dc      	b.n	10005ece <_free_r+0xba>
10005f14:	2800      	cmp	r0, #0
10005f16:	d158      	bne.n	10005fca <_free_r+0x1b6>
10005f18:	68b8      	ldr	r0, [r7, #8]
10005f1a:	18d2      	adds	r2, r2, r3
10005f1c:	68fb      	ldr	r3, [r7, #12]
10005f1e:	60c3      	str	r3, [r0, #12]
10005f20:	6098      	str	r0, [r3, #8]
10005f22:	4663      	mov	r3, ip
10005f24:	4313      	orrs	r3, r2
10005f26:	604b      	str	r3, [r1, #4]
10005f28:	508a      	str	r2, [r1, r2]
10005f2a:	e7d0      	b.n	10005ece <_free_r+0xba>
10005f2c:	189a      	adds	r2, r3, r2
10005f2e:	4663      	mov	r3, ip
10005f30:	4203      	tst	r3, r0
10005f32:	d106      	bne.n	10005f42 <_free_r+0x12e>
10005f34:	680b      	ldr	r3, [r1, #0]
10005f36:	1ac9      	subs	r1, r1, r3
10005f38:	6888      	ldr	r0, [r1, #8]
10005f3a:	18d2      	adds	r2, r2, r3
10005f3c:	68cb      	ldr	r3, [r1, #12]
10005f3e:	60c3      	str	r3, [r0, #12]
10005f40:	6098      	str	r0, [r3, #8]
10005f42:	2301      	movs	r3, #1
10005f44:	4313      	orrs	r3, r2
10005f46:	604b      	str	r3, [r1, #4]
10005f48:	4b24      	ldr	r3, [pc, #144]	@ (10005fdc <_free_r+0x1c8>)
10005f4a:	60b1      	str	r1, [r6, #8]
10005f4c:	681b      	ldr	r3, [r3, #0]
10005f4e:	4293      	cmp	r3, r2
10005f50:	d8bd      	bhi.n	10005ece <_free_r+0xba>
10005f52:	4b23      	ldr	r3, [pc, #140]	@ (10005fe0 <_free_r+0x1cc>)
10005f54:	0028      	movs	r0, r5
10005f56:	6819      	ldr	r1, [r3, #0]
10005f58:	f7ff ff02 	bl	10005d60 <_malloc_trim_r>
10005f5c:	e7b7      	b.n	10005ece <_free_r+0xba>
10005f5e:	2c14      	cmp	r4, #20
10005f60:	d907      	bls.n	10005f72 <_free_r+0x15e>
10005f62:	2c54      	cmp	r4, #84	@ 0x54
10005f64:	d81a      	bhi.n	10005f9c <_free_r+0x188>
10005f66:	0b1c      	lsrs	r4, r3, #12
10005f68:	0020      	movs	r0, r4
10005f6a:	346f      	adds	r4, #111	@ 0x6f
10005f6c:	306e      	adds	r0, #110	@ 0x6e
10005f6e:	00e4      	lsls	r4, r4, #3
10005f70:	e7bc      	b.n	10005eec <_free_r+0xd8>
10005f72:	0020      	movs	r0, r4
10005f74:	345c      	adds	r4, #92	@ 0x5c
10005f76:	305b      	adds	r0, #91	@ 0x5b
10005f78:	00e4      	lsls	r4, r4, #3
10005f7a:	e7b7      	b.n	10005eec <_free_r+0xd8>
10005f7c:	2301      	movs	r3, #1
10005f7e:	1080      	asrs	r0, r0, #2
10005f80:	4083      	lsls	r3, r0
10005f82:	6870      	ldr	r0, [r6, #4]
10005f84:	4303      	orrs	r3, r0
10005f86:	6073      	str	r3, [r6, #4]
10005f88:	e7bf      	b.n	10005f0a <_free_r+0xf6>
10005f8a:	60d1      	str	r1, [r2, #12]
10005f8c:	6091      	str	r1, [r2, #8]
10005f8e:	60ca      	str	r2, [r1, #12]
10005f90:	608a      	str	r2, [r1, #8]
10005f92:	2201      	movs	r2, #1
10005f94:	431a      	orrs	r2, r3
10005f96:	604a      	str	r2, [r1, #4]
10005f98:	50cb      	str	r3, [r1, r3]
10005f9a:	e798      	b.n	10005ece <_free_r+0xba>
10005f9c:	22aa      	movs	r2, #170	@ 0xaa
10005f9e:	0052      	lsls	r2, r2, #1
10005fa0:	4294      	cmp	r4, r2
10005fa2:	d805      	bhi.n	10005fb0 <_free_r+0x19c>
10005fa4:	0bdc      	lsrs	r4, r3, #15
10005fa6:	0020      	movs	r0, r4
10005fa8:	3478      	adds	r4, #120	@ 0x78
10005faa:	3077      	adds	r0, #119	@ 0x77
10005fac:	00e4      	lsls	r4, r4, #3
10005fae:	e79d      	b.n	10005eec <_free_r+0xd8>
10005fb0:	4a0c      	ldr	r2, [pc, #48]	@ (10005fe4 <_free_r+0x1d0>)
10005fb2:	4294      	cmp	r4, r2
10005fb4:	d805      	bhi.n	10005fc2 <_free_r+0x1ae>
10005fb6:	0c9c      	lsrs	r4, r3, #18
10005fb8:	0020      	movs	r0, r4
10005fba:	347d      	adds	r4, #125	@ 0x7d
10005fbc:	307c      	adds	r0, #124	@ 0x7c
10005fbe:	00e4      	lsls	r4, r4, #3
10005fc0:	e794      	b.n	10005eec <_free_r+0xd8>
10005fc2:	24fe      	movs	r4, #254	@ 0xfe
10005fc4:	207e      	movs	r0, #126	@ 0x7e
10005fc6:	00a4      	lsls	r4, r4, #2
10005fc8:	e790      	b.n	10005eec <_free_r+0xd8>
10005fca:	4662      	mov	r2, ip
10005fcc:	431a      	orrs	r2, r3
10005fce:	604a      	str	r2, [r1, #4]
10005fd0:	603b      	str	r3, [r7, #0]
10005fd2:	e77c      	b.n	10005ece <_free_r+0xba>
10005fd4:	20000ed8 	.word	0x20000ed8
10005fd8:	20000ee0 	.word	0x20000ee0
10005fdc:	20000ed4 	.word	0x20000ed4
10005fe0:	200016ac 	.word	0x200016ac
10005fe4:	00000554 	.word	0x00000554

10005fe8 <_fini>:
10005fe8:	b5f8      	push	{r3, r4, r5, r6, r7, lr}
10005fea:	46c0      	nop			@ (mov r8, r8)
10005fec:	0000      	movs	r0, r0
	...

10005ff0 <__e15_is_critical_frame_period_veneer>:
10005ff0:	b401      	push	{r0}
10005ff2:	4802      	ldr	r0, [pc, #8]	@ (10005ffc <__e15_is_critical_frame_period_veneer+0xc>)
10005ff4:	4684      	mov	ip, r0
10005ff6:	bc01      	pop	{r0}
10005ff8:	4760      	bx	ip
10005ffa:	bf00      	nop
10005ffc:	200009d9 	.word	0x200009d9

10006000 <__flash_do_cmd_veneer>:
10006000:	b401      	push	{r0}
10006002:	4802      	ldr	r0, [pc, #8]	@ (1000600c <__flash_do_cmd_veneer+0xc>)
10006004:	4684      	mov	ip, r0
10006006:	bc01      	pop	{r0}
10006008:	4760      	bx	ip
1000600a:	bf00      	nop
1000600c:	200002c9 	.word	0x200002c9

10006010 <__mutex_exit_veneer>:
10006010:	b401      	push	{r0}
10006012:	4802      	ldr	r0, [pc, #8]	@ (1000601c <__mutex_exit_veneer+0xc>)
10006014:	4684      	mov	ip, r0
10006016:	bc01      	pop	{r0}
10006018:	4760      	bx	ip
1000601a:	bf00      	nop
1000601c:	2000022d 	.word	0x2000022d

10006020 <____aeabi_idiv0_veneer>:
10006020:	b401      	push	{r0}
10006022:	4802      	ldr	r0, [pc, #8]	@ (1000602c <____aeabi_idiv0_veneer+0xc>)
10006024:	4684      	mov	ip, r0
10006026:	bc01      	pop	{r0}
10006028:	4760      	bx	ip
1000602a:	bf00      	nop
1000602c:	20000d75 	.word	0x20000d75

10006030 <__mutex_try_enter_veneer>:
10006030:	b401      	push	{r0}
10006032:	4802      	ldr	r0, [pc, #8]	@ (1000603c <__mutex_try_enter_veneer+0xc>)
10006034:	4684      	mov	ip, r0
10006036:	bc01      	pop	{r0}
10006038:	4760      	bx	ip
1000603a:	bf00      	nop
1000603c:	200000c1 	.word	0x200000c1

10006040 <__mutex_enter_timeout_ms_veneer>:
10006040:	b401      	push	{r0}
10006042:	4802      	ldr	r0, [pc, #8]	@ (1000604c <__mutex_enter_timeout_ms_veneer+0xc>)
10006044:	4684      	mov	ip, r0
10006046:	bc01      	pop	{r0}
10006048:	4760      	bx	ip
1000604a:	bf00      	nop
1000604c:	2000019d 	.word	0x2000019d

10006050 <__mutex_try_enter_block_until_veneer>:
10006050:	b401      	push	{r0}
10006052:	4802      	ldr	r0, [pc, #8]	@ (1000605c <__mutex_try_enter_block_until_veneer+0xc>)
10006054:	4684      	mov	ip, r0
10006056:	bc01      	pop	{r0}
10006058:	4760      	bx	ip
1000605a:	bf00      	nop
1000605c:	20000101 	.word	0x20000101

10006060 <__hw_endpoint_start_next_buffer_veneer>:
10006060:	b401      	push	{r0}
10006062:	4802      	ldr	r0, [pc, #8]	@ (1000606c <__hw_endpoint_start_next_buffer_veneer+0xc>)
10006064:	4684      	mov	ip, r0
10006066:	bc01      	pop	{r0}
10006068:	4760      	bx	ip
1000606a:	bf00      	nop
1000606c:	20000b4d 	.word	0x20000b4d

10006070 <__reset_non_control_endpoints_veneer>:
10006070:	b401      	push	{r0}
10006072:	4802      	ldr	r0, [pc, #8]	@ (1000607c <__reset_non_control_endpoints_veneer+0xc>)
10006074:	4684      	mov	ip, r0
10006076:	bc01      	pop	{r0}
10006078:	4760      	bx	ip
1000607a:	bf00      	nop
1000607c:	20000389 	.word	0x20000389

10006080 <__e15_is_bulkin_ep_veneer>:
10006080:	b401      	push	{r0}
10006082:	4802      	ldr	r0, [pc, #8]	@ (1000608c <__e15_is_bulkin_ep_veneer+0xc>)
10006084:	4684      	mov	ip, r0
10006086:	bc01      	pop	{r0}
10006088:	4760      	bx	ip
1000608a:	bf00      	nop
1000608c:	200009b1 	.word	0x200009b1

10006090 <___hw_endpoint_buffer_control_update32_veneer>:
10006090:	b401      	push	{r0}
10006092:	4802      	ldr	r0, [pc, #8]	@ (1000609c <___hw_endpoint_buffer_control_update32_veneer+0xc>)
10006094:	4684      	mov	ip, r0
10006096:	bc01      	pop	{r0}
10006098:	4760      	bx	ip
1000609a:	bf00      	nop
1000609c:	20000af5 	.word	0x20000af5

Disassembly of section .data:

200000c0 <mutex_try_enter>:
200000c0:	0003      	movs	r3, r0
200000c2:	6800      	ldr	r0, [r0, #0]
200000c4:	f3ef 8c10 	mrs	ip, PRIMASK
200000c8:	b672      	cpsid	i
200000ca:	6802      	ldr	r2, [r0, #0]
200000cc:	2a00      	cmp	r2, #0
200000ce:	d0fc      	beq.n	200000ca <mutex_try_enter+0xa>
200000d0:	f3bf 8f5f 	dmb	sy
200000d4:	2204      	movs	r2, #4
200000d6:	569a      	ldrsb	r2, [r3, r2]
200000d8:	2a00      	cmp	r2, #0
200000da:	db04      	blt.n	200000e6 <mutex_try_enter+0x26>
200000dc:	2900      	cmp	r1, #0
200000de:	d000      	beq.n	200000e2 <mutex_try_enter+0x22>
200000e0:	600a      	str	r2, [r1, #0]
200000e2:	2000      	movs	r0, #0
200000e4:	e004      	b.n	200000f0 <mutex_try_enter+0x30>
200000e6:	22d0      	movs	r2, #208	@ 0xd0
200000e8:	2001      	movs	r0, #1
200000ea:	0612      	lsls	r2, r2, #24
200000ec:	6812      	ldr	r2, [r2, #0]
200000ee:	711a      	strb	r2, [r3, #4]
200000f0:	681b      	ldr	r3, [r3, #0]
200000f2:	f3bf 8f5f 	dmb	sy
200000f6:	2200      	movs	r2, #0
200000f8:	601a      	str	r2, [r3, #0]
200000fa:	f38c 8810 	msr	PRIMASK, ip
200000fe:	4770      	bx	lr

20000100 <mutex_try_enter_block_until>:
20000100:	b5f0      	push	{r4, r5, r6, r7, lr}
20000102:	46c6      	mov	lr, r8
20000104:	0015      	movs	r5, r2
20000106:	b500      	push	{lr}
20000108:	0004      	movs	r4, r0
2000010a:	001e      	movs	r6, r3
2000010c:	6802      	ldr	r2, [r0, #0]
2000010e:	f3ef 8110 	mrs	r1, PRIMASK
20000112:	b672      	cpsid	i
20000114:	6813      	ldr	r3, [r2, #0]
20000116:	2b00      	cmp	r3, #0
20000118:	d0fc      	beq.n	20000114 <mutex_try_enter_block_until+0x14>
2000011a:	f3bf 8f5f 	dmb	sy
2000011e:	2304      	movs	r3, #4
20000120:	56e3      	ldrsb	r3, [r4, r3]
20000122:	2b00      	cmp	r3, #0
20000124:	db2d      	blt.n	20000182 <mutex_try_enter_block_until+0x82>
20000126:	6822      	ldr	r2, [r4, #0]
20000128:	f3bf 8f5f 	dmb	sy
2000012c:	2000      	movs	r0, #0
2000012e:	6010      	str	r0, [r2, #0]
20000130:	f381 8810 	msr	PRIMASK, r1
20000134:	22d0      	movs	r2, #208	@ 0xd0
20000136:	0612      	lsls	r2, r2, #24
20000138:	7812      	ldrb	r2, [r2, #0]
2000013a:	b252      	sxtb	r2, r2
2000013c:	4690      	mov	r8, r2
2000013e:	429a      	cmp	r2, r3
20000140:	d103      	bne.n	2000014a <mutex_try_enter_block_until+0x4a>
20000142:	2000      	movs	r0, #0
20000144:	bc80      	pop	{r7}
20000146:	46b8      	mov	r8, r7
20000148:	bdf0      	pop	{r4, r5, r6, r7, pc}
2000014a:	2700      	movs	r7, #0
2000014c:	e00b      	b.n	20000166 <mutex_try_enter_block_until+0x66>
2000014e:	6823      	ldr	r3, [r4, #0]
20000150:	f3bf 8f5f 	dmb	sy
20000154:	601f      	str	r7, [r3, #0]
20000156:	f381 8810 	msr	PRIMASK, r1
2000015a:	0028      	movs	r0, r5
2000015c:	0031      	movs	r1, r6
2000015e:	f000 fe2b 	bl	20000db8 <__best_effort_wfe_or_timeout_veneer>
20000162:	2800      	cmp	r0, #0
20000164:	d1ed      	bne.n	20000142 <mutex_try_enter_block_until+0x42>
20000166:	6822      	ldr	r2, [r4, #0]
20000168:	f3ef 8110 	mrs	r1, PRIMASK
2000016c:	b672      	cpsid	i
2000016e:	6813      	ldr	r3, [r2, #0]
20000170:	2b00      	cmp	r3, #0
20000172:	d0fc      	beq.n	2000016e <mutex_try_enter_block_until+0x6e>
20000174:	f3bf 8f5f 	dmb	sy
20000178:	7923      	ldrb	r3, [r4, #4]
2000017a:	2b7f      	cmp	r3, #127	@ 0x7f
2000017c:	d9e7      	bls.n	2000014e <mutex_try_enter_block_until+0x4e>
2000017e:	4643      	mov	r3, r8
20000180:	e002      	b.n	20000188 <mutex_try_enter_block_until+0x88>
20000182:	23d0      	movs	r3, #208	@ 0xd0
20000184:	061b      	lsls	r3, r3, #24
20000186:	681b      	ldr	r3, [r3, #0]
20000188:	7123      	strb	r3, [r4, #4]
2000018a:	6823      	ldr	r3, [r4, #0]
2000018c:	f3bf 8f5f 	dmb	sy
20000190:	2200      	movs	r2, #0
20000192:	601a      	str	r2, [r3, #0]
20000194:	f381 8810 	msr	PRIMASK, r1
20000198:	2001      	movs	r0, #1
2000019a:	e7d3      	b.n	20000144 <mutex_try_enter_block_until+0x44>

2000019c <mutex_enter_timeout_ms>:
2000019c:	b5f0      	push	{r4, r5, r6, r7, lr}
2000019e:	46c6      	mov	lr, r8
200001a0:	b500      	push	{lr}
200001a2:	000d      	movs	r5, r1
200001a4:	0004      	movs	r4, r0
200001a6:	f000 fdf7 	bl	20000d98 <__time_us_64_veneer>
200001aa:	22fa      	movs	r2, #250	@ 0xfa
200001ac:	0006      	movs	r6, r0
200001ae:	000f      	movs	r7, r1
200001b0:	2300      	movs	r3, #0
200001b2:	0028      	movs	r0, r5
200001b4:	2100      	movs	r1, #0
200001b6:	0092      	lsls	r2, r2, #2
200001b8:	f000 fde6 	bl	20000d88 <____wrap___aeabi_lmul_veneer>
200001bc:	2380      	movs	r3, #128	@ 0x80
200001be:	1836      	adds	r6, r6, r0
200001c0:	414f      	adcs	r7, r1
200001c2:	061b      	lsls	r3, r3, #24
200001c4:	429f      	cmp	r7, r3
200001c6:	d302      	bcc.n	200001ce <mutex_enter_timeout_ms+0x32>
200001c8:	2601      	movs	r6, #1
200001ca:	4f17      	ldr	r7, [pc, #92]	@ (20000228 <mutex_enter_timeout_ms+0x8c>)
200001cc:	4276      	negs	r6, r6
200001ce:	23d0      	movs	r3, #208	@ 0xd0
200001d0:	061b      	lsls	r3, r3, #24
200001d2:	681b      	ldr	r3, [r3, #0]
200001d4:	2500      	movs	r5, #0
200001d6:	4698      	mov	r8, r3
200001d8:	e00b      	b.n	200001f2 <mutex_enter_timeout_ms+0x56>
200001da:	6823      	ldr	r3, [r4, #0]
200001dc:	f3bf 8f5f 	dmb	sy
200001e0:	601d      	str	r5, [r3, #0]
200001e2:	f381 8810 	msr	PRIMASK, r1
200001e6:	0030      	movs	r0, r6
200001e8:	0039      	movs	r1, r7
200001ea:	f000 fde5 	bl	20000db8 <__best_effort_wfe_or_timeout_veneer>
200001ee:	2800      	cmp	r0, #0
200001f0:	d118      	bne.n	20000224 <mutex_enter_timeout_ms+0x88>
200001f2:	6822      	ldr	r2, [r4, #0]
200001f4:	f3ef 8110 	mrs	r1, PRIMASK
200001f8:	b672      	cpsid	i
200001fa:	6813      	ldr	r3, [r2, #0]
200001fc:	2b00      	cmp	r3, #0
200001fe:	d0fc      	beq.n	200001fa <mutex_enter_timeout_ms+0x5e>
20000200:	f3bf 8f5f 	dmb	sy
20000204:	7923      	ldrb	r3, [r4, #4]
20000206:	2b7f      	cmp	r3, #127	@ 0x7f
20000208:	d9e7      	bls.n	200001da <mutex_enter_timeout_ms+0x3e>
2000020a:	4643      	mov	r3, r8
2000020c:	7123      	strb	r3, [r4, #4]
2000020e:	6823      	ldr	r3, [r4, #0]
20000210:	f3bf 8f5f 	dmb	sy
20000214:	2200      	movs	r2, #0
20000216:	601a      	str	r2, [r3, #0]
20000218:	f381 8810 	msr	PRIMASK, r1
2000021c:	2001      	movs	r0, #1
2000021e:	bc80      	pop	{r7}
20000220:	46b8      	mov	r8, r7
20000222:	bdf0      	pop	{r4, r5, r6, r7, pc}
20000224:	2000      	movs	r0, #0
20000226:	e7fa      	b.n	2000021e <mutex_enter_timeout_ms+0x82>
20000228:	7fffffff 	.word	0x7fffffff

2000022c <mutex_exit>:
2000022c:	6802      	ldr	r2, [r0, #0]
2000022e:	f3ef 8110 	mrs	r1, PRIMASK
20000232:	b672      	cpsid	i
20000234:	6813      	ldr	r3, [r2, #0]
20000236:	2b00      	cmp	r3, #0
20000238:	d0fc      	beq.n	20000234 <mutex_exit+0x8>
2000023a:	f3bf 8f5f 	dmb	sy
2000023e:	23ff      	movs	r3, #255	@ 0xff
20000240:	7103      	strb	r3, [r0, #4]
20000242:	6803      	ldr	r3, [r0, #0]
20000244:	f3bf 8f5f 	dmb	sy
20000248:	2200      	movs	r2, #0
2000024a:	601a      	str	r2, [r3, #0]
2000024c:	f381 8810 	msr	PRIMASK, r1
20000250:	bf40      	sev
20000252:	4770      	bx	lr

20000254 <flash_init_boot2_copyout>:
20000254:	b510      	push	{r4, lr}
20000256:	4c08      	ldr	r4, [pc, #32]	@ (20000278 <flash_init_boot2_copyout+0x24>)
20000258:	7823      	ldrb	r3, [r4, #0]
2000025a:	2b00      	cmp	r3, #0
2000025c:	d10a      	bne.n	20000274 <flash_init_boot2_copyout+0x20>
2000025e:	2380      	movs	r3, #128	@ 0x80
20000260:	4806      	ldr	r0, [pc, #24]	@ (2000027c <flash_init_boot2_copyout+0x28>)
20000262:	4907      	ldr	r1, [pc, #28]	@ (20000280 <flash_init_boot2_copyout+0x2c>)
20000264:	055b      	lsls	r3, r3, #21
20000266:	681a      	ldr	r2, [r3, #0]
20000268:	50c2      	str	r2, [r0, r3]
2000026a:	3304      	adds	r3, #4
2000026c:	428b      	cmp	r3, r1
2000026e:	d1fa      	bne.n	20000266 <flash_init_boot2_copyout+0x12>
20000270:	2301      	movs	r3, #1
20000272:	7023      	strb	r3, [r4, #0]
20000274:	bd10      	pop	{r4, pc}
20000276:	46c0      	nop			@ (mov r8, r8)
20000278:	2000239f 	.word	0x2000239f
2000027c:	10001c44 	.word	0x10001c44
20000280:	10000100 	.word	0x10000100

20000284 <flash_enable_xip_via_boot2>:
20000284:	b510      	push	{r4, lr}
20000286:	4b01      	ldr	r3, [pc, #4]	@ (2000028c <flash_enable_xip_via_boot2+0x8>)
20000288:	4798      	blx	r3
2000028a:	bd10      	pop	{r4, pc}
2000028c:	20001c45 	.word	0x20001c45

20000290 <flash_cs_force.constprop.0>:
20000290:	4b03      	ldr	r3, [pc, #12]	@ (200002a0 <flash_cs_force.constprop.0+0x10>)
20000292:	681a      	ldr	r2, [r3, #0]
20000294:	23c0      	movs	r3, #192	@ 0xc0
20000296:	009b      	lsls	r3, r3, #2
20000298:	4393      	bics	r3, r2
2000029a:	4a02      	ldr	r2, [pc, #8]	@ (200002a4 <flash_cs_force.constprop.0+0x14>)
2000029c:	6013      	str	r3, [r2, #0]
2000029e:	4770      	bx	lr
200002a0:	4001800c 	.word	0x4001800c
200002a4:	4001900c 	.word	0x4001900c

200002a8 <flash_cs_force.constprop.1>:
200002a8:	4b05      	ldr	r3, [pc, #20]	@ (200002c0 <flash_cs_force.constprop.1+0x18>)
200002aa:	681a      	ldr	r2, [r3, #0]
200002ac:	2380      	movs	r3, #128	@ 0x80
200002ae:	009b      	lsls	r3, r3, #2
200002b0:	4053      	eors	r3, r2
200002b2:	22c0      	movs	r2, #192	@ 0xc0
200002b4:	0092      	lsls	r2, r2, #2
200002b6:	4013      	ands	r3, r2
200002b8:	4a02      	ldr	r2, [pc, #8]	@ (200002c4 <flash_cs_force.constprop.1+0x1c>)
200002ba:	6013      	str	r3, [r2, #0]
200002bc:	4770      	bx	lr
200002be:	46c0      	nop			@ (mov r8, r8)
200002c0:	4001800c 	.word	0x4001800c
200002c4:	4001900c 	.word	0x4001900c

200002c8 <flash_do_cmd>:
200002c8:	2314      	movs	r3, #20
200002ca:	b5f0      	push	{r4, r5, r6, r7, lr}
200002cc:	46d6      	mov	lr, sl
200002ce:	464f      	mov	r7, r9
200002d0:	4646      	mov	r6, r8
200002d2:	469a      	mov	sl, r3
200002d4:	4681      	mov	r9, r0
200002d6:	8818      	ldrh	r0, [r3, #0]
200002d8:	3304      	adds	r3, #4
200002da:	b5c0      	push	{r6, r7, lr}
200002dc:	4698      	mov	r8, r3
200002de:	000e      	movs	r6, r1
200002e0:	881b      	ldrh	r3, [r3, #0]
200002e2:	4926      	ldr	r1, [pc, #152]	@ (2000037c <flash_do_cmd+0xb4>)
200002e4:	0014      	movs	r4, r2
200002e6:	4798      	blx	r3
200002e8:	4653      	mov	r3, sl
200002ea:	0007      	movs	r7, r0
200002ec:	8818      	ldrh	r0, [r3, #0]
200002ee:	4643      	mov	r3, r8
200002f0:	4923      	ldr	r1, [pc, #140]	@ (20000380 <flash_do_cmd+0xb8>)
200002f2:	881b      	ldrh	r3, [r3, #0]
200002f4:	4798      	blx	r3
200002f6:	4653      	mov	r3, sl
200002f8:	0005      	movs	r5, r0
200002fa:	8818      	ldrh	r0, [r3, #0]
200002fc:	4643      	mov	r3, r8
200002fe:	4921      	ldr	r1, [pc, #132]	@ (20000384 <flash_do_cmd+0xbc>)
20000300:	881b      	ldrh	r3, [r3, #0]
20000302:	4798      	blx	r3
20000304:	4680      	mov	r8, r0
20000306:	f7ff ffa5 	bl	20000254 <flash_init_boot2_copyout>
2000030a:	47b8      	blx	r7
2000030c:	47a8      	blx	r5
2000030e:	f7ff ffcb 	bl	200002a8 <flash_cs_force.constprop.1>
20000312:	1e22      	subs	r2, r4, #0
20000314:	d020      	beq.n	20000358 <flash_do_cmd+0x90>
20000316:	21c0      	movs	r1, #192	@ 0xc0
20000318:	2708      	movs	r7, #8
2000031a:	2002      	movs	r0, #2
2000031c:	0549      	lsls	r1, r1, #21
2000031e:	e011      	b.n	20000344 <flash_do_cmd+0x7c>
20000320:	2c00      	cmp	r4, #0
20000322:	d014      	beq.n	2000034e <flash_do_cmd+0x86>
20000324:	1b13      	subs	r3, r2, r4
20000326:	2b0d      	cmp	r3, #13
20000328:	d920      	bls.n	2000036c <flash_do_cmd+0xa4>
2000032a:	2d00      	cmp	r5, #0
2000032c:	d00a      	beq.n	20000344 <flash_do_cmd+0x7c>
2000032e:	0023      	movs	r3, r4
20000330:	2a00      	cmp	r2, #0
20000332:	d005      	beq.n	20000340 <flash_do_cmd+0x78>
20000334:	6e0b      	ldr	r3, [r1, #96]	@ 0x60
20000336:	3a01      	subs	r2, #1
20000338:	7033      	strb	r3, [r6, #0]
2000033a:	0013      	movs	r3, r2
2000033c:	3601      	adds	r6, #1
2000033e:	4323      	orrs	r3, r4
20000340:	2b00      	cmp	r3, #0
20000342:	d009      	beq.n	20000358 <flash_do_cmd+0x90>
20000344:	003d      	movs	r5, r7
20000346:	6a8b      	ldr	r3, [r1, #40]	@ 0x28
20000348:	401d      	ands	r5, r3
2000034a:	4218      	tst	r0, r3
2000034c:	d1e8      	bne.n	20000320 <flash_do_cmd+0x58>
2000034e:	2d00      	cmp	r5, #0
20000350:	d1ed      	bne.n	2000032e <flash_do_cmd+0x66>
20000352:	0023      	movs	r3, r4
20000354:	4313      	orrs	r3, r2
20000356:	d1f5      	bne.n	20000344 <flash_do_cmd+0x7c>
20000358:	f7ff ff9a 	bl	20000290 <flash_cs_force.constprop.0>
2000035c:	47c0      	blx	r8
2000035e:	f7ff ff91 	bl	20000284 <flash_enable_xip_via_boot2>
20000362:	bce0      	pop	{r5, r6, r7}
20000364:	46ba      	mov	sl, r7
20000366:	46b1      	mov	r9, r6
20000368:	46a8      	mov	r8, r5
2000036a:	bdf0      	pop	{r4, r5, r6, r7, pc}
2000036c:	464b      	mov	r3, r9
2000036e:	781b      	ldrb	r3, [r3, #0]
20000370:	3c01      	subs	r4, #1
20000372:	660b      	str	r3, [r1, #96]	@ 0x60
20000374:	2301      	movs	r3, #1
20000376:	469c      	mov	ip, r3
20000378:	44e1      	add	r9, ip
2000037a:	e7e8      	b.n	2000034e <flash_do_cmd+0x86>
2000037c:	00004649 	.word	0x00004649
20000380:	00005845 	.word	0x00005845
20000384:	00004346 	.word	0x00004346

20000388 <reset_non_control_endpoints>:
20000388:	2200      	movs	r2, #0
2000038a:	4b15      	ldr	r3, [pc, #84]	@ (200003e0 <reset_non_control_endpoints+0x58>)
2000038c:	b510      	push	{r4, lr}
2000038e:	609a      	str	r2, [r3, #8]
20000390:	60da      	str	r2, [r3, #12]
20000392:	611a      	str	r2, [r3, #16]
20000394:	615a      	str	r2, [r3, #20]
20000396:	619a      	str	r2, [r3, #24]
20000398:	61da      	str	r2, [r3, #28]
2000039a:	621a      	str	r2, [r3, #32]
2000039c:	625a      	str	r2, [r3, #36]	@ 0x24
2000039e:	629a      	str	r2, [r3, #40]	@ 0x28
200003a0:	62da      	str	r2, [r3, #44]	@ 0x2c
200003a2:	631a      	str	r2, [r3, #48]	@ 0x30
200003a4:	635a      	str	r2, [r3, #52]	@ 0x34
200003a6:	639a      	str	r2, [r3, #56]	@ 0x38
200003a8:	63da      	str	r2, [r3, #60]	@ 0x3c
200003aa:	641a      	str	r2, [r3, #64]	@ 0x40
200003ac:	645a      	str	r2, [r3, #68]	@ 0x44
200003ae:	649a      	str	r2, [r3, #72]	@ 0x48
200003b0:	64da      	str	r2, [r3, #76]	@ 0x4c
200003b2:	651a      	str	r2, [r3, #80]	@ 0x50
200003b4:	655a      	str	r2, [r3, #84]	@ 0x54
200003b6:	659a      	str	r2, [r3, #88]	@ 0x58
200003b8:	65da      	str	r2, [r3, #92]	@ 0x5c
200003ba:	661a      	str	r2, [r3, #96]	@ 0x60
200003bc:	665a      	str	r2, [r3, #100]	@ 0x64
200003be:	669a      	str	r2, [r3, #104]	@ 0x68
200003c0:	66da      	str	r2, [r3, #108]	@ 0x6c
200003c2:	671a      	str	r2, [r3, #112]	@ 0x70
200003c4:	675a      	str	r2, [r3, #116]	@ 0x74
200003c6:	679a      	str	r2, [r3, #120]	@ 0x78
200003c8:	67da      	str	r2, [r3, #124]	@ 0x7c
200003ca:	32f0      	adds	r2, #240	@ 0xf0
200003cc:	0092      	lsls	r2, r2, #2
200003ce:	2100      	movs	r1, #0
200003d0:	4804      	ldr	r0, [pc, #16]	@ (200003e4 <reset_non_control_endpoints+0x5c>)
200003d2:	f000 fce9 	bl	20000da8 <____wrap_memset_veneer>
200003d6:	4b04      	ldr	r3, [pc, #16]	@ (200003e8 <reset_non_control_endpoints+0x60>)
200003d8:	4a04      	ldr	r2, [pc, #16]	@ (200003ec <reset_non_control_endpoints+0x64>)
200003da:	601a      	str	r2, [r3, #0]
200003dc:	bd10      	pop	{r4, pc}
200003de:	46c0      	nop			@ (mov r8, r8)
200003e0:	50100000 	.word	0x50100000
200003e4:	20001e10 	.word	0x20001e10
200003e8:	20002224 	.word	0x20002224
200003ec:	50100180 	.word	0x50100180

200003f0 <hw_handle_buff_status>:
200003f0:	b5f0      	push	{r4, r5, r6, r7, lr}
200003f2:	4657      	mov	r7, sl
200003f4:	464e      	mov	r6, r9
200003f6:	4645      	mov	r5, r8
200003f8:	46de      	mov	lr, fp
200003fa:	b5e0      	push	{r5, r6, r7, lr}
200003fc:	4b25      	ldr	r3, [pc, #148]	@ (20000494 <hw_handle_buff_status+0xa4>)
200003fe:	2500      	movs	r5, #0
20000400:	6d9f      	ldr	r7, [r3, #88]	@ 0x58
20000402:	2601      	movs	r6, #1
20000404:	b087      	sub	sp, #28
20000406:	2f00      	cmp	r7, #0
20000408:	d023      	beq.n	20000452 <hw_handle_buff_status+0x62>
2000040a:	4b23      	ldr	r3, [pc, #140]	@ (20000498 <hw_handle_buff_status+0xa8>)
2000040c:	4699      	mov	r9, r3
2000040e:	2301      	movs	r3, #1
20000410:	469b      	mov	fp, r3
20000412:	4b22      	ldr	r3, [pc, #136]	@ (2000049c <hw_handle_buff_status+0xac>)
20000414:	4698      	mov	r8, r3
20000416:	e001      	b.n	2000041c <hw_handle_buff_status+0x2c>
20000418:	2d20      	cmp	r5, #32
2000041a:	d01a      	beq.n	20000452 <hw_handle_buff_status+0x62>
2000041c:	0032      	movs	r2, r6
2000041e:	002c      	movs	r4, r5
20000420:	3501      	adds	r5, #1
20000422:	46b2      	mov	sl, r6
20000424:	403a      	ands	r2, r7
20000426:	b2ed      	uxtb	r5, r5
20000428:	0076      	lsls	r6, r6, #1
2000042a:	2a00      	cmp	r2, #0
2000042c:	d0f4      	beq.n	20000418 <hw_handle_buff_status+0x28>
2000042e:	464b      	mov	r3, r9
20000430:	4652      	mov	r2, sl
20000432:	659a      	str	r2, [r3, #88]	@ 0x58
20000434:	465b      	mov	r3, fp
20000436:	0864      	lsrs	r4, r4, #1
20000438:	0064      	lsls	r4, r4, #1
2000043a:	402b      	ands	r3, r5
2000043c:	18e4      	adds	r4, r4, r3
2000043e:	0164      	lsls	r4, r4, #5
20000440:	4444      	add	r4, r8
20000442:	0020      	movs	r0, r4
20000444:	f000 fbb8 	bl	20000bb8 <hw_endpoint_xfer_continue>
20000448:	2800      	cmp	r0, #0
2000044a:	d109      	bne.n	20000460 <hw_handle_buff_status+0x70>
2000044c:	4653      	mov	r3, sl
2000044e:	439f      	bics	r7, r3
20000450:	d1e2      	bne.n	20000418 <hw_handle_buff_status+0x28>
20000452:	b007      	add	sp, #28
20000454:	bcf0      	pop	{r4, r5, r6, r7}
20000456:	46bb      	mov	fp, r7
20000458:	46b2      	mov	sl, r6
2000045a:	46a9      	mov	r9, r5
2000045c:	46a0      	mov	r8, r4
2000045e:	bdf0      	pop	{r4, r5, r6, r7, pc}
20000460:	8ae2      	ldrh	r2, [r4, #22]
20000462:	78a3      	ldrb	r3, [r4, #2]
20000464:	a802      	add	r0, sp, #8
20000466:	9201      	str	r2, [sp, #4]
20000468:	2100      	movs	r1, #0
2000046a:	2206      	movs	r2, #6
2000046c:	3006      	adds	r0, #6
2000046e:	9300      	str	r3, [sp, #0]
20000470:	f000 fc9a 	bl	20000da8 <____wrap_memset_veneer>
20000474:	23e0      	movs	r3, #224	@ 0xe0
20000476:	a902      	add	r1, sp, #8
20000478:	00db      	lsls	r3, r3, #3
2000047a:	808b      	strh	r3, [r1, #4]
2000047c:	9b00      	ldr	r3, [sp, #0]
2000047e:	9a01      	ldr	r2, [sp, #4]
20000480:	720b      	strb	r3, [r1, #8]
20000482:	a803      	add	r0, sp, #12
20000484:	2101      	movs	r1, #1
20000486:	9205      	str	r2, [sp, #20]
20000488:	f000 fbbe 	bl	20000c08 <dcd_event_handler>
2000048c:	0020      	movs	r0, r4
2000048e:	f000 fb2b 	bl	20000ae8 <hw_endpoint_reset_transfer>
20000492:	e7db      	b.n	2000044c <hw_handle_buff_status+0x5c>
20000494:	50110000 	.word	0x50110000
20000498:	50113000 	.word	0x50113000
2000049c:	20001dd0 	.word	0x20001dd0

200004a0 <dcd_rp2040_irq>:
200004a0:	2398      	movs	r3, #152	@ 0x98
200004a2:	4ac8      	ldr	r2, [pc, #800]	@ (200007c4 <dcd_rp2040_irq+0x324>)
200004a4:	b5f0      	push	{r4, r5, r6, r7, lr}
200004a6:	58d5      	ldr	r5, [r2, r3]
200004a8:	2380      	movs	r3, #128	@ 0x80
200004aa:	002c      	movs	r4, r5
200004ac:	029b      	lsls	r3, r3, #10
200004ae:	2610      	movs	r6, #16
200004b0:	b085      	sub	sp, #20
200004b2:	401c      	ands	r4, r3
200004b4:	421d      	tst	r5, r3
200004b6:	d07a      	beq.n	200005ae <dcd_rp2040_irq+0x10e>
200004b8:	4bc3      	ldr	r3, [pc, #780]	@ (200007c8 <dcd_rp2040_irq+0x328>)
200004ba:	4cc4      	ldr	r4, [pc, #784]	@ (200007cc <dcd_rp2040_irq+0x32c>)
200004bc:	6a9a      	ldr	r2, [r3, #40]	@ 0x28
200004be:	4bc4      	ldr	r3, [pc, #784]	@ (200007d0 <dcd_rp2040_irq+0x330>)
200004c0:	2600      	movs	r6, #0
200004c2:	601a      	str	r2, [r3, #0]
200004c4:	233b      	movs	r3, #59	@ 0x3b
200004c6:	5ce3      	ldrb	r3, [r4, r3]
200004c8:	2b02      	cmp	r3, #2
200004ca:	d100      	bne.n	200004ce <dcd_rp2040_irq+0x2e>
200004cc:	e0df      	b.n	2000068e <dcd_rp2040_irq+0x1ee>
200004ce:	237b      	movs	r3, #123	@ 0x7b
200004d0:	5ce3      	ldrb	r3, [r4, r3]
200004d2:	2b02      	cmp	r3, #2
200004d4:	d100      	bne.n	200004d8 <dcd_rp2040_irq+0x38>
200004d6:	e1b9      	b.n	2000084c <dcd_rp2040_irq+0x3ac>
200004d8:	23bb      	movs	r3, #187	@ 0xbb
200004da:	5ce3      	ldrb	r3, [r4, r3]
200004dc:	2b02      	cmp	r3, #2
200004de:	d100      	bne.n	200004e2 <dcd_rp2040_irq+0x42>
200004e0:	e1a9      	b.n	20000836 <dcd_rp2040_irq+0x396>
200004e2:	23fb      	movs	r3, #251	@ 0xfb
200004e4:	5ce3      	ldrb	r3, [r4, r3]
200004e6:	2b02      	cmp	r3, #2
200004e8:	d100      	bne.n	200004ec <dcd_rp2040_irq+0x4c>
200004ea:	e199      	b.n	20000820 <dcd_rp2040_irq+0x380>
200004ec:	233c      	movs	r3, #60	@ 0x3c
200004ee:	33ff      	adds	r3, #255	@ 0xff
200004f0:	5ce3      	ldrb	r3, [r4, r3]
200004f2:	2b02      	cmp	r3, #2
200004f4:	d100      	bne.n	200004f8 <dcd_rp2040_irq+0x58>
200004f6:	e158      	b.n	200007aa <dcd_rp2040_irq+0x30a>
200004f8:	237c      	movs	r3, #124	@ 0x7c
200004fa:	33ff      	adds	r3, #255	@ 0xff
200004fc:	5ce3      	ldrb	r3, [r4, r3]
200004fe:	2b02      	cmp	r3, #2
20000500:	d100      	bne.n	20000504 <dcd_rp2040_irq+0x64>
20000502:	e145      	b.n	20000790 <dcd_rp2040_irq+0x2f0>
20000504:	23bc      	movs	r3, #188	@ 0xbc
20000506:	33ff      	adds	r3, #255	@ 0xff
20000508:	5ce3      	ldrb	r3, [r4, r3]
2000050a:	2b02      	cmp	r3, #2
2000050c:	d100      	bne.n	20000510 <dcd_rp2040_irq+0x70>
2000050e:	e132      	b.n	20000776 <dcd_rp2040_irq+0x2d6>
20000510:	23fc      	movs	r3, #252	@ 0xfc
20000512:	33ff      	adds	r3, #255	@ 0xff
20000514:	5ce3      	ldrb	r3, [r4, r3]
20000516:	2b02      	cmp	r3, #2
20000518:	d100      	bne.n	2000051c <dcd_rp2040_irq+0x7c>
2000051a:	e11f      	b.n	2000075c <dcd_rp2040_irq+0x2bc>
2000051c:	4bad      	ldr	r3, [pc, #692]	@ (200007d4 <dcd_rp2040_irq+0x334>)
2000051e:	5ce3      	ldrb	r3, [r4, r3]
20000520:	2b02      	cmp	r3, #2
20000522:	d100      	bne.n	20000526 <dcd_rp2040_irq+0x86>
20000524:	e10e      	b.n	20000744 <dcd_rp2040_irq+0x2a4>
20000526:	4bac      	ldr	r3, [pc, #688]	@ (200007d8 <dcd_rp2040_irq+0x338>)
20000528:	5ce3      	ldrb	r3, [r4, r3]
2000052a:	2b02      	cmp	r3, #2
2000052c:	d100      	bne.n	20000530 <dcd_rp2040_irq+0x90>
2000052e:	e0fd      	b.n	2000072c <dcd_rp2040_irq+0x28c>
20000530:	4baa      	ldr	r3, [pc, #680]	@ (200007dc <dcd_rp2040_irq+0x33c>)
20000532:	5ce3      	ldrb	r3, [r4, r3]
20000534:	2b02      	cmp	r3, #2
20000536:	d100      	bne.n	2000053a <dcd_rp2040_irq+0x9a>
20000538:	e0ec      	b.n	20000714 <dcd_rp2040_irq+0x274>
2000053a:	4ba9      	ldr	r3, [pc, #676]	@ (200007e0 <dcd_rp2040_irq+0x340>)
2000053c:	5ce3      	ldrb	r3, [r4, r3]
2000053e:	2b02      	cmp	r3, #2
20000540:	d100      	bne.n	20000544 <dcd_rp2040_irq+0xa4>
20000542:	e0db      	b.n	200006fc <dcd_rp2040_irq+0x25c>
20000544:	4ba7      	ldr	r3, [pc, #668]	@ (200007e4 <dcd_rp2040_irq+0x344>)
20000546:	5ce3      	ldrb	r3, [r4, r3]
20000548:	2b02      	cmp	r3, #2
2000054a:	d100      	bne.n	2000054e <dcd_rp2040_irq+0xae>
2000054c:	e0ca      	b.n	200006e4 <dcd_rp2040_irq+0x244>
2000054e:	4ba6      	ldr	r3, [pc, #664]	@ (200007e8 <dcd_rp2040_irq+0x348>)
20000550:	5ce3      	ldrb	r3, [r4, r3]
20000552:	2b02      	cmp	r3, #2
20000554:	d100      	bne.n	20000558 <dcd_rp2040_irq+0xb8>
20000556:	e0ab      	b.n	200006b0 <dcd_rp2040_irq+0x210>
20000558:	4ba4      	ldr	r3, [pc, #656]	@ (200007ec <dcd_rp2040_irq+0x34c>)
2000055a:	5ce3      	ldrb	r3, [r4, r3]
2000055c:	2b02      	cmp	r3, #2
2000055e:	d100      	bne.n	20000562 <dcd_rp2040_irq+0xc2>
20000560:	e17f      	b.n	20000862 <dcd_rp2040_irq+0x3c2>
20000562:	4ba3      	ldr	r3, [pc, #652]	@ (200007f0 <dcd_rp2040_irq+0x350>)
20000564:	5ce3      	ldrb	r3, [r4, r3]
20000566:	2b02      	cmp	r3, #2
20000568:	d100      	bne.n	2000056c <dcd_rp2040_irq+0xcc>
2000056a:	e196      	b.n	2000089a <dcd_rp2040_irq+0x3fa>
2000056c:	2e00      	cmp	r6, #0
2000056e:	d108      	bne.n	20000582 <dcd_rp2040_irq+0xe2>
20000570:	4ba0      	ldr	r3, [pc, #640]	@ (200007f4 <dcd_rp2040_irq+0x354>)
20000572:	781b      	ldrb	r3, [r3, #0]
20000574:	2b00      	cmp	r3, #0
20000576:	d104      	bne.n	20000582 <dcd_rp2040_irq+0xe2>
20000578:	2180      	movs	r1, #128	@ 0x80
2000057a:	4a9f      	ldr	r2, [pc, #636]	@ (200007f8 <dcd_rp2040_irq+0x358>)
2000057c:	3390      	adds	r3, #144	@ 0x90
2000057e:	0289      	lsls	r1, r1, #10
20000580:	50d1      	str	r1, [r2, r3]
20000582:	4b90      	ldr	r3, [pc, #576]	@ (200007c4 <dcd_rp2040_irq+0x324>)
20000584:	220a      	movs	r2, #10
20000586:	6c9c      	ldr	r4, [r3, #72]	@ 0x48
20000588:	466b      	mov	r3, sp
2000058a:	2100      	movs	r1, #0
2000058c:	1d98      	adds	r0, r3, #6
2000058e:	f000 fc0b 	bl	20000da8 <____wrap_memset_veneer>
20000592:	23c0      	movs	r3, #192	@ 0xc0
20000594:	0564      	lsls	r4, r4, #21
20000596:	ae01      	add	r6, sp, #4
20000598:	009b      	lsls	r3, r3, #2
2000059a:	0d64      	lsrs	r4, r4, #21
2000059c:	8033      	strh	r3, [r6, #0]
2000059e:	0030      	movs	r0, r6
200005a0:	9402      	str	r4, [sp, #8]
200005a2:	2101      	movs	r1, #1
200005a4:	2480      	movs	r4, #128	@ 0x80
200005a6:	f000 fb2f 	bl	20000c08 <dcd_event_handler>
200005aa:	4e94      	ldr	r6, [pc, #592]	@ (200007fc <dcd_rp2040_irq+0x35c>)
200005ac:	02a4      	lsls	r4, r4, #10
200005ae:	06eb      	lsls	r3, r5, #27
200005b0:	d469      	bmi.n	20000686 <dcd_rp2040_irq+0x1e6>
200005b2:	2380      	movs	r3, #128	@ 0x80
200005b4:	025b      	lsls	r3, r3, #9
200005b6:	421d      	tst	r5, r3
200005b8:	d014      	beq.n	200005e4 <dcd_rp2040_irq+0x144>
200005ba:	2201      	movs	r2, #1
200005bc:	2123      	movs	r1, #35	@ 0x23
200005be:	431c      	orrs	r4, r3
200005c0:	4b82      	ldr	r3, [pc, #520]	@ (200007cc <dcd_rp2040_irq+0x32c>)
200005c2:	545a      	strb	r2, [r3, r1]
200005c4:	70da      	strb	r2, [r3, #3]
200005c6:	23c0      	movs	r3, #192	@ 0xc0
200005c8:	4a8d      	ldr	r2, [pc, #564]	@ (20000800 <dcd_rp2040_irq+0x360>)
200005ca:	00db      	lsls	r3, r3, #3
200005cc:	9301      	str	r3, [sp, #4]
200005ce:	ab02      	add	r3, sp, #8
200005d0:	ca03      	ldmia	r2!, {r0, r1}
200005d2:	c303      	stmia	r3!, {r0, r1}
200005d4:	2101      	movs	r1, #1
200005d6:	a801      	add	r0, sp, #4
200005d8:	f000 fb16 	bl	20000c08 <dcd_event_handler>
200005dc:	2280      	movs	r2, #128	@ 0x80
200005de:	4b86      	ldr	r3, [pc, #536]	@ (200007f8 <dcd_rp2040_irq+0x358>)
200005e0:	0292      	lsls	r2, r2, #10
200005e2:	651a      	str	r2, [r3, #80]	@ 0x50
200005e4:	2380      	movs	r3, #128	@ 0x80
200005e6:	015b      	lsls	r3, r3, #5
200005e8:	421d      	tst	r5, r3
200005ea:	d133      	bne.n	20000654 <dcd_rp2040_irq+0x1b4>
200005ec:	2380      	movs	r3, #128	@ 0x80
200005ee:	01db      	lsls	r3, r3, #7
200005f0:	421d      	tst	r5, r3
200005f2:	d11c      	bne.n	2000062e <dcd_rp2040_irq+0x18e>
200005f4:	2380      	movs	r3, #128	@ 0x80
200005f6:	021b      	lsls	r3, r3, #8
200005f8:	421d      	tst	r5, r3
200005fa:	d104      	bne.n	20000606 <dcd_rp2040_irq+0x166>
200005fc:	42ac      	cmp	r4, r5
200005fe:	d000      	beq.n	20000602 <dcd_rp2040_irq+0x162>
20000600:	e1c8      	b.n	20000994 <dcd_rp2040_irq+0x4f4>
20000602:	b005      	add	sp, #20
20000604:	bdf0      	pop	{r4, r5, r6, r7, pc}
20000606:	431c      	orrs	r4, r3
20000608:	466b      	mov	r3, sp
2000060a:	220a      	movs	r2, #10
2000060c:	2100      	movs	r1, #0
2000060e:	1d98      	adds	r0, r3, #6
20000610:	f000 fbca 	bl	20000da8 <____wrap_memset_veneer>
20000614:	23a0      	movs	r3, #160	@ 0xa0
20000616:	ae01      	add	r6, sp, #4
20000618:	00db      	lsls	r3, r3, #3
2000061a:	8033      	strh	r3, [r6, #0]
2000061c:	2101      	movs	r1, #1
2000061e:	0030      	movs	r0, r6
20000620:	f000 faf2 	bl	20000c08 <dcd_event_handler>
20000624:	2280      	movs	r2, #128	@ 0x80
20000626:	4b74      	ldr	r3, [pc, #464]	@ (200007f8 <dcd_rp2040_irq+0x358>)
20000628:	0112      	lsls	r2, r2, #4
2000062a:	651a      	str	r2, [r3, #80]	@ 0x50
2000062c:	e7e6      	b.n	200005fc <dcd_rp2040_irq+0x15c>
2000062e:	431c      	orrs	r4, r3
20000630:	466b      	mov	r3, sp
20000632:	220a      	movs	r2, #10
20000634:	2100      	movs	r1, #0
20000636:	1d98      	adds	r0, r3, #6
20000638:	f000 fbb6 	bl	20000da8 <____wrap_memset_veneer>
2000063c:	2380      	movs	r3, #128	@ 0x80
2000063e:	ae01      	add	r6, sp, #4
20000640:	00db      	lsls	r3, r3, #3
20000642:	8033      	strh	r3, [r6, #0]
20000644:	2101      	movs	r1, #1
20000646:	0030      	movs	r0, r6
20000648:	f000 fade 	bl	20000c08 <dcd_event_handler>
2000064c:	2210      	movs	r2, #16
2000064e:	4b6a      	ldr	r3, [pc, #424]	@ (200007f8 <dcd_rp2040_irq+0x358>)
20000650:	651a      	str	r2, [r3, #80]	@ 0x50
20000652:	e7cf      	b.n	200005f4 <dcd_rp2040_irq+0x154>
20000654:	2200      	movs	r2, #0
20000656:	431c      	orrs	r4, r3
20000658:	4b5a      	ldr	r3, [pc, #360]	@ (200007c4 <dcd_rp2040_irq+0x324>)
2000065a:	ae01      	add	r6, sp, #4
2000065c:	601a      	str	r2, [r3, #0]
2000065e:	f7ff fe93 	bl	20000388 <reset_non_control_endpoints>
20000662:	466b      	mov	r3, sp
20000664:	220a      	movs	r2, #10
20000666:	2100      	movs	r1, #0
20000668:	1d98      	adds	r0, r3, #6
2000066a:	f000 fb9d 	bl	20000da8 <____wrap_memset_veneer>
2000066e:	2380      	movs	r3, #128	@ 0x80
20000670:	005b      	lsls	r3, r3, #1
20000672:	8033      	strh	r3, [r6, #0]
20000674:	2101      	movs	r1, #1
20000676:	0030      	movs	r0, r6
20000678:	f000 fac6 	bl	20000c08 <dcd_event_handler>
2000067c:	2280      	movs	r2, #128	@ 0x80
2000067e:	4b5e      	ldr	r3, [pc, #376]	@ (200007f8 <dcd_rp2040_irq+0x358>)
20000680:	0312      	lsls	r2, r2, #12
20000682:	651a      	str	r2, [r3, #80]	@ 0x50
20000684:	e7b2      	b.n	200005ec <dcd_rp2040_irq+0x14c>
20000686:	f7ff feb3 	bl	200003f0 <hw_handle_buff_status>
2000068a:	0034      	movs	r4, r6
2000068c:	e791      	b.n	200005b2 <dcd_rp2040_irq+0x112>
2000068e:	3338      	adds	r3, #56	@ 0x38
20000690:	5ce6      	ldrb	r6, [r4, r3]
20000692:	2e00      	cmp	r6, #0
20000694:	d100      	bne.n	20000698 <dcd_rp2040_irq+0x1f8>
20000696:	e71a      	b.n	200004ce <dcd_rp2040_irq+0x2e>
20000698:	3302      	adds	r3, #2
2000069a:	5ce2      	ldrb	r2, [r4, r3]
2000069c:	2a00      	cmp	r2, #0
2000069e:	d100      	bne.n	200006a2 <dcd_rp2040_irq+0x202>
200006a0:	e715      	b.n	200004ce <dcd_rp2040_irq+0x2e>
200006a2:	0020      	movs	r0, r4
200006a4:	2200      	movs	r2, #0
200006a6:	3020      	adds	r0, #32
200006a8:	54e2      	strb	r2, [r4, r3]
200006aa:	f000 fa4f 	bl	20000b4c <hw_endpoint_start_next_buffer>
200006ae:	e70e      	b.n	200004ce <dcd_rp2040_irq+0x2e>
200006b0:	4b54      	ldr	r3, [pc, #336]	@ (20000804 <dcd_rp2040_irq+0x364>)
200006b2:	5ce7      	ldrb	r7, [r4, r3]
200006b4:	2f00      	cmp	r7, #0
200006b6:	d100      	bne.n	200006ba <dcd_rp2040_irq+0x21a>
200006b8:	e74e      	b.n	20000558 <dcd_rp2040_irq+0xb8>
200006ba:	3302      	adds	r3, #2
200006bc:	5ce2      	ldrb	r2, [r4, r3]
200006be:	2a00      	cmp	r2, #0
200006c0:	d000      	beq.n	200006c4 <dcd_rp2040_irq+0x224>
200006c2:	e160      	b.n	20000986 <dcd_rp2040_irq+0x4e6>
200006c4:	4b49      	ldr	r3, [pc, #292]	@ (200007ec <dcd_rp2040_irq+0x34c>)
200006c6:	5ce3      	ldrb	r3, [r4, r3]
200006c8:	2b02      	cmp	r3, #2
200006ca:	d100      	bne.n	200006ce <dcd_rp2040_irq+0x22e>
200006cc:	e0db      	b.n	20000886 <dcd_rp2040_irq+0x3e6>
200006ce:	4b48      	ldr	r3, [pc, #288]	@ (200007f0 <dcd_rp2040_irq+0x350>)
200006d0:	5ce3      	ldrb	r3, [r4, r3]
200006d2:	2b02      	cmp	r3, #2
200006d4:	d000      	beq.n	200006d8 <dcd_rp2040_irq+0x238>
200006d6:	e754      	b.n	20000582 <dcd_rp2040_irq+0xe2>
200006d8:	4b4b      	ldr	r3, [pc, #300]	@ (20000808 <dcd_rp2040_irq+0x368>)
200006da:	5ce3      	ldrb	r3, [r4, r3]
200006dc:	2b00      	cmp	r3, #0
200006de:	d000      	beq.n	200006e2 <dcd_rp2040_irq+0x242>
200006e0:	e0e0      	b.n	200008a4 <dcd_rp2040_irq+0x404>
200006e2:	e74e      	b.n	20000582 <dcd_rp2040_irq+0xe2>
200006e4:	4b49      	ldr	r3, [pc, #292]	@ (2000080c <dcd_rp2040_irq+0x36c>)
200006e6:	5ce7      	ldrb	r7, [r4, r3]
200006e8:	2f00      	cmp	r7, #0
200006ea:	d100      	bne.n	200006ee <dcd_rp2040_irq+0x24e>
200006ec:	e72f      	b.n	2000054e <dcd_rp2040_irq+0xae>
200006ee:	3302      	adds	r3, #2
200006f0:	5ce2      	ldrb	r2, [r4, r3]
200006f2:	2a00      	cmp	r2, #0
200006f4:	d000      	beq.n	200006f8 <dcd_rp2040_irq+0x258>
200006f6:	e13e      	b.n	20000976 <dcd_rp2040_irq+0x4d6>
200006f8:	003e      	movs	r6, r7
200006fa:	e728      	b.n	2000054e <dcd_rp2040_irq+0xae>
200006fc:	4b44      	ldr	r3, [pc, #272]	@ (20000810 <dcd_rp2040_irq+0x370>)
200006fe:	5ce7      	ldrb	r7, [r4, r3]
20000700:	2f00      	cmp	r7, #0
20000702:	d100      	bne.n	20000706 <dcd_rp2040_irq+0x266>
20000704:	e71e      	b.n	20000544 <dcd_rp2040_irq+0xa4>
20000706:	3302      	adds	r3, #2
20000708:	5ce2      	ldrb	r2, [r4, r3]
2000070a:	2a00      	cmp	r2, #0
2000070c:	d000      	beq.n	20000710 <dcd_rp2040_irq+0x270>
2000070e:	e12a      	b.n	20000966 <dcd_rp2040_irq+0x4c6>
20000710:	003e      	movs	r6, r7
20000712:	e717      	b.n	20000544 <dcd_rp2040_irq+0xa4>
20000714:	4b3f      	ldr	r3, [pc, #252]	@ (20000814 <dcd_rp2040_irq+0x374>)
20000716:	5ce7      	ldrb	r7, [r4, r3]
20000718:	2f00      	cmp	r7, #0
2000071a:	d100      	bne.n	2000071e <dcd_rp2040_irq+0x27e>
2000071c:	e70d      	b.n	2000053a <dcd_rp2040_irq+0x9a>
2000071e:	3302      	adds	r3, #2
20000720:	5ce2      	ldrb	r2, [r4, r3]
20000722:	2a00      	cmp	r2, #0
20000724:	d000      	beq.n	20000728 <dcd_rp2040_irq+0x288>
20000726:	e116      	b.n	20000956 <dcd_rp2040_irq+0x4b6>
20000728:	003e      	movs	r6, r7
2000072a:	e706      	b.n	2000053a <dcd_rp2040_irq+0x9a>
2000072c:	4b3a      	ldr	r3, [pc, #232]	@ (20000818 <dcd_rp2040_irq+0x378>)
2000072e:	5ce7      	ldrb	r7, [r4, r3]
20000730:	2f00      	cmp	r7, #0
20000732:	d100      	bne.n	20000736 <dcd_rp2040_irq+0x296>
20000734:	e6fc      	b.n	20000530 <dcd_rp2040_irq+0x90>
20000736:	3302      	adds	r3, #2
20000738:	5ce2      	ldrb	r2, [r4, r3]
2000073a:	2a00      	cmp	r2, #0
2000073c:	d000      	beq.n	20000740 <dcd_rp2040_irq+0x2a0>
2000073e:	e102      	b.n	20000946 <dcd_rp2040_irq+0x4a6>
20000740:	003e      	movs	r6, r7
20000742:	e6f5      	b.n	20000530 <dcd_rp2040_irq+0x90>
20000744:	4b35      	ldr	r3, [pc, #212]	@ (2000081c <dcd_rp2040_irq+0x37c>)
20000746:	5ce7      	ldrb	r7, [r4, r3]
20000748:	2f00      	cmp	r7, #0
2000074a:	d100      	bne.n	2000074e <dcd_rp2040_irq+0x2ae>
2000074c:	e6eb      	b.n	20000526 <dcd_rp2040_irq+0x86>
2000074e:	3302      	adds	r3, #2
20000750:	5ce2      	ldrb	r2, [r4, r3]
20000752:	2a00      	cmp	r2, #0
20000754:	d000      	beq.n	20000758 <dcd_rp2040_irq+0x2b8>
20000756:	e0ee      	b.n	20000936 <dcd_rp2040_irq+0x496>
20000758:	003e      	movs	r6, r7
2000075a:	e6e4      	b.n	20000526 <dcd_rp2040_irq+0x86>
2000075c:	33f9      	adds	r3, #249	@ 0xf9
2000075e:	33ff      	adds	r3, #255	@ 0xff
20000760:	5ce7      	ldrb	r7, [r4, r3]
20000762:	2f00      	cmp	r7, #0
20000764:	d100      	bne.n	20000768 <dcd_rp2040_irq+0x2c8>
20000766:	e6d9      	b.n	2000051c <dcd_rp2040_irq+0x7c>
20000768:	3302      	adds	r3, #2
2000076a:	5ce2      	ldrb	r2, [r4, r3]
2000076c:	2a00      	cmp	r2, #0
2000076e:	d000      	beq.n	20000772 <dcd_rp2040_irq+0x2d2>
20000770:	e0d8      	b.n	20000924 <dcd_rp2040_irq+0x484>
20000772:	003e      	movs	r6, r7
20000774:	e6d2      	b.n	2000051c <dcd_rp2040_irq+0x7c>
20000776:	33b9      	adds	r3, #185	@ 0xb9
20000778:	33ff      	adds	r3, #255	@ 0xff
2000077a:	5ce7      	ldrb	r7, [r4, r3]
2000077c:	2f00      	cmp	r7, #0
2000077e:	d100      	bne.n	20000782 <dcd_rp2040_irq+0x2e2>
20000780:	e6c6      	b.n	20000510 <dcd_rp2040_irq+0x70>
20000782:	3302      	adds	r3, #2
20000784:	5ce2      	ldrb	r2, [r4, r3]
20000786:	2a00      	cmp	r2, #0
20000788:	d000      	beq.n	2000078c <dcd_rp2040_irq+0x2ec>
2000078a:	e0c2      	b.n	20000912 <dcd_rp2040_irq+0x472>
2000078c:	003e      	movs	r6, r7
2000078e:	e6bf      	b.n	20000510 <dcd_rp2040_irq+0x70>
20000790:	3379      	adds	r3, #121	@ 0x79
20000792:	33ff      	adds	r3, #255	@ 0xff
20000794:	5ce7      	ldrb	r7, [r4, r3]
20000796:	2f00      	cmp	r7, #0
20000798:	d100      	bne.n	2000079c <dcd_rp2040_irq+0x2fc>
2000079a:	e6b3      	b.n	20000504 <dcd_rp2040_irq+0x64>
2000079c:	3302      	adds	r3, #2
2000079e:	5ce2      	ldrb	r2, [r4, r3]
200007a0:	2a00      	cmp	r2, #0
200007a2:	d000      	beq.n	200007a6 <dcd_rp2040_irq+0x306>
200007a4:	e0ac      	b.n	20000900 <dcd_rp2040_irq+0x460>
200007a6:	003e      	movs	r6, r7
200007a8:	e6ac      	b.n	20000504 <dcd_rp2040_irq+0x64>
200007aa:	3339      	adds	r3, #57	@ 0x39
200007ac:	33ff      	adds	r3, #255	@ 0xff
200007ae:	5ce7      	ldrb	r7, [r4, r3]
200007b0:	2f00      	cmp	r7, #0
200007b2:	d100      	bne.n	200007b6 <dcd_rp2040_irq+0x316>
200007b4:	e6a0      	b.n	200004f8 <dcd_rp2040_irq+0x58>
200007b6:	3302      	adds	r3, #2
200007b8:	5ce2      	ldrb	r2, [r4, r3]
200007ba:	2a00      	cmp	r2, #0
200007bc:	d000      	beq.n	200007c0 <dcd_rp2040_irq+0x320>
200007be:	e096      	b.n	200008ee <dcd_rp2040_irq+0x44e>
200007c0:	003e      	movs	r6, r7
200007c2:	e699      	b.n	200004f8 <dcd_rp2040_irq+0x58>
200007c4:	50110000 	.word	0x50110000
200007c8:	40054000 	.word	0x40054000
200007cc:	20001dd0 	.word	0x20001dd0
200007d0:	20001dc0 	.word	0x20001dc0
200007d4:	0000023b 	.word	0x0000023b
200007d8:	0000027b 	.word	0x0000027b
200007dc:	000002bb 	.word	0x000002bb
200007e0:	000002fb 	.word	0x000002fb
200007e4:	0000033b 	.word	0x0000033b
200007e8:	0000037b 	.word	0x0000037b
200007ec:	000003bb 	.word	0x000003bb
200007f0:	000003fb 	.word	0x000003fb
200007f4:	2000239e 	.word	0x2000239e
200007f8:	50113000 	.word	0x50113000
200007fc:	00020010 	.word	0x00020010
20000800:	50100000 	.word	0x50100000
20000804:	0000037a 	.word	0x0000037a
20000808:	000003fa 	.word	0x000003fa
2000080c:	0000033a 	.word	0x0000033a
20000810:	000002fa 	.word	0x000002fa
20000814:	000002ba 	.word	0x000002ba
20000818:	0000027a 	.word	0x0000027a
2000081c:	0000023a 	.word	0x0000023a
20000820:	33f8      	adds	r3, #248	@ 0xf8
20000822:	5ce7      	ldrb	r7, [r4, r3]
20000824:	2f00      	cmp	r7, #0
20000826:	d100      	bne.n	2000082a <dcd_rp2040_irq+0x38a>
20000828:	e660      	b.n	200004ec <dcd_rp2040_irq+0x4c>
2000082a:	3302      	adds	r3, #2
2000082c:	5ce2      	ldrb	r2, [r4, r3]
2000082e:	2a00      	cmp	r2, #0
20000830:	d155      	bne.n	200008de <dcd_rp2040_irq+0x43e>
20000832:	003e      	movs	r6, r7
20000834:	e65a      	b.n	200004ec <dcd_rp2040_irq+0x4c>
20000836:	33b8      	adds	r3, #184	@ 0xb8
20000838:	5ce7      	ldrb	r7, [r4, r3]
2000083a:	2f00      	cmp	r7, #0
2000083c:	d100      	bne.n	20000840 <dcd_rp2040_irq+0x3a0>
2000083e:	e650      	b.n	200004e2 <dcd_rp2040_irq+0x42>
20000840:	3302      	adds	r3, #2
20000842:	5ce2      	ldrb	r2, [r4, r3]
20000844:	2a00      	cmp	r2, #0
20000846:	d142      	bne.n	200008ce <dcd_rp2040_irq+0x42e>
20000848:	003e      	movs	r6, r7
2000084a:	e64a      	b.n	200004e2 <dcd_rp2040_irq+0x42>
2000084c:	3378      	adds	r3, #120	@ 0x78
2000084e:	5ce7      	ldrb	r7, [r4, r3]
20000850:	2f00      	cmp	r7, #0
20000852:	d100      	bne.n	20000856 <dcd_rp2040_irq+0x3b6>
20000854:	e640      	b.n	200004d8 <dcd_rp2040_irq+0x38>
20000856:	3302      	adds	r3, #2
20000858:	5ce2      	ldrb	r2, [r4, r3]
2000085a:	2a00      	cmp	r2, #0
2000085c:	d12f      	bne.n	200008be <dcd_rp2040_irq+0x41e>
2000085e:	003e      	movs	r6, r7
20000860:	e63a      	b.n	200004d8 <dcd_rp2040_irq+0x38>
20000862:	4b4f      	ldr	r3, [pc, #316]	@ (200009a0 <dcd_rp2040_irq+0x500>)
20000864:	5ce3      	ldrb	r3, [r4, r3]
20000866:	2b00      	cmp	r3, #0
20000868:	d100      	bne.n	2000086c <dcd_rp2040_irq+0x3cc>
2000086a:	e67a      	b.n	20000562 <dcd_rp2040_irq+0xc2>
2000086c:	23ef      	movs	r3, #239	@ 0xef
2000086e:	009b      	lsls	r3, r3, #2
20000870:	5ce2      	ldrb	r2, [r4, r3]
20000872:	2a00      	cmp	r2, #0
20000874:	d100      	bne.n	20000878 <dcd_rp2040_irq+0x3d8>
20000876:	e72a      	b.n	200006ce <dcd_rp2040_irq+0x22e>
20000878:	2200      	movs	r2, #0
2000087a:	54e2      	strb	r2, [r4, r3]
2000087c:	3b1c      	subs	r3, #28
2000087e:	18e0      	adds	r0, r4, r3
20000880:	f000 f964 	bl	20000b4c <hw_endpoint_start_next_buffer>
20000884:	e723      	b.n	200006ce <dcd_rp2040_irq+0x22e>
20000886:	4b46      	ldr	r3, [pc, #280]	@ (200009a0 <dcd_rp2040_irq+0x500>)
20000888:	5ce3      	ldrb	r3, [r4, r3]
2000088a:	2b00      	cmp	r3, #0
2000088c:	d1ee      	bne.n	2000086c <dcd_rp2040_irq+0x3cc>
2000088e:	4b45      	ldr	r3, [pc, #276]	@ (200009a4 <dcd_rp2040_irq+0x504>)
20000890:	5ce3      	ldrb	r3, [r4, r3]
20000892:	2b02      	cmp	r3, #2
20000894:	d000      	beq.n	20000898 <dcd_rp2040_irq+0x3f8>
20000896:	e674      	b.n	20000582 <dcd_rp2040_irq+0xe2>
20000898:	003e      	movs	r6, r7
2000089a:	4b43      	ldr	r3, [pc, #268]	@ (200009a8 <dcd_rp2040_irq+0x508>)
2000089c:	5ce3      	ldrb	r3, [r4, r3]
2000089e:	2b00      	cmp	r3, #0
200008a0:	d100      	bne.n	200008a4 <dcd_rp2040_irq+0x404>
200008a2:	e663      	b.n	2000056c <dcd_rp2040_irq+0xcc>
200008a4:	23ff      	movs	r3, #255	@ 0xff
200008a6:	009b      	lsls	r3, r3, #2
200008a8:	5ce2      	ldrb	r2, [r4, r3]
200008aa:	2a00      	cmp	r2, #0
200008ac:	d100      	bne.n	200008b0 <dcd_rp2040_irq+0x410>
200008ae:	e668      	b.n	20000582 <dcd_rp2040_irq+0xe2>
200008b0:	2200      	movs	r2, #0
200008b2:	54e2      	strb	r2, [r4, r3]
200008b4:	3b1c      	subs	r3, #28
200008b6:	18e0      	adds	r0, r4, r3
200008b8:	f000 f948 	bl	20000b4c <hw_endpoint_start_next_buffer>
200008bc:	e661      	b.n	20000582 <dcd_rp2040_irq+0xe2>
200008be:	0020      	movs	r0, r4
200008c0:	2200      	movs	r2, #0
200008c2:	3060      	adds	r0, #96	@ 0x60
200008c4:	54e2      	strb	r2, [r4, r3]
200008c6:	003e      	movs	r6, r7
200008c8:	f000 f940 	bl	20000b4c <hw_endpoint_start_next_buffer>
200008cc:	e604      	b.n	200004d8 <dcd_rp2040_irq+0x38>
200008ce:	0020      	movs	r0, r4
200008d0:	2200      	movs	r2, #0
200008d2:	30a0      	adds	r0, #160	@ 0xa0
200008d4:	54e2      	strb	r2, [r4, r3]
200008d6:	003e      	movs	r6, r7
200008d8:	f000 f938 	bl	20000b4c <hw_endpoint_start_next_buffer>
200008dc:	e601      	b.n	200004e2 <dcd_rp2040_irq+0x42>
200008de:	0020      	movs	r0, r4
200008e0:	2200      	movs	r2, #0
200008e2:	30e0      	adds	r0, #224	@ 0xe0
200008e4:	54e2      	strb	r2, [r4, r3]
200008e6:	003e      	movs	r6, r7
200008e8:	f000 f930 	bl	20000b4c <hw_endpoint_start_next_buffer>
200008ec:	e5fe      	b.n	200004ec <dcd_rp2040_irq+0x4c>
200008ee:	0020      	movs	r0, r4
200008f0:	2200      	movs	r2, #0
200008f2:	3021      	adds	r0, #33	@ 0x21
200008f4:	30ff      	adds	r0, #255	@ 0xff
200008f6:	54e2      	strb	r2, [r4, r3]
200008f8:	003e      	movs	r6, r7
200008fa:	f000 f927 	bl	20000b4c <hw_endpoint_start_next_buffer>
200008fe:	e5fb      	b.n	200004f8 <dcd_rp2040_irq+0x58>
20000900:	0020      	movs	r0, r4
20000902:	2200      	movs	r2, #0
20000904:	3061      	adds	r0, #97	@ 0x61
20000906:	30ff      	adds	r0, #255	@ 0xff
20000908:	54e2      	strb	r2, [r4, r3]
2000090a:	003e      	movs	r6, r7
2000090c:	f000 f91e 	bl	20000b4c <hw_endpoint_start_next_buffer>
20000910:	e5f8      	b.n	20000504 <dcd_rp2040_irq+0x64>
20000912:	0020      	movs	r0, r4
20000914:	2200      	movs	r2, #0
20000916:	30a1      	adds	r0, #161	@ 0xa1
20000918:	30ff      	adds	r0, #255	@ 0xff
2000091a:	54e2      	strb	r2, [r4, r3]
2000091c:	003e      	movs	r6, r7
2000091e:	f000 f915 	bl	20000b4c <hw_endpoint_start_next_buffer>
20000922:	e5f5      	b.n	20000510 <dcd_rp2040_irq+0x70>
20000924:	0020      	movs	r0, r4
20000926:	2200      	movs	r2, #0
20000928:	30e1      	adds	r0, #225	@ 0xe1
2000092a:	30ff      	adds	r0, #255	@ 0xff
2000092c:	54e2      	strb	r2, [r4, r3]
2000092e:	003e      	movs	r6, r7
20000930:	f000 f90c 	bl	20000b4c <hw_endpoint_start_next_buffer>
20000934:	e5f2      	b.n	2000051c <dcd_rp2040_irq+0x7c>
20000936:	2200      	movs	r2, #0
20000938:	54e2      	strb	r2, [r4, r3]
2000093a:	3b1c      	subs	r3, #28
2000093c:	18e0      	adds	r0, r4, r3
2000093e:	f000 f905 	bl	20000b4c <hw_endpoint_start_next_buffer>
20000942:	003e      	movs	r6, r7
20000944:	e5ef      	b.n	20000526 <dcd_rp2040_irq+0x86>
20000946:	2200      	movs	r2, #0
20000948:	54e2      	strb	r2, [r4, r3]
2000094a:	3b1c      	subs	r3, #28
2000094c:	18e0      	adds	r0, r4, r3
2000094e:	f000 f8fd 	bl	20000b4c <hw_endpoint_start_next_buffer>
20000952:	003e      	movs	r6, r7
20000954:	e5ec      	b.n	20000530 <dcd_rp2040_irq+0x90>
20000956:	2200      	movs	r2, #0
20000958:	54e2      	strb	r2, [r4, r3]
2000095a:	3b1c      	subs	r3, #28
2000095c:	18e0      	adds	r0, r4, r3
2000095e:	f000 f8f5 	bl	20000b4c <hw_endpoint_start_next_buffer>
20000962:	003e      	movs	r6, r7
20000964:	e5e9      	b.n	2000053a <dcd_rp2040_irq+0x9a>
20000966:	2200      	movs	r2, #0
20000968:	54e2      	strb	r2, [r4, r3]
2000096a:	3b1c      	subs	r3, #28
2000096c:	18e0      	adds	r0, r4, r3
2000096e:	f000 f8ed 	bl	20000b4c <hw_endpoint_start_next_buffer>
20000972:	003e      	movs	r6, r7
20000974:	e5e6      	b.n	20000544 <dcd_rp2040_irq+0xa4>
20000976:	2200      	movs	r2, #0
20000978:	54e2      	strb	r2, [r4, r3]
2000097a:	3b1c      	subs	r3, #28
2000097c:	18e0      	adds	r0, r4, r3
2000097e:	f000 f8e5 	bl	20000b4c <hw_endpoint_start_next_buffer>
20000982:	003e      	movs	r6, r7
20000984:	e5e3      	b.n	2000054e <dcd_rp2040_irq+0xae>
20000986:	2200      	movs	r2, #0
20000988:	54e2      	strb	r2, [r4, r3]
2000098a:	3b1c      	subs	r3, #28
2000098c:	18e0      	adds	r0, r4, r3
2000098e:	f000 f8dd 	bl	20000b4c <hw_endpoint_start_next_buffer>
20000992:	e697      	b.n	200006c4 <dcd_rp2040_irq+0x224>
20000994:	0021      	movs	r1, r4
20000996:	4805      	ldr	r0, [pc, #20]	@ (200009ac <dcd_rp2040_irq+0x50c>)
20000998:	4069      	eors	r1, r5
2000099a:	f000 fa15 	bl	20000dc8 <__panic_veneer>
2000099e:	46c0      	nop			@ (mov r8, r8)
200009a0:	000003ba 	.word	0x000003ba
200009a4:	000003fb 	.word	0x000003fb
200009a8:	000003fa 	.word	0x000003fa
200009ac:	10006244 	.word	0x10006244

200009b0 <e15_is_bulkin_ep>:
200009b0:	4a08      	ldr	r2, [pc, #32]	@ (200009d4 <e15_is_bulkin_ep+0x24>)
200009b2:	0003      	movs	r3, r0
200009b4:	6c12      	ldr	r2, [r2, #64]	@ 0x40
200009b6:	2000      	movs	r0, #0
200009b8:	0792      	lsls	r2, r2, #30
200009ba:	d403      	bmi.n	200009c4 <e15_is_bulkin_ep+0x14>
200009bc:	789a      	ldrb	r2, [r3, #2]
200009be:	09d2      	lsrs	r2, r2, #7
200009c0:	2a01      	cmp	r2, #1
200009c2:	d000      	beq.n	200009c6 <e15_is_bulkin_ep+0x16>
200009c4:	4770      	bx	lr
200009c6:	7ed8      	ldrb	r0, [r3, #27]
200009c8:	3802      	subs	r0, #2
200009ca:	4243      	negs	r3, r0
200009cc:	4158      	adcs	r0, r3
200009ce:	b2c0      	uxtb	r0, r0
200009d0:	e7f8      	b.n	200009c4 <e15_is_bulkin_ep+0x14>
200009d2:	46c0      	nop			@ (mov r8, r8)
200009d4:	50110000 	.word	0x50110000

200009d8 <e15_is_critical_frame_period>:
200009d8:	b510      	push	{r4, lr}
200009da:	f7ff ffe9 	bl	200009b0 <e15_is_bulkin_ep>
200009de:	2800      	cmp	r0, #0
200009e0:	d00c      	beq.n	200009fc <e15_is_critical_frame_period+0x24>
200009e2:	4907      	ldr	r1, [pc, #28]	@ (20000a00 <e15_is_critical_frame_period+0x28>)
200009e4:	4b07      	ldr	r3, [pc, #28]	@ (20000a04 <e15_is_critical_frame_period+0x2c>)
200009e6:	468c      	mov	ip, r1
200009e8:	4a07      	ldr	r2, [pc, #28]	@ (20000a08 <e15_is_critical_frame_period+0x30>)
200009ea:	6a9b      	ldr	r3, [r3, #40]	@ 0x28
200009ec:	6812      	ldr	r2, [r2, #0]
200009ee:	4463      	add	r3, ip
200009f0:	1a9b      	subs	r3, r3, r2
200009f2:	2000      	movs	r0, #0
200009f4:	22c6      	movs	r2, #198	@ 0xc6
200009f6:	429a      	cmp	r2, r3
200009f8:	4140      	adcs	r0, r0
200009fa:	b2c0      	uxtb	r0, r0
200009fc:	bd10      	pop	{r4, pc}
200009fe:	46c0      	nop			@ (mov r8, r8)
20000a00:	fffffce0 	.word	0xfffffce0
20000a04:	40054000 	.word	0x40054000
20000a08:	20001dc0 	.word	0x20001dc0

20000a0c <prepare_ep_buffer>:
20000a0c:	b5f8      	push	{r3, r4, r5, r6, r7, lr}
20000a0e:	8b02      	ldrh	r2, [r0, #24]
20000a10:	8a83      	ldrh	r3, [r0, #20]
20000a12:	0004      	movs	r4, r0
20000a14:	000f      	movs	r7, r1
20000a16:	1c16      	adds	r6, r2, #0
20000a18:	429a      	cmp	r2, r3
20000a1a:	d900      	bls.n	20000a1e <prepare_ep_buffer+0x12>
20000a1c:	1c1e      	adds	r6, r3, #0
20000a1e:	78e2      	ldrb	r2, [r4, #3]
20000a20:	2180      	movs	r1, #128	@ 0x80
20000a22:	0015      	movs	r5, r2
20000a24:	1e68      	subs	r0, r5, #1
20000a26:	4185      	sbcs	r5, r0
20000a28:	b2b6      	uxth	r6, r6
20000a2a:	00c9      	lsls	r1, r1, #3
20000a2c:	4331      	orrs	r1, r6
20000a2e:	036d      	lsls	r5, r5, #13
20000a30:	430d      	orrs	r5, r1
20000a32:	2101      	movs	r1, #1
20000a34:	404a      	eors	r2, r1
20000a36:	1b9b      	subs	r3, r3, r6
20000a38:	70e2      	strb	r2, [r4, #3]
20000a3a:	7862      	ldrb	r2, [r4, #1]
20000a3c:	b29b      	uxth	r3, r3
20000a3e:	82a3      	strh	r3, [r4, #20]
20000a40:	2a00      	cmp	r2, #0
20000a42:	d009      	beq.n	20000a58 <prepare_ep_buffer+0x4c>
20000a44:	2b00      	cmp	r3, #0
20000a46:	d102      	bne.n	20000a4e <prepare_ep_buffer+0x42>
20000a48:	2380      	movs	r3, #128	@ 0x80
20000a4a:	01db      	lsls	r3, r3, #7
20000a4c:	431d      	orrs	r5, r3
20000a4e:	2f00      	cmp	r7, #0
20000a50:	d000      	beq.n	20000a54 <prepare_ep_buffer+0x48>
20000a52:	042d      	lsls	r5, r5, #16
20000a54:	0028      	movs	r0, r5
20000a56:	bdf8      	pop	{r3, r4, r5, r6, r7, pc}
20000a58:	68e0      	ldr	r0, [r4, #12]
20000a5a:	01bb      	lsls	r3, r7, #6
20000a5c:	18c0      	adds	r0, r0, r3
20000a5e:	0032      	movs	r2, r6
20000a60:	6921      	ldr	r1, [r4, #16]
20000a62:	f000 f989 	bl	20000d78 <____wrap_memcpy_veneer>
20000a66:	6923      	ldr	r3, [r4, #16]
20000a68:	199b      	adds	r3, r3, r6
20000a6a:	6123      	str	r3, [r4, #16]
20000a6c:	2380      	movs	r3, #128	@ 0x80
20000a6e:	021b      	lsls	r3, r3, #8
20000a70:	431d      	orrs	r5, r3
20000a72:	8aa3      	ldrh	r3, [r4, #20]
20000a74:	e7e6      	b.n	20000a44 <prepare_ep_buffer+0x38>
20000a76:	46c0      	nop			@ (mov r8, r8)

20000a78 <sync_ep_buffer>:
20000a78:	6883      	ldr	r3, [r0, #8]
20000a7a:	b570      	push	{r4, r5, r6, lr}
20000a7c:	0004      	movs	r4, r0
20000a7e:	681d      	ldr	r5, [r3, #0]
20000a80:	2900      	cmp	r1, #0
20000a82:	d000      	beq.n	20000a86 <sync_ep_buffer+0xe>
20000a84:	0c2d      	lsrs	r5, r5, #16
20000a86:	7863      	ldrb	r3, [r4, #1]
20000a88:	05ad      	lsls	r5, r5, #22
20000a8a:	0dad      	lsrs	r5, r5, #22
20000a8c:	2b00      	cmp	r3, #0
20000a8e:	d109      	bne.n	20000aa4 <sync_ep_buffer+0x2c>
20000a90:	8ae3      	ldrh	r3, [r4, #22]
20000a92:	18eb      	adds	r3, r5, r3
20000a94:	82e3      	strh	r3, [r4, #22]
20000a96:	8b23      	ldrh	r3, [r4, #24]
20000a98:	42ab      	cmp	r3, r5
20000a9a:	d901      	bls.n	20000aa0 <sync_ep_buffer+0x28>
20000a9c:	2300      	movs	r3, #0
20000a9e:	82a3      	strh	r3, [r4, #20]
20000aa0:	0028      	movs	r0, r5
20000aa2:	bd70      	pop	{r4, r5, r6, pc}
20000aa4:	68e3      	ldr	r3, [r4, #12]
20000aa6:	0189      	lsls	r1, r1, #6
20000aa8:	1859      	adds	r1, r3, r1
20000aaa:	002a      	movs	r2, r5
20000aac:	6920      	ldr	r0, [r4, #16]
20000aae:	f000 f963 	bl	20000d78 <____wrap_memcpy_veneer>
20000ab2:	8ae3      	ldrh	r3, [r4, #22]
20000ab4:	18eb      	adds	r3, r5, r3
20000ab6:	82e3      	strh	r3, [r4, #22]
20000ab8:	6923      	ldr	r3, [r4, #16]
20000aba:	195b      	adds	r3, r3, r5
20000abc:	6123      	str	r3, [r4, #16]
20000abe:	e7ea      	b.n	20000a96 <sync_ep_buffer+0x1e>

20000ac0 <_hw_endpoint_xfer_sync>:
20000ac0:	b510      	push	{r4, lr}
20000ac2:	0004      	movs	r4, r0
20000ac4:	6883      	ldr	r3, [r0, #8]
20000ac6:	2100      	movs	r1, #0
20000ac8:	681b      	ldr	r3, [r3, #0]
20000aca:	f7ff ffd5 	bl	20000a78 <sync_ep_buffer>
20000ace:	6863      	ldr	r3, [r4, #4]
20000ad0:	681b      	ldr	r3, [r3, #0]
20000ad2:	005b      	lsls	r3, r3, #1
20000ad4:	d502      	bpl.n	20000adc <_hw_endpoint_xfer_sync+0x1c>
20000ad6:	8b23      	ldrh	r3, [r4, #24]
20000ad8:	4283      	cmp	r3, r0
20000ada:	d000      	beq.n	20000ade <_hw_endpoint_xfer_sync+0x1e>
20000adc:	bd10      	pop	{r4, pc}
20000ade:	2101      	movs	r1, #1
20000ae0:	0020      	movs	r0, r4
20000ae2:	f7ff ffc9 	bl	20000a78 <sync_ep_buffer>
20000ae6:	e7f9      	b.n	20000adc <_hw_endpoint_xfer_sync+0x1c>

20000ae8 <hw_endpoint_reset_transfer>:
20000ae8:	2300      	movs	r3, #0
20000aea:	7683      	strb	r3, [r0, #26]
20000aec:	6143      	str	r3, [r0, #20]
20000aee:	6103      	str	r3, [r0, #16]
20000af0:	4770      	bx	lr
20000af2:	46c0      	nop			@ (mov r8, r8)

20000af4 <_hw_endpoint_buffer_control_update32>:
20000af4:	b510      	push	{r4, lr}
20000af6:	6883      	ldr	r3, [r0, #8]
20000af8:	2900      	cmp	r1, #0
20000afa:	d001      	beq.n	20000b00 <_hw_endpoint_buffer_control_update32+0xc>
20000afc:	681c      	ldr	r4, [r3, #0]
20000afe:	4021      	ands	r1, r4
20000b00:	2a00      	cmp	r2, #0
20000b02:	d011      	beq.n	20000b28 <_hw_endpoint_buffer_control_update32+0x34>
20000b04:	2480      	movs	r4, #128	@ 0x80
20000b06:	00e4      	lsls	r4, r4, #3
20000b08:	4311      	orrs	r1, r2
20000b0a:	4222      	tst	r2, r4
20000b0c:	d00c      	beq.n	20000b28 <_hw_endpoint_buffer_control_update32+0x34>
20000b0e:	681a      	ldr	r2, [r3, #0]
20000b10:	4222      	tst	r2, r4
20000b12:	d10b      	bne.n	20000b2c <_hw_endpoint_buffer_control_update32+0x38>
20000b14:	4a0a      	ldr	r2, [pc, #40]	@ (20000b40 <_hw_endpoint_buffer_control_update32+0x4c>)
20000b16:	400a      	ands	r2, r1
20000b18:	601a      	str	r2, [r3, #0]
20000b1a:	e7ff      	b.n	20000b1c <_hw_endpoint_buffer_control_update32+0x28>
20000b1c:	e7ff      	b.n	20000b1e <_hw_endpoint_buffer_control_update32+0x2a>
20000b1e:	e7ff      	b.n	20000b20 <_hw_endpoint_buffer_control_update32+0x2c>
20000b20:	e7ff      	b.n	20000b22 <_hw_endpoint_buffer_control_update32+0x2e>
20000b22:	e7ff      	b.n	20000b24 <_hw_endpoint_buffer_control_update32+0x30>
20000b24:	e7ff      	b.n	20000b26 <_hw_endpoint_buffer_control_update32+0x32>
20000b26:	6883      	ldr	r3, [r0, #8]
20000b28:	6019      	str	r1, [r3, #0]
20000b2a:	bd10      	pop	{r4, pc}
20000b2c:	7881      	ldrb	r1, [r0, #2]
20000b2e:	207f      	movs	r0, #127	@ 0x7f
20000b30:	09ca      	lsrs	r2, r1, #7
20000b32:	4b04      	ldr	r3, [pc, #16]	@ (20000b44 <_hw_endpoint_buffer_control_update32+0x50>)
20000b34:	0092      	lsls	r2, r2, #2
20000b36:	4001      	ands	r1, r0
20000b38:	58d2      	ldr	r2, [r2, r3]
20000b3a:	4803      	ldr	r0, [pc, #12]	@ (20000b48 <_hw_endpoint_buffer_control_update32+0x54>)
20000b3c:	f000 f944 	bl	20000dc8 <__panic_veneer>
20000b40:	fffffbff 	.word	0xfffffbff
20000b44:	20000e98 	.word	0x20000e98
20000b48:	10006258 	.word	0x10006258

20000b4c <hw_endpoint_start_next_buffer>:
20000b4c:	6843      	ldr	r3, [r0, #4]
20000b4e:	b570      	push	{r4, r5, r6, lr}
20000b50:	2100      	movs	r1, #0
20000b52:	2580      	movs	r5, #128	@ 0x80
20000b54:	681e      	ldr	r6, [r3, #0]
20000b56:	0004      	movs	r4, r0
20000b58:	f7ff ff58 	bl	20000a0c <prepare_ep_buffer>
20000b5c:	4b13      	ldr	r3, [pc, #76]	@ (20000bac <hw_endpoint_start_next_buffer+0x60>)
20000b5e:	016d      	lsls	r5, r5, #5
20000b60:	6c1b      	ldr	r3, [r3, #64]	@ 0x40
20000b62:	4305      	orrs	r5, r0
20000b64:	079b      	lsls	r3, r3, #30
20000b66:	d50f      	bpl.n	20000b88 <hw_endpoint_start_next_buffer+0x3c>
20000b68:	78a3      	ldrb	r3, [r4, #2]
20000b6a:	065b      	lsls	r3, r3, #25
20000b6c:	d00f      	beq.n	20000b8e <hw_endpoint_start_next_buffer+0x42>
20000b6e:	4b10      	ldr	r3, [pc, #64]	@ (20000bb0 <hw_endpoint_start_next_buffer+0x64>)
20000b70:	401e      	ands	r6, r3
20000b72:	2380      	movs	r3, #128	@ 0x80
20000b74:	059b      	lsls	r3, r3, #22
20000b76:	4333      	orrs	r3, r6
20000b78:	6862      	ldr	r2, [r4, #4]
20000b7a:	2100      	movs	r1, #0
20000b7c:	6013      	str	r3, [r2, #0]
20000b7e:	0020      	movs	r0, r4
20000b80:	002a      	movs	r2, r5
20000b82:	f7ff ffb7 	bl	20000af4 <_hw_endpoint_buffer_control_update32>
20000b86:	bd70      	pop	{r4, r5, r6, pc}
20000b88:	78a3      	ldrb	r3, [r4, #2]
20000b8a:	09db      	lsrs	r3, r3, #7
20000b8c:	d0ef      	beq.n	20000b6e <hw_endpoint_start_next_buffer+0x22>
20000b8e:	8aa3      	ldrh	r3, [r4, #20]
20000b90:	2b00      	cmp	r3, #0
20000b92:	d0ec      	beq.n	20000b6e <hw_endpoint_start_next_buffer+0x22>
20000b94:	2101      	movs	r1, #1
20000b96:	0020      	movs	r0, r4
20000b98:	f7ff ff38 	bl	20000a0c <prepare_ep_buffer>
20000b9c:	23a0      	movs	r3, #160	@ 0xa0
20000b9e:	4a05      	ldr	r2, [pc, #20]	@ (20000bb4 <hw_endpoint_start_next_buffer+0x68>)
20000ba0:	05db      	lsls	r3, r3, #23
20000ba2:	4032      	ands	r2, r6
20000ba4:	4305      	orrs	r5, r0
20000ba6:	4313      	orrs	r3, r2
20000ba8:	e7e6      	b.n	20000b78 <hw_endpoint_start_next_buffer+0x2c>
20000baa:	46c0      	nop			@ (mov r8, r8)
20000bac:	50110000 	.word	0x50110000
20000bb0:	afffffff 	.word	0xafffffff
20000bb4:	dfffffff 	.word	0xdfffffff

20000bb8 <hw_endpoint_xfer_continue>:
20000bb8:	b570      	push	{r4, r5, r6, lr}
20000bba:	7e85      	ldrb	r5, [r0, #26]
20000bbc:	0004      	movs	r4, r0
20000bbe:	2d00      	cmp	r5, #0
20000bc0:	d014      	beq.n	20000bec <hw_endpoint_xfer_continue+0x34>
20000bc2:	f7ff ff7d 	bl	20000ac0 <_hw_endpoint_xfer_sync>
20000bc6:	8aa3      	ldrh	r3, [r4, #20]
20000bc8:	2b00      	cmp	r3, #0
20000bca:	d101      	bne.n	20000bd0 <hw_endpoint_xfer_continue+0x18>
20000bcc:	0028      	movs	r0, r5
20000bce:	bd70      	pop	{r4, r5, r6, pc}
20000bd0:	0020      	movs	r0, r4
20000bd2:	f7ff ff01 	bl	200009d8 <e15_is_critical_frame_period>
20000bd6:	2800      	cmp	r0, #0
20000bd8:	d003      	beq.n	20000be2 <hw_endpoint_xfer_continue+0x2a>
20000bda:	2301      	movs	r3, #1
20000bdc:	2500      	movs	r5, #0
20000bde:	7723      	strb	r3, [r4, #28]
20000be0:	e7f4      	b.n	20000bcc <hw_endpoint_xfer_continue+0x14>
20000be2:	0020      	movs	r0, r4
20000be4:	f7ff ffb2 	bl	20000b4c <hw_endpoint_start_next_buffer>
20000be8:	2500      	movs	r5, #0
20000bea:	e7ef      	b.n	20000bcc <hw_endpoint_xfer_continue+0x14>
20000bec:	7881      	ldrb	r1, [r0, #2]
20000bee:	207f      	movs	r0, #127	@ 0x7f
20000bf0:	09ca      	lsrs	r2, r1, #7
20000bf2:	4b03      	ldr	r3, [pc, #12]	@ (20000c00 <hw_endpoint_xfer_continue+0x48>)
20000bf4:	0092      	lsls	r2, r2, #2
20000bf6:	4001      	ands	r1, r0
20000bf8:	58d2      	ldr	r2, [r2, r3]
20000bfa:	4802      	ldr	r0, [pc, #8]	@ (20000c04 <hw_endpoint_xfer_continue+0x4c>)
20000bfc:	f000 f8e4 	bl	20000dc8 <__panic_veneer>
20000c00:	20000e98 	.word	0x20000e98
20000c04:	10006278 	.word	0x10006278

20000c08 <dcd_event_handler>:
20000c08:	b5f0      	push	{r4, r5, r6, r7, lr}
20000c0a:	46c6      	mov	lr, r8
20000c0c:	b500      	push	{lr}
20000c0e:	7843      	ldrb	r3, [r0, #1]
20000c10:	0005      	movs	r5, r0
20000c12:	b084      	sub	sp, #16
20000c14:	2b04      	cmp	r3, #4
20000c16:	d100      	bne.n	20000c1a <dcd_event_handler+0x12>
20000c18:	e078      	b.n	20000d0c <dcd_event_handler+0x104>
20000c1a:	d847      	bhi.n	20000cac <dcd_event_handler+0xa4>
20000c1c:	2b02      	cmp	r3, #2
20000c1e:	d100      	bne.n	20000c22 <dcd_event_handler+0x1a>
20000c20:	e086      	b.n	20000d30 <dcd_event_handler+0x128>
20000c22:	2b03      	cmp	r3, #3
20000c24:	d156      	bne.n	20000cd4 <dcd_event_handler+0xcc>
20000c26:	4f4e      	ldr	r7, [pc, #312]	@ (20000d60 <dcd_event_handler+0x158>)
20000c28:	4a4e      	ldr	r2, [pc, #312]	@ (20000d64 <dcd_event_handler+0x15c>)
20000c2a:	2400      	movs	r4, #0
20000c2c:	4690      	mov	r8, r2
20000c2e:	783b      	ldrb	r3, [r7, #0]
20000c30:	4e4d      	ldr	r6, [pc, #308]	@ (20000d68 <dcd_event_handler+0x160>)
20000c32:	e003      	b.n	20000c3c <dcd_event_handler+0x34>
20000c34:	3401      	adds	r4, #1
20000c36:	b2e4      	uxtb	r4, r4
20000c38:	429c      	cmp	r4, r3
20000c3a:	d816      	bhi.n	20000c6a <dcd_event_handler+0x62>
20000c3c:	2e00      	cmp	r6, #0
20000c3e:	d0f9      	beq.n	20000c34 <dcd_event_handler+0x2c>
20000c40:	429c      	cmp	r4, r3
20000c42:	d2f7      	bcs.n	20000c34 <dcd_event_handler+0x2c>
20000c44:	4641      	mov	r1, r8
20000c46:	0062      	lsls	r2, r4, #1
20000c48:	6809      	ldr	r1, [r1, #0]
20000c4a:	1912      	adds	r2, r2, r4
20000c4c:	00d2      	lsls	r2, r2, #3
20000c4e:	188a      	adds	r2, r1, r2
20000c50:	2a00      	cmp	r2, #0
20000c52:	d0ef      	beq.n	20000c34 <dcd_event_handler+0x2c>
20000c54:	6952      	ldr	r2, [r2, #20]
20000c56:	2a00      	cmp	r2, #0
20000c58:	d0ec      	beq.n	20000c34 <dcd_event_handler+0x2c>
20000c5a:	6869      	ldr	r1, [r5, #4]
20000c5c:	7828      	ldrb	r0, [r5, #0]
20000c5e:	4790      	blx	r2
20000c60:	3401      	adds	r4, #1
20000c62:	783b      	ldrb	r3, [r7, #0]
20000c64:	b2e4      	uxtb	r4, r4
20000c66:	429c      	cmp	r4, r3
20000c68:	d9e8      	bls.n	20000c3c <dcd_event_handler+0x34>
20000c6a:	4b40      	ldr	r3, [pc, #256]	@ (20000d6c <dcd_event_handler+0x164>)
20000c6c:	781a      	ldrb	r2, [r3, #0]
20000c6e:	0752      	lsls	r2, r2, #29
20000c70:	d548      	bpl.n	20000d04 <dcd_event_handler+0xfc>
20000c72:	2104      	movs	r1, #4
20000c74:	781a      	ldrb	r2, [r3, #0]
20000c76:	438a      	bics	r2, r1
20000c78:	701a      	strb	r2, [r3, #0]
20000c7a:	466b      	mov	r3, sp
20000c7c:	220a      	movs	r2, #10
20000c7e:	2100      	movs	r1, #0
20000c80:	1d98      	adds	r0, r3, #6
20000c82:	f000 f891 	bl	20000da8 <____wrap_memset_veneer>
20000c86:	466a      	mov	r2, sp
20000c88:	782b      	ldrb	r3, [r5, #0]
20000c8a:	7113      	strb	r3, [r2, #4]
20000c8c:	2305      	movs	r3, #5
20000c8e:	7153      	strb	r3, [r2, #5]
20000c90:	4b37      	ldr	r3, [pc, #220]	@ (20000d70 <dcd_event_handler+0x168>)
20000c92:	681c      	ldr	r4, [r3, #0]
20000c94:	6962      	ldr	r2, [r4, #20]
20000c96:	f3ef 8110 	mrs	r1, PRIMASK
20000c9a:	b672      	cpsid	i
20000c9c:	6813      	ldr	r3, [r2, #0]
20000c9e:	2b00      	cmp	r3, #0
20000ca0:	d0fc      	beq.n	20000c9c <dcd_event_handler+0x94>
20000ca2:	f3bf 8f5f 	dmb	sy
20000ca6:	61a1      	str	r1, [r4, #24]
20000ca8:	a901      	add	r1, sp, #4
20000caa:	e020      	b.n	20000cee <dcd_event_handler+0xe6>
20000cac:	2b05      	cmp	r3, #5
20000cae:	d111      	bne.n	20000cd4 <dcd_event_handler+0xcc>
20000cb0:	4b2e      	ldr	r3, [pc, #184]	@ (20000d6c <dcd_event_handler+0x164>)
20000cb2:	781a      	ldrb	r2, [r3, #0]
20000cb4:	07d2      	lsls	r2, r2, #31
20000cb6:	d525      	bpl.n	20000d04 <dcd_event_handler+0xfc>
20000cb8:	2104      	movs	r1, #4
20000cba:	781a      	ldrb	r2, [r3, #0]
20000cbc:	438a      	bics	r2, r1
20000cbe:	701a      	strb	r2, [r3, #0]
20000cc0:	4b2b      	ldr	r3, [pc, #172]	@ (20000d70 <dcd_event_handler+0x168>)
20000cc2:	681c      	ldr	r4, [r3, #0]
20000cc4:	6962      	ldr	r2, [r4, #20]
20000cc6:	f3ef 8110 	mrs	r1, PRIMASK
20000cca:	b672      	cpsid	i
20000ccc:	6813      	ldr	r3, [r2, #0]
20000cce:	2b00      	cmp	r3, #0
20000cd0:	d109      	bne.n	20000ce6 <dcd_event_handler+0xde>
20000cd2:	e7fb      	b.n	20000ccc <dcd_event_handler+0xc4>
20000cd4:	4b26      	ldr	r3, [pc, #152]	@ (20000d70 <dcd_event_handler+0x168>)
20000cd6:	681c      	ldr	r4, [r3, #0]
20000cd8:	6962      	ldr	r2, [r4, #20]
20000cda:	f3ef 8110 	mrs	r1, PRIMASK
20000cde:	b672      	cpsid	i
20000ce0:	6813      	ldr	r3, [r2, #0]
20000ce2:	2b00      	cmp	r3, #0
20000ce4:	d0fc      	beq.n	20000ce0 <dcd_event_handler+0xd8>
20000ce6:	f3bf 8f5f 	dmb	sy
20000cea:	61a1      	str	r1, [r4, #24]
20000cec:	0029      	movs	r1, r5
20000cee:	0020      	movs	r0, r4
20000cf0:	f000 f872 	bl	20000dd8 <__tu_fifo_write_veneer>
20000cf4:	6962      	ldr	r2, [r4, #20]
20000cf6:	69a3      	ldr	r3, [r4, #24]
20000cf8:	f3bf 8f5f 	dmb	sy
20000cfc:	2100      	movs	r1, #0
20000cfe:	6011      	str	r1, [r2, #0]
20000d00:	f383 8810 	msr	PRIMASK, r3
20000d04:	b004      	add	sp, #16
20000d06:	bc80      	pop	{r7}
20000d08:	46b8      	mov	r8, r7
20000d0a:	bdf0      	pop	{r4, r5, r6, r7, pc}
20000d0c:	4b17      	ldr	r3, [pc, #92]	@ (20000d6c <dcd_event_handler+0x164>)
20000d0e:	781a      	ldrb	r2, [r3, #0]
20000d10:	07d2      	lsls	r2, r2, #31
20000d12:	d5f7      	bpl.n	20000d04 <dcd_event_handler+0xfc>
20000d14:	2104      	movs	r1, #4
20000d16:	781a      	ldrb	r2, [r3, #0]
20000d18:	430a      	orrs	r2, r1
20000d1a:	701a      	strb	r2, [r3, #0]
20000d1c:	4b14      	ldr	r3, [pc, #80]	@ (20000d70 <dcd_event_handler+0x168>)
20000d1e:	681c      	ldr	r4, [r3, #0]
20000d20:	6962      	ldr	r2, [r4, #20]
20000d22:	f3ef 8110 	mrs	r1, PRIMASK
20000d26:	b672      	cpsid	i
20000d28:	6813      	ldr	r3, [r2, #0]
20000d2a:	2b00      	cmp	r3, #0
20000d2c:	d1db      	bne.n	20000ce6 <dcd_event_handler+0xde>
20000d2e:	e7fb      	b.n	20000d28 <dcd_event_handler+0x120>
20000d30:	2001      	movs	r0, #1
20000d32:	4a0e      	ldr	r2, [pc, #56]	@ (20000d6c <dcd_event_handler+0x164>)
20000d34:	7811      	ldrb	r1, [r2, #0]
20000d36:	4381      	bics	r1, r0
20000d38:	7011      	strb	r1, [r2, #0]
20000d3a:	7811      	ldrb	r1, [r2, #0]
20000d3c:	4399      	bics	r1, r3
20000d3e:	2300      	movs	r3, #0
20000d40:	7011      	strb	r1, [r2, #0]
20000d42:	2104      	movs	r1, #4
20000d44:	7053      	strb	r3, [r2, #1]
20000d46:	7813      	ldrb	r3, [r2, #0]
20000d48:	438b      	bics	r3, r1
20000d4a:	7013      	strb	r3, [r2, #0]
20000d4c:	4b08      	ldr	r3, [pc, #32]	@ (20000d70 <dcd_event_handler+0x168>)
20000d4e:	681c      	ldr	r4, [r3, #0]
20000d50:	6962      	ldr	r2, [r4, #20]
20000d52:	f3ef 8110 	mrs	r1, PRIMASK
20000d56:	b672      	cpsid	i
20000d58:	6813      	ldr	r3, [r2, #0]
20000d5a:	2b00      	cmp	r3, #0
20000d5c:	d1c3      	bne.n	20000ce6 <dcd_event_handler+0xde>
20000d5e:	e7fb      	b.n	20000d58 <dcd_event_handler+0x150>
20000d60:	2000239d 	.word	0x2000239d
20000d64:	200017e8 	.word	0x200017e8
20000d68:	10003015 	.word	0x10003015
20000d6c:	20001b10 	.word	0x20001b10
20000d70:	20001b68 	.word	0x20001b68

20000d74 <__aeabi_idiv0>:
20000d74:	4770      	bx	lr
20000d76:	46c0      	nop			@ (mov r8, r8)

20000d78 <____wrap_memcpy_veneer>:
20000d78:	b401      	push	{r0}
20000d7a:	4802      	ldr	r0, [pc, #8]	@ (20000d84 <____wrap_memcpy_veneer+0xc>)
20000d7c:	4684      	mov	ip, r0
20000d7e:	bc01      	pop	{r0}
20000d80:	4760      	bx	ip
20000d82:	bf00      	nop
20000d84:	10002d29 	.word	0x10002d29

20000d88 <____wrap___aeabi_lmul_veneer>:
20000d88:	b401      	push	{r0}
20000d8a:	4802      	ldr	r0, [pc, #8]	@ (20000d94 <____wrap___aeabi_lmul_veneer+0xc>)
20000d8c:	4684      	mov	ip, r0
20000d8e:	bc01      	pop	{r0}
20000d90:	4760      	bx	ip
20000d92:	bf00      	nop
20000d94:	10002ba1 	.word	0x10002ba1

20000d98 <__time_us_64_veneer>:
20000d98:	b401      	push	{r0}
20000d9a:	4802      	ldr	r0, [pc, #8]	@ (20000da4 <__time_us_64_veneer+0xc>)
20000d9c:	4684      	mov	ip, r0
20000d9e:	bc01      	pop	{r0}
20000da0:	4760      	bx	ip
20000da2:	bf00      	nop
20000da4:	10001e65 	.word	0x10001e65

20000da8 <____wrap_memset_veneer>:
20000da8:	b401      	push	{r0}
20000daa:	4802      	ldr	r0, [pc, #8]	@ (20000db4 <____wrap_memset_veneer+0xc>)
20000dac:	4684      	mov	ip, r0
20000dae:	bc01      	pop	{r0}
20000db0:	4760      	bx	ip
20000db2:	bf00      	nop
20000db4:	10002d1d 	.word	0x10002d1d

20000db8 <__best_effort_wfe_or_timeout_veneer>:
20000db8:	b401      	push	{r0}
20000dba:	4802      	ldr	r0, [pc, #8]	@ (20000dc4 <__best_effort_wfe_or_timeout_veneer+0xc>)
20000dbc:	4684      	mov	ip, r0
20000dbe:	bc01      	pop	{r0}
20000dc0:	4760      	bx	ip
20000dc2:	bf00      	nop
20000dc4:	10001cc5 	.word	0x10001cc5

20000dc8 <__panic_veneer>:
20000dc8:	b401      	push	{r0}
20000dca:	4802      	ldr	r0, [pc, #8]	@ (20000dd4 <__panic_veneer+0xc>)
20000dcc:	4684      	mov	ip, r0
20000dce:	bc01      	pop	{r0}
20000dd0:	4760      	bx	ip
20000dd2:	bf00      	nop
20000dd4:	10002949 	.word	0x10002949

20000dd8 <__tu_fifo_write_veneer>:
20000dd8:	b401      	push	{r0}
20000dda:	4802      	ldr	r0, [pc, #8]	@ (20000de4 <__tu_fifo_write_veneer+0xc>)
20000ddc:	4684      	mov	ip, r0
20000dde:	bc01      	pop	{r0}
20000de0:	4760      	bx	ip
20000de2:	bf00      	nop
20000de4:	10004f75 	.word	0x10004f75

20000de8 <global_brightness>:
20000de8:	                                         .

20000de9 <striped_spin_lock_num>:
20000de9:	                                         ...

20000dec <irq_handler_chain_slots>:
20000dec:	00000000 	.word	0x00000000
20000df0:	00010000 	.word	0x00010000
	...
20000dfc:	00020000 	.word	0x00020000
	...
20000e08:	00030000 	.word	0x00030000
	...
20000e14:	00ff0000 	.word	0x00ff0000
20000e18:	00000000 	.word	0x00000000

20000e1c <irq_handler_chain_first_slot>:
20000e1c:	b501      	push	{r0, lr}
20000e1e:	6848      	ldr	r0, [r1, #4]
20000e20:	3101      	adds	r1, #1
20000e22:	468e      	mov	lr, r1
20000e24:	4700      	bx	r0

20000e26 <irq_handler_chain_remove_tail>:
20000e26:	4670      	mov	r0, lr
20000e28:	3809      	subs	r0, #9
20000e2a:	4901      	ldr	r1, [pc, #4]	@ (20000e30 <irq_handler_chain_remove_tail+0xa>)
20000e2c:	4788      	blx	r1
20000e2e:	bd01      	pop	{r0, pc}
20000e30:	1000150d 	.word	0x1000150d

20000e34 <default_alarm_pool>:
20000e34:	20000e4c 00000000 20001470 20001d54     L.. ....p.. T.. 
	...

20000e4c <default_alarm_pool_heap>:
20000e4c:	20001d64 00000000 00000000 00000010     d.. ............
20000e5c:	00000000                                ....

20000e60 <aeabi_bits_funcs>:
20000e60:	00003350 	.word	0x00003350
20000e64:	0000334c 	.word	0x0000334c
20000e68:	00003354 	.word	0x00003354
20000e6c:	00003352 	.word	0x00003352

20000e70 <aeabi_bits_funcs_end>:
20000e70:	0000534d 	.word	0x0000534d
20000e74:	0000434d 	.word	0x0000434d
20000e78:	00003453 	.word	0x00003453
20000e7c:	00003443 	.word	0x00003443

20000e80 <stdio_usb>:
20000e80:	1000315d 00000000 100030cd 10003055     ]1.......0..U0..
20000e90:	00000000 00000100                       ........

20000e98 <ep_dir_string>:
20000e98:	100062a4 100062a8                       .b...b..

20000ea0 <_usbd_qdef>:
20000ea0:	20001b6c 000c0010 00000000 00000000     l.. ............
	...

20000ebc <_usbd_rhport>:
20000ebc:	000000ff                                ....

20000ec0 <i2c1_inst>:
20000ec0:	40048000 00000000                       ...@....

20000ec8 <i2c0_inst>:
20000ec8:	40044000 00000000                       .@.@....

20000ed0 <__malloc_sbrk_base>:
20000ed0:	ffffffff                                ....

20000ed4 <__malloc_trim_threshold>:
20000ed4:	00020000                                ....

20000ed8 <__malloc_av_>:
	...
20000ee0:	20000ed8 20000ed8 20000ee0 20000ee0     ... ... ... ... 
20000ef0:	20000ee8 20000ee8 20000ef0 20000ef0     ... ... ... ... 
20000f00:	20000ef8 20000ef8 20000f00 20000f00     ... ... ... ... 
20000f10:	20000f08 20000f08 20000f10 20000f10     ... ... ... ... 
20000f20:	20000f18 20000f18 20000f20 20000f20     ... ...  ..  .. 
20000f30:	20000f28 20000f28 20000f30 20000f30     (.. (.. 0.. 0.. 
20000f40:	20000f38 20000f38 20000f40 20000f40     8.. 8.. @.. @.. 
20000f50:	20000f48 20000f48 20000f50 20000f50     H.. H.. P.. P.. 
20000f60:	20000f58 20000f58 20000f60 20000f60     X.. X.. `.. `.. 
20000f70:	20000f68 20000f68 20000f70 20000f70     h.. h.. p.. p.. 
20000f80:	20000f78 20000f78 20000f80 20000f80     x.. x.. ... ... 
20000f90:	20000f88 20000f88 20000f90 20000f90     ... ... ... ... 
20000fa0:	20000f98 20000f98 20000fa0 20000fa0     ... ... ... ... 
20000fb0:	20000fa8 20000fa8 20000fb0 20000fb0     ... ... ... ... 
20000fc0:	20000fb8 20000fb8 20000fc0 20000fc0     ... ... ... ... 
20000fd0:	20000fc8 20000fc8 20000fd0 20000fd0     ... ... ... ... 
20000fe0:	20000fd8 20000fd8 20000fe0 20000fe0     ... ... ... ... 
20000ff0:	20000fe8 20000fe8 20000ff0 20000ff0     ... ... ... ... 
20001000:	20000ff8 20000ff8 20001000 20001000     ... ... ... ... 
20001010:	20001008 20001008 20001010 20001010     ... ... ... ... 
20001020:	20001018 20001018 20001020 20001020     ... ...  ..  .. 
20001030:	20001028 20001028 20001030 20001030     (.. (.. 0.. 0.. 
20001040:	20001038 20001038 20001040 20001040     8.. 8.. @.. @.. 
20001050:	20001048 20001048 20001050 20001050     H.. H.. P.. P.. 
20001060:	20001058 20001058 20001060 20001060     X.. X.. `.. `.. 
20001070:	20001068 20001068 20001070 20001070     h.. h.. p.. p.. 
20001080:	20001078 20001078 20001080 20001080     x.. x.. ... ... 
20001090:	20001088 20001088 20001090 20001090     ... ... ... ... 
200010a0:	20001098 20001098 200010a0 200010a0     ... ... ... ... 
200010b0:	200010a8 200010a8 200010b0 200010b0     ... ... ... ... 
200010c0:	200010b8 200010b8 200010c0 200010c0     ... ... ... ... 
200010d0:	200010c8 200010c8 200010d0 200010d0     ... ... ... ... 
200010e0:	200010d8 200010d8 200010e0 200010e0     ... ... ... ... 
200010f0:	200010e8 200010e8 200010f0 200010f0     ... ... ... ... 
20001100:	200010f8 200010f8 20001100 20001100     ... ... ... ... 
20001110:	20001108 20001108 20001110 20001110     ... ... ... ... 
20001120:	20001118 20001118 20001120 20001120     ... ...  ..  .. 
20001130:	20001128 20001128 20001130 20001130     (.. (.. 0.. 0.. 
20001140:	20001138 20001138 20001140 20001140     8.. 8.. @.. @.. 
20001150:	20001148 20001148 20001150 20001150     H.. H.. P.. P.. 
20001160:	20001158 20001158 20001160 20001160     X.. X.. `.. `.. 
20001170:	20001168 20001168 20001170 20001170     h.. h.. p.. p.. 
20001180:	20001178 20001178 20001180 20001180     x.. x.. ... ... 
20001190:	20001188 20001188 20001190 20001190     ... ... ... ... 
200011a0:	20001198 20001198 200011a0 200011a0     ... ... ... ... 
200011b0:	200011a8 200011a8 200011b0 200011b0     ... ... ... ... 
200011c0:	200011b8 200011b8 200011c0 200011c0     ... ... ... ... 
200011d0:	200011c8 200011c8 200011d0 200011d0     ... ... ... ... 
200011e0:	200011d8 200011d8 200011e0 200011e0     ... ... ... ... 
200011f0:	200011e8 200011e8 200011f0 200011f0     ... ... ... ... 
20001200:	200011f8 200011f8 20001200 20001200     ... ... ... ... 
20001210:	20001208 20001208 20001210 20001210     ... ... ... ... 
20001220:	20001218 20001218 20001220 20001220     ... ...  ..  .. 
20001230:	20001228 20001228 20001230 20001230     (.. (.. 0.. 0.. 
20001240:	20001238 20001238 20001240 20001240     8.. 8.. @.. @.. 
20001250:	20001248 20001248 20001250 20001250     H.. H.. P.. P.. 
20001260:	20001258 20001258 20001260 20001260     X.. X.. `.. `.. 
20001270:	20001268 20001268 20001270 20001270     h.. h.. p.. p.. 
20001280:	20001278 20001278 20001280 20001280     x.. x.. ... ... 
20001290:	20001288 20001288 20001290 20001290     ... ... ... ... 
200012a0:	20001298 20001298 200012a0 200012a0     ... ... ... ... 
200012b0:	200012a8 200012a8 200012b0 200012b0     ... ... ... ... 
200012c0:	200012b8 200012b8 200012c0 200012c0     ... ... ... ... 
200012d0:	200012c8 200012c8 200012d0 200012d0     ... ... ... ... 

200012e0 <_impure_ptr>:
200012e0:	200012e8 00000000                       ... ....

200012e8 <_impure_data>:
200012e8:	00000000 200016b0 20001718 20001780     ....... ... ... 
	...
20001380:	00000001 00000000 abcd330e e66d1234     .........3..4.m.
20001390:	0005deec 0000000b 00000000 00000000     ................
	...

20001428 <print_mutex>:
	...

20001430 <__mutex_array_end>:
20001430:	10002d0d 	.word	0x10002d0d
20001434:	100029c5 	.word	0x100029c5
20001438:	10002ae1 	.word	0x10002ae1
2000143c:	10002c85 	.word	0x10002c85

20001440 <__frame_dummy_init_array_entry>:
20001440:	100002e5 10003491                       .....4..
